motif_archetype	calderon_celltype	analysis_set	n_total	n_high	n_low	n_overlap	n_high_overlap	n_high_not_overlap	n_low_overlap	n_low_not_overlap	firth_status	converged	iterations	coefficient	standard_error	p_value	odds_ratio	ci_lower_95	ci_upper_95	log_likelihood_penalized	warning_text	model_context	analysis_version	pooling_strategy	global_fdr	cell_fdr
AHR	Follicular_T_Helper	strict_primary	2061	12	2049	0	0	12	0	2049	skip_motif_no_variation	False										Follicular_T_Helper	existing_single_source	single_source_no_pooling_correction		
AIRE	Follicular_T_Helper	strict_primary	2061	12	2049	0	0	12	0	2049	skip_motif_no_variation	False										Follicular_T_Helper	existing_single_source	single_source_no_pooling_correction		
AP1_1	Follicular_T_Helper	strict_primary	2061	12	2049	0	0	12	0	2049	skip_motif_no_variation	False										Follicular_T_Helper	existing_single_source	single_source_no_pooling_correction		
AP1_2	Follicular_T_Helper	strict_primary	2061	12	2049	0	0	12	0	2049	skip_motif_no_variation	False										Follicular_T_Helper	existing_single_source	single_source_no_pooling_correction		
ARI5A	Follicular_T_Helper	strict_primary	2061	12	2049	0	0	12	0	2049	skip_motif_no_variation	False										Follicular_T_Helper	existing_single_source	single_source_no_pooling_correction		
ARI5B	Follicular_T_Helper	strict_primary	2061	12	2049	0	0	12	0	2049	skip_motif_no_variation	False										Follicular_T_Helper	existing_single_source	single_source_no_pooling_correction		
BATF	Follicular_T_Helper	strict_primary	2061	12	2049	1	0	12	1	2048	firth_fit_ok	True	11.0	4.17936323159474		0.0835501011579278	65.3242435531649	0.423117619608693	1422.74867742618	-72.3912733551916		Follicular_T_Helper	existing_single_source	single_source_no_pooling_correction	0.253805468428383	0.167660685138141
BCL6_1	Follicular_T_Helper	strict_primary	2061	12	2049	0	0	12	0	2049	skip_motif_no_variation	False										Follicular_T_Helper	existing_single_source	single_source_no_pooling_correction		
BCL6_2	Follicular_T_Helper	strict_primary	2061	12	2049	0	0	12	0	2049	skip_motif_no_variation	False										Follicular_T_Helper	existing_single_source	single_source_no_pooling_correction		
CCAAT_CEBP	Follicular_T_Helper	strict_primary	2061	12	2049	0	0	12	0	2049	skip_motif_no_variation	False										Follicular_T_Helper	existing_single_source	single_source_no_pooling_correction		
CENBP	Follicular_T_Helper	strict_primary	2061	12	2049	0	0	12	0	2049	skip_motif_no_variation	False										Follicular_T_Helper	existing_single_source	single_source_no_pooling_correction		
CPEB1	Follicular_T_Helper	strict_primary	2061	12	2049	0	0	12	0	2049	skip_motif_no_variation	False										Follicular_T_Helper	existing_single_source	single_source_no_pooling_correction		
CREB3_XBP1	Follicular_T_Helper	strict_primary	2061	12	2049	0	0	12	0	2049	skip_motif_no_variation	False										Follicular_T_Helper	existing_single_source	single_source_no_pooling_correction		
CREB_ATF_1	Follicular_T_Helper	strict_primary	2061	12	2049	0	0	12	0	2049	skip_motif_no_variation	False										Follicular_T_Helper	existing_single_source	single_source_no_pooling_correction		
CREB_ATF_2	Follicular_T_Helper	strict_primary	2061	12	2049	0	0	12	0	2049	skip_motif_no_variation	False										Follicular_T_Helper	existing_single_source	single_source_no_pooling_correction		
CREB_ATF_3	Follicular_T_Helper	strict_primary	2061	12	2049	0	0	12	0	2049	skip_motif_no_variation	False										Follicular_T_Helper	existing_single_source	single_source_no_pooling_correction		
CTCF	Follicular_T_Helper	strict_primary	2061	12	2049	0	0	12	0	2049	skip_motif_no_variation	False										Follicular_T_Helper	existing_single_source	single_source_no_pooling_correction		
CUX_1	Follicular_T_Helper	strict_primary	2061	12	2049	0	0	12	0	2049	skip_motif_no_variation	False										Follicular_T_Helper	existing_single_source	single_source_no_pooling_correction		
CUX_2	Follicular_T_Helper	strict_primary	2061	12	2049	0	0	12	0	2049	skip_motif_no_variation	False										Follicular_T_Helper	existing_single_source	single_source_no_pooling_correction		
CUX_3	Follicular_T_Helper	strict_primary	2061	12	2049	0	0	12	0	2049	skip_motif_no_variation	False										Follicular_T_Helper	existing_single_source	single_source_no_pooling_correction		
CUX_4	Follicular_T_Helper	strict_primary	2061	12	2049	0	0	12	0	2049	skip_motif_no_variation	False										Follicular_T_Helper	existing_single_source	single_source_no_pooling_correction		
DDIT3+CEBPA	Follicular_T_Helper	strict_primary	2061	12	2049	0	0	12	0	2049	skip_motif_no_variation	False										Follicular_T_Helper	existing_single_source	single_source_no_pooling_correction		
DMRT1	Follicular_T_Helper	strict_primary	2061	12	2049	0	0	12	0	2049	skip_motif_no_variation	False										Follicular_T_Helper	existing_single_source	single_source_no_pooling_correction		
DMRT3	Follicular_T_Helper	strict_primary	2061	12	2049	0	0	12	0	2049	skip_motif_no_variation	False										Follicular_T_Helper	existing_single_source	single_source_no_pooling_correction		
E2F_1	Follicular_T_Helper	strict_primary	2061	12	2049	0	0	12	0	2049	skip_motif_no_variation	False										Follicular_T_Helper	existing_single_source	single_source_no_pooling_correction		
E2F_2	Follicular_T_Helper	strict_primary	2061	12	2049	0	0	12	0	2049	skip_motif_no_variation	False										Follicular_T_Helper	existing_single_source	single_source_no_pooling_correction		
E2F_3	Follicular_T_Helper	strict_primary	2061	12	2049	0	0	12	0	2049	skip_motif_no_variation	False										Follicular_T_Helper	existing_single_source	single_source_no_pooling_correction		
E2F_4	Follicular_T_Helper	strict_primary	2061	12	2049	0	0	12	0	2049	skip_motif_no_variation	False										Follicular_T_Helper	existing_single_source	single_source_no_pooling_correction		
EBF1	Follicular_T_Helper	strict_primary	2061	12	2049	0	0	12	0	2049	skip_motif_no_variation	False										Follicular_T_Helper	existing_single_source	single_source_no_pooling_correction		
EGR	Follicular_T_Helper	strict_primary	2061	12	2049	0	0	12	0	2049	skip_motif_no_variation	False										Follicular_T_Helper	existing_single_source	single_source_no_pooling_correction		
ETS_1	Follicular_T_Helper	strict_primary	2061	12	2049	0	0	12	0	2049	skip_motif_no_variation	False										Follicular_T_Helper	existing_single_source	single_source_no_pooling_correction		
ETS_2	Follicular_T_Helper	strict_primary	2061	12	2049	0	0	12	0	2049	skip_motif_no_variation	False										Follicular_T_Helper	existing_single_source	single_source_no_pooling_correction		
EVI1_MECOM	Follicular_T_Helper	strict_primary	2061	12	2049	0	0	12	0	2049	skip_motif_no_variation	False										Follicular_T_Helper	existing_single_source	single_source_no_pooling_correction		
EWSR1_FLI1	Follicular_T_Helper	strict_primary	2061	12	2049	0	0	12	0	2049	skip_motif_no_variation	False										Follicular_T_Helper	existing_single_source	single_source_no_pooling_correction		
Ebox_CACCTG	Follicular_T_Helper	strict_primary	2061	12	2049	0	0	12	0	2049	skip_motif_no_variation	False										Follicular_T_Helper	existing_single_source	single_source_no_pooling_correction		
Ebox_CACGTG_1	Follicular_T_Helper	strict_primary	2061	12	2049	0	0	12	0	2049	skip_motif_no_variation	False										Follicular_T_Helper	existing_single_source	single_source_no_pooling_correction		
Ebox_CACGTG_2	Follicular_T_Helper	strict_primary	2061	12	2049	0	0	12	0	2049	skip_motif_no_variation	False										Follicular_T_Helper	existing_single_source	single_source_no_pooling_correction		
Ebox_CAGATGG	Follicular_T_Helper	strict_primary	2061	12	2049	0	0	12	0	2049	skip_motif_no_variation	False										Follicular_T_Helper	existing_single_source	single_source_no_pooling_correction		
Ebox_CAGCTG	Follicular_T_Helper	strict_primary	2061	12	2049	0	0	12	0	2049	skip_motif_no_variation	False										Follicular_T_Helper	existing_single_source	single_source_no_pooling_correction		
Ebox_CATATG	Follicular_T_Helper	strict_primary	2061	12	2049	0	0	12	0	2049	skip_motif_no_variation	False										Follicular_T_Helper	existing_single_source	single_source_no_pooling_correction		
FEZF1	Follicular_T_Helper	strict_primary	2061	12	2049	0	0	12	0	2049	skip_motif_no_variation	False										Follicular_T_Helper	existing_single_source	single_source_no_pooling_correction		
FOX_1	Follicular_T_Helper	strict_primary	2061	12	2049	0	0	12	0	2049	skip_motif_no_variation	False										Follicular_T_Helper	existing_single_source	single_source_no_pooling_correction		
FOX_2	Follicular_T_Helper	strict_primary	2061	12	2049	0	0	12	0	2049	skip_motif_no_variation	False										Follicular_T_Helper	existing_single_source	single_source_no_pooling_correction		
FOX_3	Follicular_T_Helper	strict_primary	2061	12	2049	0	0	12	0	2049	skip_motif_no_variation	False										Follicular_T_Helper	existing_single_source	single_source_no_pooling_correction		
FOX_4	Follicular_T_Helper	strict_primary	2061	12	2049	0	0	12	0	2049	skip_motif_no_variation	False										Follicular_T_Helper	existing_single_source	single_source_no_pooling_correction		
FOX_5	Follicular_T_Helper	strict_primary	2061	12	2049	0	0	12	0	2049	skip_motif_no_variation	False										Follicular_T_Helper	existing_single_source	single_source_no_pooling_correction		
FOX_6	Follicular_T_Helper	strict_primary	2061	12	2049	0	0	12	0	2049	skip_motif_no_variation	False										Follicular_T_Helper	existing_single_source	single_source_no_pooling_correction		
FOX_7	Follicular_T_Helper	strict_primary	2061	12	2049	0	0	12	0	2049	skip_motif_no_variation	False										Follicular_T_Helper	existing_single_source	single_source_no_pooling_correction		
FOX_8	Follicular_T_Helper	strict_primary	2061	12	2049	0	0	12	0	2049	skip_motif_no_variation	False										Follicular_T_Helper	existing_single_source	single_source_no_pooling_correction		
FOX_9	Follicular_T_Helper	strict_primary	2061	12	2049	0	0	12	0	2049	skip_motif_no_variation	False										Follicular_T_Helper	existing_single_source	single_source_no_pooling_correction		
GATA	Follicular_T_Helper	strict_primary	2061	12	2049	0	0	12	0	2049	skip_motif_no_variation	False										Follicular_T_Helper	existing_single_source	single_source_no_pooling_correction		
GC-tract	Follicular_T_Helper	strict_primary	2061	12	2049	5	0	12	5	2044	firth_fit_ok	True	11.0	2.84851493888195		0.17845259756536	17.262127481799	0.123245546703394	201.832503243848	-71.5900812240345		Follicular_T_Helper	existing_single_source	single_source_no_pooling_correction	0.307402933477315	0.2230657469567
GCM	Follicular_T_Helper	strict_primary	2061	12	2049	0	0	12	0	2049	skip_motif_no_variation	False										Follicular_T_Helper	existing_single_source	single_source_no_pooling_correction		
GFI	Follicular_T_Helper	strict_primary	2061	12	2049	0	0	12	0	2049	skip_motif_no_variation	False										Follicular_T_Helper	existing_single_source	single_source_no_pooling_correction		
GLI	Follicular_T_Helper	strict_primary	2061	12	2049	0	0	12	0	2049	skip_motif_no_variation	False										Follicular_T_Helper	existing_single_source	single_source_no_pooling_correction		
GLIS	Follicular_T_Helper	strict_primary	2061	12	2049	0	0	12	0	2049	skip_motif_no_variation	False										Follicular_T_Helper	existing_single_source	single_source_no_pooling_correction		
GMEB2_1	Follicular_T_Helper	strict_primary	2061	12	2049	0	0	12	0	2049	skip_motif_no_variation	False										Follicular_T_Helper	existing_single_source	single_source_no_pooling_correction		
GMEB2_2	Follicular_T_Helper	strict_primary	2061	12	2049	0	0	12	0	2049	skip_motif_no_variation	False										Follicular_T_Helper	existing_single_source	single_source_no_pooling_correction		
GMEB2_3	Follicular_T_Helper	strict_primary	2061	12	2049	0	0	12	0	2049	skip_motif_no_variation	False										Follicular_T_Helper	existing_single_source	single_source_no_pooling_correction		
GRHL	Follicular_T_Helper	strict_primary	2061	12	2049	0	0	12	0	2049	skip_motif_no_variation	False										Follicular_T_Helper	existing_single_source	single_source_no_pooling_correction		
HAND1	Follicular_T_Helper	strict_primary	2061	12	2049	0	0	12	0	2049	skip_motif_no_variation	False										Follicular_T_Helper	existing_single_source	single_source_no_pooling_correction		
HD_1	Follicular_T_Helper	strict_primary	2061	12	2049	0	0	12	0	2049	skip_motif_no_variation	False										Follicular_T_Helper	existing_single_source	single_source_no_pooling_correction		
HD_10	Follicular_T_Helper	strict_primary	2061	12	2049	0	0	12	0	2049	skip_motif_no_variation	False										Follicular_T_Helper	existing_single_source	single_source_no_pooling_correction		
HD_11	Follicular_T_Helper	strict_primary	2061	12	2049	0	0	12	0	2049	skip_motif_no_variation	False										Follicular_T_Helper	existing_single_source	single_source_no_pooling_correction		
HD_12	Follicular_T_Helper	strict_primary	2061	12	2049	0	0	12	0	2049	skip_motif_no_variation	False										Follicular_T_Helper	existing_single_source	single_source_no_pooling_correction		
HD_13	Follicular_T_Helper	strict_primary	2061	12	2049	0	0	12	0	2049	skip_motif_no_variation	False										Follicular_T_Helper	existing_single_source	single_source_no_pooling_correction		
HD_14	Follicular_T_Helper	strict_primary	2061	12	2049	0	0	12	0	2049	skip_motif_no_variation	False										Follicular_T_Helper	existing_single_source	single_source_no_pooling_correction		
HD_15	Follicular_T_Helper	strict_primary	2061	12	2049	0	0	12	0	2049	skip_motif_no_variation	False										Follicular_T_Helper	existing_single_source	single_source_no_pooling_correction		
HD_16	Follicular_T_Helper	strict_primary	2061	12	2049	0	0	12	0	2049	skip_motif_no_variation	False										Follicular_T_Helper	existing_single_source	single_source_no_pooling_correction		
HD_17	Follicular_T_Helper	strict_primary	2061	12	2049	0	0	12	0	2049	skip_motif_no_variation	False										Follicular_T_Helper	existing_single_source	single_source_no_pooling_correction		
HD_18	Follicular_T_Helper	strict_primary	2061	12	2049	0	0	12	0	2049	skip_motif_no_variation	False										Follicular_T_Helper	existing_single_source	single_source_no_pooling_correction		
HD_19	Follicular_T_Helper	strict_primary	2061	12	2049	0	0	12	0	2049	skip_motif_no_variation	False										Follicular_T_Helper	existing_single_source	single_source_no_pooling_correction		
HD_2	Follicular_T_Helper	strict_primary	2061	12	2049	0	0	12	0	2049	skip_motif_no_variation	False										Follicular_T_Helper	existing_single_source	single_source_no_pooling_correction		
HD_20	Follicular_T_Helper	strict_primary	2061	12	2049	0	0	12	0	2049	skip_motif_no_variation	False										Follicular_T_Helper	existing_single_source	single_source_no_pooling_correction		
HD_21	Follicular_T_Helper	strict_primary	2061	12	2049	0	0	12	0	2049	skip_motif_no_variation	False										Follicular_T_Helper	existing_single_source	single_source_no_pooling_correction		
HD_22	Follicular_T_Helper	strict_primary	2061	12	2049	1	0	12	1	2048	firth_fit_ok	True	11.0	3.95915644313736		0.09953258834629	52.4130938705587	0.316449979422486	1366.32100610349	-72.3924324142399		Follicular_T_Helper	existing_single_source	single_source_no_pooling_correction	0.256460390795695	0.167660685138141
HD_23	Follicular_T_Helper	strict_primary	2061	12	2049	0	0	12	0	2049	skip_motif_no_variation	False										Follicular_T_Helper	existing_single_source	single_source_no_pooling_correction		
HD_24	Follicular_T_Helper	strict_primary	2061	12	2049	0	0	12	0	2049	skip_motif_no_variation	False										Follicular_T_Helper	existing_single_source	single_source_no_pooling_correction		
HD_25	Follicular_T_Helper	strict_primary	2061	12	2049	0	0	12	0	2049	skip_motif_no_variation	False										Follicular_T_Helper	existing_single_source	single_source_no_pooling_correction		
HD_3	Follicular_T_Helper	strict_primary	2061	12	2049	0	0	12	0	2049	skip_motif_no_variation	False										Follicular_T_Helper	existing_single_source	single_source_no_pooling_correction		
HD_4	Follicular_T_Helper	strict_primary	2061	12	2049	0	0	12	0	2049	skip_motif_no_variation	False										Follicular_T_Helper	existing_single_source	single_source_no_pooling_correction		
HD_5	Follicular_T_Helper	strict_primary	2061	12	2049	0	0	12	0	2049	skip_motif_no_variation	False										Follicular_T_Helper	existing_single_source	single_source_no_pooling_correction		
HD_6	Follicular_T_Helper	strict_primary	2061	12	2049	0	0	12	0	2049	skip_motif_no_variation	False										Follicular_T_Helper	existing_single_source	single_source_no_pooling_correction		
HD_7	Follicular_T_Helper	strict_primary	2061	12	2049	0	0	12	0	2049	skip_motif_no_variation	False										Follicular_T_Helper	existing_single_source	single_source_no_pooling_correction		
HD_8	Follicular_T_Helper	strict_primary	2061	12	2049	0	0	12	0	2049	skip_motif_no_variation	False										Follicular_T_Helper	existing_single_source	single_source_no_pooling_correction		
HD_9	Follicular_T_Helper	strict_primary	2061	12	2049	0	0	12	0	2049	skip_motif_no_variation	False										Follicular_T_Helper	existing_single_source	single_source_no_pooling_correction		
HEN1	Follicular_T_Helper	strict_primary	2061	12	2049	0	0	12	0	2049	skip_motif_no_variation	False										Follicular_T_Helper	existing_single_source	single_source_no_pooling_correction		
HIC_1	Follicular_T_Helper	strict_primary	2061	12	2049	1	0	12	1	2048	firth_fit_ok	True	11.0	3.95915644313736		0.09953258834629	52.4130938705587	0.316449979422486	1366.32100610349	-72.3924324142399		Follicular_T_Helper	existing_single_source	single_source_no_pooling_correction	0.256460390795695	0.167660685138141
HIC_2	Follicular_T_Helper	strict_primary	2061	12	2049	0	0	12	0	2049	skip_motif_no_variation	False										Follicular_T_Helper	existing_single_source	single_source_no_pooling_correction		
HIF	Follicular_T_Helper	strict_primary	2061	12	2049	0	0	12	0	2049	skip_motif_no_variation	False										Follicular_T_Helper	existing_single_source	single_source_no_pooling_correction		
HINFP1_1	Follicular_T_Helper	strict_primary	2061	12	2049	0	0	12	0	2049	skip_motif_no_variation	False										Follicular_T_Helper	existing_single_source	single_source_no_pooling_correction		
HINFP1_2	Follicular_T_Helper	strict_primary	2061	12	2049	0	0	12	0	2049	skip_motif_no_variation	False										Follicular_T_Helper	existing_single_source	single_source_no_pooling_correction		
HINFP1_3	Follicular_T_Helper	strict_primary	2061	12	2049	0	0	12	0	2049	skip_motif_no_variation	False										Follicular_T_Helper	existing_single_source	single_source_no_pooling_correction		
HLTF	Follicular_T_Helper	strict_primary	2061	12	2049	0	0	12	0	2049	skip_motif_no_variation	False										Follicular_T_Helper	existing_single_source	single_source_no_pooling_correction		
HOMEZ	Follicular_T_Helper	strict_primary	2061	12	2049	0	0	12	0	2049	skip_motif_no_variation	False										Follicular_T_Helper	existing_single_source	single_source_no_pooling_correction		
HSF	Follicular_T_Helper	strict_primary	2061	12	2049	0	0	12	0	2049	skip_motif_no_variation	False										Follicular_T_Helper	existing_single_source	single_source_no_pooling_correction		
HSFY2	Follicular_T_Helper	strict_primary	2061	12	2049	0	0	12	0	2049	skip_motif_no_variation	False										Follicular_T_Helper	existing_single_source	single_source_no_pooling_correction		
INSM1	Follicular_T_Helper	strict_primary	2061	12	2049	0	0	12	0	2049	skip_motif_no_variation	False										Follicular_T_Helper	existing_single_source	single_source_no_pooling_correction		
IRF_1	Follicular_T_Helper	strict_primary	2061	12	2049	0	0	12	0	2049	skip_motif_no_variation	False										Follicular_T_Helper	existing_single_source	single_source_no_pooling_correction		
IRF_2	Follicular_T_Helper	strict_primary	2061	12	2049	0	0	12	0	2049	skip_motif_no_variation	False										Follicular_T_Helper	existing_single_source	single_source_no_pooling_correction		
IRF_3	Follicular_T_Helper	strict_primary	2061	12	2049	0	0	12	0	2049	skip_motif_no_variation	False										Follicular_T_Helper	existing_single_source	single_source_no_pooling_correction		
IRF_4	Follicular_T_Helper	strict_primary	2061	12	2049	0	0	12	0	2049	skip_motif_no_variation	False										Follicular_T_Helper	existing_single_source	single_source_no_pooling_correction		
KAISO	Follicular_T_Helper	strict_primary	2061	12	2049	0	0	12	0	2049	skip_motif_no_variation	False										Follicular_T_Helper	existing_single_source	single_source_no_pooling_correction		
KLF_SP_1	Follicular_T_Helper	strict_primary	2061	12	2049	0	0	12	0	2049	skip_motif_no_variation	False										Follicular_T_Helper	existing_single_source	single_source_no_pooling_correction		
KLF_SP_2	Follicular_T_Helper	strict_primary	2061	12	2049	2	0	12	2	2047	firth_fit_ok	True	11.0	3.45410626307385		0.125314590940132	31.6300071406722	0.217702748329752	455.749096691635	-72.0449820913439		Follicular_T_Helper	existing_single_source	single_source_no_pooling_correction	0.261831745494168	0.184286163147253
KLF_SP_3	Follicular_T_Helper	strict_primary	2061	12	2049	0	0	12	0	2049	skip_motif_no_variation	False										Follicular_T_Helper	existing_single_source	single_source_no_pooling_correction		
LEF1	Follicular_T_Helper	strict_primary	2061	12	2049	0	0	12	0	2049	skip_motif_no_variation	False										Follicular_T_Helper	existing_single_source	single_source_no_pooling_correction		
LIN54	Follicular_T_Helper	strict_primary	2061	12	2049	0	0	12	0	2049	skip_motif_no_variation	False										Follicular_T_Helper	existing_single_source	single_source_no_pooling_correction		
MAF	Follicular_T_Helper	strict_primary	2061	12	2049	0	0	12	0	2049	skip_motif_no_variation	False										Follicular_T_Helper	existing_single_source	single_source_no_pooling_correction		
MBD2	Follicular_T_Helper	strict_primary	2061	12	2049	0	0	12	0	2049	skip_motif_no_variation	False										Follicular_T_Helper	existing_single_source	single_source_no_pooling_correction		
MECP2	Follicular_T_Helper	strict_primary	2061	12	2049	0	0	12	0	2049	skip_motif_no_variation	False										Follicular_T_Helper	existing_single_source	single_source_no_pooling_correction		
MEF2	Follicular_T_Helper	strict_primary	2061	12	2049	0	0	12	0	2049	skip_motif_no_variation	False										Follicular_T_Helper	existing_single_source	single_source_no_pooling_correction		
MFZ1	Follicular_T_Helper	strict_primary	2061	12	2049	0	0	12	0	2049	skip_motif_no_variation	False										Follicular_T_Helper	existing_single_source	single_source_no_pooling_correction		
MIES	Follicular_T_Helper	strict_primary	2061	12	2049	0	0	12	0	2049	skip_motif_no_variation	False										Follicular_T_Helper	existing_single_source	single_source_no_pooling_correction		
MTF1	Follicular_T_Helper	strict_primary	2061	12	2049	0	0	12	0	2049	skip_motif_no_variation	False										Follicular_T_Helper	existing_single_source	single_source_no_pooling_correction		
MYB_1	Follicular_T_Helper	strict_primary	2061	12	2049	0	0	12	0	2049	skip_motif_no_variation	False										Follicular_T_Helper	existing_single_source	single_source_no_pooling_correction		
MYB_2	Follicular_T_Helper	strict_primary	2061	12	2049	0	0	12	0	2049	skip_motif_no_variation	False										Follicular_T_Helper	existing_single_source	single_source_no_pooling_correction		
MYB_3	Follicular_T_Helper	strict_primary	2061	12	2049	0	0	12	0	2049	skip_motif_no_variation	False										Follicular_T_Helper	existing_single_source	single_source_no_pooling_correction		
MYB_4	Follicular_T_Helper	strict_primary	2061	12	2049	0	0	12	0	2049	skip_motif_no_variation	False										Follicular_T_Helper	existing_single_source	single_source_no_pooling_correction		
MYB_5	Follicular_T_Helper	strict_primary	2061	12	2049	0	0	12	0	2049	skip_motif_no_variation	False										Follicular_T_Helper	existing_single_source	single_source_no_pooling_correction		
MZF1	Follicular_T_Helper	strict_primary	2061	12	2049	0	0	12	0	2049	skip_motif_no_variation	False										Follicular_T_Helper	existing_single_source	single_source_no_pooling_correction		
NFAC_2	Follicular_T_Helper	strict_primary	2061	12	2049	0	0	12	0	2049	skip_motif_no_variation	False										Follicular_T_Helper	existing_single_source	single_source_no_pooling_correction		
NFAT_1	Follicular_T_Helper	strict_primary	2061	12	2049	1	0	12	1	2048	firth_fit_ok	True	11.0	4.28682185824202		0.0773908045140078	72.734938831098	0.480565839101282	1503.20700809877	-72.3908821485606		Follicular_T_Helper	existing_single_source	single_source_no_pooling_correction	0.253805468428383	0.167660685138141
NFAT_2	Follicular_T_Helper	strict_primary	2061	12	2049	0	0	12	0	2049	skip_motif_no_variation	False										Follicular_T_Helper	existing_single_source	single_source_no_pooling_correction		
NFAT_3	Follicular_T_Helper	strict_primary	2061	12	2049	0	0	12	0	2049	skip_motif_no_variation	False										Follicular_T_Helper	existing_single_source	single_source_no_pooling_correction		
NFAT_4	Follicular_T_Helper	strict_primary	2061	12	2049	0	0	12	0	2049	skip_motif_no_variation	False										Follicular_T_Helper	existing_single_source	single_source_no_pooling_correction		
NFI_1	Follicular_T_Helper	strict_primary	2061	12	2049	1	0	12	1	2048	firth_fit_ok	True	11.0	2.9503885251376		0.176163577026953	19.1133783137586	0.125236224286763	404.061644686335	-72.3921533964369		Follicular_T_Helper	existing_single_source	single_source_no_pooling_correction	0.304502677816348	0.2230657469567
NFI_2	Follicular_T_Helper	strict_primary	2061	12	2049	0	0	12	0	2049	skip_motif_no_variation	False										Follicular_T_Helper	existing_single_source	single_source_no_pooling_correction		
NFI_3	Follicular_T_Helper	strict_primary	2061	12	2049	1	0	12	1	2048	firth_fit_ok	True	11.0	4.26659464364233		0.0788641074357775	71.278493190925	0.465688494294283	1519.55787878531	-72.3910128609994		Follicular_T_Helper	existing_single_source	single_source_no_pooling_correction	0.253805468428383	0.167660685138141
NFKB_1	Follicular_T_Helper	strict_primary	2061	12	2049	0	0	12	0	2049	skip_motif_no_variation	False										Follicular_T_Helper	existing_single_source	single_source_no_pooling_correction		
NFKB_2	Follicular_T_Helper	strict_primary	2061	12	2049	0	0	12	0	2049	skip_motif_no_variation	False										Follicular_T_Helper	existing_single_source	single_source_no_pooling_correction		
NFKB_3	Follicular_T_Helper	strict_primary	2061	12	2049	0	0	12	0	2049	skip_motif_no_variation	False										Follicular_T_Helper	existing_single_source	single_source_no_pooling_correction		
NFY	Follicular_T_Helper	strict_primary	2061	12	2049	0	0	12	0	2049	skip_motif_no_variation	False										Follicular_T_Helper	existing_single_source	single_source_no_pooling_correction		
NR2E3	Follicular_T_Helper	strict_primary	2061	12	2049	0	0	12	0	2049	skip_motif_no_variation	False										Follicular_T_Helper	existing_single_source	single_source_no_pooling_correction		
NRF1	Follicular_T_Helper	strict_primary	2061	12	2049	0	0	12	0	2049	skip_motif_no_variation	False										Follicular_T_Helper	existing_single_source	single_source_no_pooling_correction		
NR_1	Follicular_T_Helper	strict_primary	2061	12	2049	0	0	12	0	2049	skip_motif_no_variation	False										Follicular_T_Helper	existing_single_source	single_source_no_pooling_correction		
NR_10	Follicular_T_Helper	strict_primary	2061	12	2049	0	0	12	0	2049	skip_motif_no_variation	False										Follicular_T_Helper	existing_single_source	single_source_no_pooling_correction		
NR_11	Follicular_T_Helper	strict_primary	2061	12	2049	0	0	12	0	2049	skip_motif_no_variation	False										Follicular_T_Helper	existing_single_source	single_source_no_pooling_correction		
NR_12	Follicular_T_Helper	strict_primary	2061	12	2049	0	0	12	0	2049	skip_motif_no_variation	False										Follicular_T_Helper	existing_single_source	single_source_no_pooling_correction		
NR_13	Follicular_T_Helper	strict_primary	2061	12	2049	0	0	12	0	2049	skip_motif_no_variation	False										Follicular_T_Helper	existing_single_source	single_source_no_pooling_correction		
NR_14	Follicular_T_Helper	strict_primary	2061	12	2049	0	0	12	0	2049	skip_motif_no_variation	False										Follicular_T_Helper	existing_single_source	single_source_no_pooling_correction		
NR_15	Follicular_T_Helper	strict_primary	2061	12	2049	1	0	12	1	2048	firth_fit_ok	True	11.0	2.19727585143416		0.295265336287902	9.00046147871232	0.0539096581245493	241.887929068846	-72.3930672503522		Follicular_T_Helper	existing_single_source	single_source_no_pooling_correction	0.399243183206491	0.320940582921633
NR_16	Follicular_T_Helper	strict_primary	2061	12	2049	2	0	12	2	2047	firth_fit_ok	True	11.0	4.04553133555938		0.087292934469404	57.1415393012941	0.393814763716206	854.004056485253	-72.0452557162789		Follicular_T_Helper	existing_single_source	single_source_no_pooling_correction	0.253805468428383	0.167660685138141
NR_17	Follicular_T_Helper	strict_primary	2061	12	2049	0	0	12	0	2049	skip_motif_no_variation	False										Follicular_T_Helper	existing_single_source	single_source_no_pooling_correction		
NR_18	Follicular_T_Helper	strict_primary	2061	12	2049	0	0	12	0	2049	skip_motif_no_variation	False										Follicular_T_Helper	existing_single_source	single_source_no_pooling_correction		
NR_19	Follicular_T_Helper	strict_primary	2061	12	2049	0	0	12	0	2049	skip_motif_no_variation	False										Follicular_T_Helper	existing_single_source	single_source_no_pooling_correction		
NR_2	Follicular_T_Helper	strict_primary	2061	12	2049	0	0	12	0	2049	skip_motif_no_variation	False										Follicular_T_Helper	existing_single_source	single_source_no_pooling_correction		
NR_20	Follicular_T_Helper	strict_primary	2061	12	2049	0	0	12	0	2049	skip_motif_no_variation	False										Follicular_T_Helper	existing_single_source	single_source_no_pooling_correction		
NR_3	Follicular_T_Helper	strict_primary	2061	12	2049	0	0	12	0	2049	skip_motif_no_variation	False										Follicular_T_Helper	existing_single_source	single_source_no_pooling_correction		
NR_4	Follicular_T_Helper	strict_primary	2061	12	2049	0	0	12	0	2049	skip_motif_no_variation	False										Follicular_T_Helper	existing_single_source	single_source_no_pooling_correction		
NR_5	Follicular_T_Helper	strict_primary	2061	12	2049	0	0	12	0	2049	skip_motif_no_variation	False										Follicular_T_Helper	existing_single_source	single_source_no_pooling_correction		
NR_6	Follicular_T_Helper	strict_primary	2061	12	2049	0	0	12	0	2049	skip_motif_no_variation	False										Follicular_T_Helper	existing_single_source	single_source_no_pooling_correction		
NR_7	Follicular_T_Helper	strict_primary	2061	12	2049	0	0	12	0	2049	skip_motif_no_variation	False										Follicular_T_Helper	existing_single_source	single_source_no_pooling_correction		
NR_8	Follicular_T_Helper	strict_primary	2061	12	2049	0	0	12	0	2049	skip_motif_no_variation	False										Follicular_T_Helper	existing_single_source	single_source_no_pooling_correction		
NR_9	Follicular_T_Helper	strict_primary	2061	12	2049	0	0	12	0	2049	skip_motif_no_variation	False										Follicular_T_Helper	existing_single_source	single_source_no_pooling_correction		
OCT4+SOX2	Follicular_T_Helper	strict_primary	2061	12	2049	0	0	12	0	2049	skip_motif_no_variation	False										Follicular_T_Helper	existing_single_source	single_source_no_pooling_correction		
OSR2	Follicular_T_Helper	strict_primary	2061	12	2049	0	0	12	0	2049	skip_motif_no_variation	False										Follicular_T_Helper	existing_single_source	single_source_no_pooling_correction		
OVOL1	Follicular_T_Helper	strict_primary	2061	12	2049	0	0	12	0	2049	skip_motif_no_variation	False										Follicular_T_Helper	existing_single_source	single_source_no_pooling_correction		
P53-like_1	Follicular_T_Helper	strict_primary	2061	12	2049	0	0	12	0	2049	skip_motif_no_variation	False										Follicular_T_Helper	existing_single_source	single_source_no_pooling_correction		
P53-like_2	Follicular_T_Helper	strict_primary	2061	12	2049	0	0	12	0	2049	skip_motif_no_variation	False										Follicular_T_Helper	existing_single_source	single_source_no_pooling_correction		
P53-like_3	Follicular_T_Helper	strict_primary	2061	12	2049	0	0	12	0	2049	skip_motif_no_variation	False										Follicular_T_Helper	existing_single_source	single_source_no_pooling_correction		
PAX-halfsite	Follicular_T_Helper	strict_primary	2061	12	2049	0	0	12	0	2049	skip_motif_no_variation	False										Follicular_T_Helper	existing_single_source	single_source_no_pooling_correction		
PAX_1	Follicular_T_Helper	strict_primary	2061	12	2049	0	0	12	0	2049	skip_motif_no_variation	False										Follicular_T_Helper	existing_single_source	single_source_no_pooling_correction		
PAX_2	Follicular_T_Helper	strict_primary	2061	12	2049	1	0	12	1	2048	firth_fit_ok	True	11.0	4.17936323159474		0.0835501011579278	65.3242435531649	0.423117619608693	1422.74867742618	-72.3912733551916		Follicular_T_Helper	existing_single_source	single_source_no_pooling_correction	0.253805468428383	0.167660685138141
PLAG1	Follicular_T_Helper	strict_primary	2061	12	2049	0	0	12	0	2049	skip_motif_no_variation	False										Follicular_T_Helper	existing_single_source	single_source_no_pooling_correction		
POU_1	Follicular_T_Helper	strict_primary	2061	12	2049	0	0	12	0	2049	skip_motif_no_variation	False										Follicular_T_Helper	existing_single_source	single_source_no_pooling_correction		
POU_2	Follicular_T_Helper	strict_primary	2061	12	2049	0	0	12	0	2049	skip_motif_no_variation	False										Follicular_T_Helper	existing_single_source	single_source_no_pooling_correction		
POU_3	Follicular_T_Helper	strict_primary	2061	12	2049	0	0	12	0	2049	skip_motif_no_variation	False										Follicular_T_Helper	existing_single_source	single_source_no_pooling_correction		
PRDM1	Follicular_T_Helper	strict_primary	2061	12	2049	0	0	12	0	2049	skip_motif_no_variation	False										Follicular_T_Helper	existing_single_source	single_source_no_pooling_correction		
PRDM14	Follicular_T_Helper	strict_primary	2061	12	2049	0	0	12	0	2049	skip_motif_no_variation	False										Follicular_T_Helper	existing_single_source	single_source_no_pooling_correction		
PRDM16	Follicular_T_Helper	strict_primary	2061	12	2049	0	0	12	0	2049	skip_motif_no_variation	False										Follicular_T_Helper	existing_single_source	single_source_no_pooling_correction		
PRDM4	Follicular_T_Helper	strict_primary	2061	12	2049	0	0	12	0	2049	skip_motif_no_variation	False										Follicular_T_Helper	existing_single_source	single_source_no_pooling_correction		
PRDM5	Follicular_T_Helper	strict_primary	2061	12	2049	0	0	12	0	2049	skip_motif_no_variation	False										Follicular_T_Helper	existing_single_source	single_source_no_pooling_correction		
PRDM9	Follicular_T_Helper	strict_primary	2061	12	2049	0	0	12	0	2049	skip_motif_no_variation	False										Follicular_T_Helper	existing_single_source	single_source_no_pooling_correction		
PROX1	Follicular_T_Helper	strict_primary	2061	12	2049	0	0	12	0	2049	skip_motif_no_variation	False										Follicular_T_Helper	existing_single_source	single_source_no_pooling_correction		
RBPJ	Follicular_T_Helper	strict_primary	2061	12	2049	0	0	12	0	2049	skip_motif_no_variation	False										Follicular_T_Helper	existing_single_source	single_source_no_pooling_correction		
REL-halfsite	Follicular_T_Helper	strict_primary	2061	12	2049	0	0	12	0	2049	skip_motif_no_variation	False										Follicular_T_Helper	existing_single_source	single_source_no_pooling_correction		
REST_NRSF	Follicular_T_Helper	strict_primary	2061	12	2049	0	0	12	0	2049	skip_motif_no_variation	False										Follicular_T_Helper	existing_single_source	single_source_no_pooling_correction		
RFX_1	Follicular_T_Helper	strict_primary	2061	12	2049	0	0	12	0	2049	skip_motif_no_variation	False										Follicular_T_Helper	existing_single_source	single_source_no_pooling_correction		
RFX_2	Follicular_T_Helper	strict_primary	2061	12	2049	0	0	12	0	2049	skip_motif_no_variation	False										Follicular_T_Helper	existing_single_source	single_source_no_pooling_correction		
RFX_3	Follicular_T_Helper	strict_primary	2061	12	2049	0	0	12	0	2049	skip_motif_no_variation	False										Follicular_T_Helper	existing_single_source	single_source_no_pooling_correction		
RUNX_1	Follicular_T_Helper	strict_primary	2061	12	2049	0	0	12	0	2049	skip_motif_no_variation	False										Follicular_T_Helper	existing_single_source	single_source_no_pooling_correction		
RUNX_2	Follicular_T_Helper	strict_primary	2061	12	2049	0	0	12	0	2049	skip_motif_no_variation	False										Follicular_T_Helper	existing_single_source	single_source_no_pooling_correction		
SCRT1	Follicular_T_Helper	strict_primary	2061	12	2049	0	0	12	0	2049	skip_motif_no_variation	False										Follicular_T_Helper	existing_single_source	single_source_no_pooling_correction		
SIX_1	Follicular_T_Helper	strict_primary	2061	12	2049	0	0	12	0	2049	skip_motif_no_variation	False										Follicular_T_Helper	existing_single_source	single_source_no_pooling_correction		
SIX_2	Follicular_T_Helper	strict_primary	2061	12	2049	0	0	12	0	2049	skip_motif_no_variation	False										Follicular_T_Helper	existing_single_source	single_source_no_pooling_correction		
SMAD_1	Follicular_T_Helper	strict_primary	2061	12	2049	0	0	12	0	2049	skip_motif_no_variation	False										Follicular_T_Helper	existing_single_source	single_source_no_pooling_correction		
SMAD_2	Follicular_T_Helper	strict_primary	2061	12	2049	1	0	12	1	2048	firth_fit_ok	True	11.0	3.85841961568793		0.101946513991598	47.3903971160464	0.304622113061456	1056.88808597805	-72.3913623215382		Follicular_T_Helper	existing_single_source	single_source_no_pooling_correction	0.256460390795695	0.167660685138141
SMAD_3	Follicular_T_Helper	strict_primary	2061	12	2049	0	0	12	0	2049	skip_motif_no_variation	False										Follicular_T_Helper	existing_single_source	single_source_no_pooling_correction		
SMARCA1	Follicular_T_Helper	strict_primary	2061	12	2049	1	0	12	1	2048	firth_fit_ok	True	11.0	4.71749062691729		0.0629122194739971	111.887133537735	0.678813553761771	2892.22440395086	-72.3921375389603		Follicular_T_Helper	existing_single_source	single_source_no_pooling_correction	0.253805468428383	0.167660685138141
SMARCA5	Follicular_T_Helper	strict_primary	2061	12	2049	0	0	12	0	2049	skip_motif_no_variation	False										Follicular_T_Helper	existing_single_source	single_source_no_pooling_correction		
SNAI2	Follicular_T_Helper	strict_primary	2061	12	2049	0	0	12	0	2049	skip_motif_no_variation	False										Follicular_T_Helper	existing_single_source	single_source_no_pooling_correction		
SOX_1	Follicular_T_Helper	strict_primary	2061	12	2049	2	0	12	2	2047	firth_fit_ok	True	12.0	2.59263504191704		0.219167024551597	13.3649424280631	0.0882096919030645	242.137845988738	-72.0455731035825		Follicular_T_Helper	existing_single_source	single_source_no_pooling_correction	0.332136540104305	0.260913124466187
SOX_2	Follicular_T_Helper	strict_primary	2061	12	2049	0	0	12	0	2049	skip_motif_no_variation	False										Follicular_T_Helper	existing_single_source	single_source_no_pooling_correction		
SOX_3	Follicular_T_Helper	strict_primary	2061	12	2049	0	0	12	0	2049	skip_motif_no_variation	False										Follicular_T_Helper	existing_single_source	single_source_no_pooling_correction		
SOX_4	Follicular_T_Helper	strict_primary	2061	12	2049	0	0	12	0	2049	skip_motif_no_variation	False										Follicular_T_Helper	existing_single_source	single_source_no_pooling_correction		
SOX_5	Follicular_T_Helper	strict_primary	2061	12	2049	0	0	12	0	2049	skip_motif_no_variation	False										Follicular_T_Helper	existing_single_source	single_source_no_pooling_correction		
SOX_6	Follicular_T_Helper	strict_primary	2061	12	2049	0	0	12	0	2049	skip_motif_no_variation	False										Follicular_T_Helper	existing_single_source	single_source_no_pooling_correction		
SOX_7	Follicular_T_Helper	strict_primary	2061	12	2049	0	0	12	0	2049	skip_motif_no_variation	False										Follicular_T_Helper	existing_single_source	single_source_no_pooling_correction		
SOX_8	Follicular_T_Helper	strict_primary	2061	12	2049	0	0	12	0	2049	skip_motif_no_variation	False										Follicular_T_Helper	existing_single_source	single_source_no_pooling_correction		
SPDEF_1	Follicular_T_Helper	strict_primary	2061	12	2049	0	0	12	0	2049	skip_motif_no_variation	False										Follicular_T_Helper	existing_single_source	single_source_no_pooling_correction		
SPDEF_2	Follicular_T_Helper	strict_primary	2061	12	2049	0	0	12	0	2049	skip_motif_no_variation	False										Follicular_T_Helper	existing_single_source	single_source_no_pooling_correction		
SPI	Follicular_T_Helper	strict_primary	2061	12	2049	0	0	12	0	2049	skip_motif_no_variation	False										Follicular_T_Helper	existing_single_source	single_source_no_pooling_correction		
SPZ1	Follicular_T_Helper	strict_primary	2061	12	2049	0	0	12	0	2049	skip_motif_no_variation	False										Follicular_T_Helper	existing_single_source	single_source_no_pooling_correction		
SREBF1	Follicular_T_Helper	strict_primary	2061	12	2049	0	0	12	0	2049	skip_motif_no_variation	False										Follicular_T_Helper	existing_single_source	single_source_no_pooling_correction		
SRF	Follicular_T_Helper	strict_primary	2061	12	2049	0	0	12	0	2049	skip_motif_no_variation	False										Follicular_T_Helper	existing_single_source	single_source_no_pooling_correction		
STAT_1	Follicular_T_Helper	strict_primary	2061	12	2049	0	0	12	0	2049	skip_motif_no_variation	False										Follicular_T_Helper	existing_single_source	single_source_no_pooling_correction		
STAT_2	Follicular_T_Helper	strict_primary	2061	12	2049	0	0	12	0	2049	skip_motif_no_variation	False										Follicular_T_Helper	existing_single_source	single_source_no_pooling_correction		
TATA	Follicular_T_Helper	strict_primary	2061	12	2049	0	0	12	0	2049	skip_motif_no_variation	False										Follicular_T_Helper	existing_single_source	single_source_no_pooling_correction		
TBX_1	Follicular_T_Helper	strict_primary	2061	12	2049	0	0	12	0	2049	skip_motif_no_variation	False										Follicular_T_Helper	existing_single_source	single_source_no_pooling_correction		
TBX_2	Follicular_T_Helper	strict_primary	2061	12	2049	0	0	12	0	2049	skip_motif_no_variation	False										Follicular_T_Helper	existing_single_source	single_source_no_pooling_correction		
TBX_3	Follicular_T_Helper	strict_primary	2061	12	2049	0	0	12	0	2049	skip_motif_no_variation	False										Follicular_T_Helper	existing_single_source	single_source_no_pooling_correction		
TBX_4	Follicular_T_Helper	strict_primary	2061	12	2049	2	0	12	2	2047	firth_fit_ok	True	11.0	2.29135728974985		0.273003764806179	9.88834993296513	0.0614633684769754	177.454303339646	-72.0467506332067		Follicular_T_Helper	existing_single_source	single_source_no_pooling_correction	0.374171372472774	0.310231550916113
TCF_LEF	Follicular_T_Helper	strict_primary	2061	12	2049	0	0	12	0	2049	skip_motif_no_variation	False										Follicular_T_Helper	existing_single_source	single_source_no_pooling_correction		
TEAD	Follicular_T_Helper	strict_primary	2061	12	2049	0	0	12	0	2049	skip_motif_no_variation	False										Follicular_T_Helper	existing_single_source	single_source_no_pooling_correction		
TFAP2_1	Follicular_T_Helper	strict_primary	2061	12	2049	0	0	12	0	2049	skip_motif_no_variation	False										Follicular_T_Helper	existing_single_source	single_source_no_pooling_correction		
TFAP2_2	Follicular_T_Helper	strict_primary	2061	12	2049	0	0	12	0	2049	skip_motif_no_variation	False										Follicular_T_Helper	existing_single_source	single_source_no_pooling_correction		
TFCP2	Follicular_T_Helper	strict_primary	2061	12	2049	1	0	12	1	2048	firth_fit_ok	True	11.0	1.77107559508162		0.373647909025904	5.87717141961008	0.0371133082204099	137.089108590913	-72.3941408419641		Follicular_T_Helper	existing_single_source	single_source_no_pooling_correction	0.465557391204129	0.389216571901983
THAP1	Follicular_T_Helper	strict_primary	2061	12	2049	0	0	12	0	2049	skip_motif_no_variation	False										Follicular_T_Helper	existing_single_source	single_source_no_pooling_correction		
YY1	Follicular_T_Helper	strict_primary	2061	12	2049	0	0	12	0	2049	skip_motif_no_variation	False										Follicular_T_Helper	existing_single_source	single_source_no_pooling_correction		
ZBED1	Follicular_T_Helper	strict_primary	2061	12	2049	0	0	12	0	2049	skip_motif_no_variation	False										Follicular_T_Helper	existing_single_source	single_source_no_pooling_correction		
ZBTB14	Follicular_T_Helper	strict_primary	2061	12	2049	0	0	12	0	2049	skip_motif_no_variation	False										Follicular_T_Helper	existing_single_source	single_source_no_pooling_correction		
ZBTB48	Follicular_T_Helper	strict_primary	2061	12	2049	0	0	12	0	2049	skip_motif_no_variation	False										Follicular_T_Helper	existing_single_source	single_source_no_pooling_correction		
ZBTB49	Follicular_T_Helper	strict_primary	2061	12	2049	0	0	12	0	2049	skip_motif_no_variation	False										Follicular_T_Helper	existing_single_source	single_source_no_pooling_correction		
ZBTB6	Follicular_T_Helper	strict_primary	2061	12	2049	1	0	12	1	2048	firth_fit_ok	True	11.0	5.12917775601925		0.0480525000878447	168.878201856258	1.0696489084798	3930.82611103684	-72.3909753597804		Follicular_T_Helper	existing_single_source	single_source_no_pooling_correction	0.253805468428383	0.167660685138141
ZBTB7A	Follicular_T_Helper	strict_primary	2061	12	2049	0	0	12	0	2049	skip_motif_no_variation	False										Follicular_T_Helper	existing_single_source	single_source_no_pooling_correction		
ZFN121	Follicular_T_Helper	strict_primary	2061	12	2049	1	0	12	1	2048	firth_fit_ok	True	11.0	4.17936323159474		0.0835501011579278	65.3242435531649	0.423117619608693	1422.74867742618	-72.3912733551916		Follicular_T_Helper	existing_single_source	single_source_no_pooling_correction	0.253805468428383	0.167660685138141
ZFX	Follicular_T_Helper	strict_primary	2061	12	2049	0	0	12	0	2049	skip_motif_no_variation	False										Follicular_T_Helper	existing_single_source	single_source_no_pooling_correction		
ZIC	Follicular_T_Helper	strict_primary	2061	12	2049	0	0	12	0	2049	skip_motif_no_variation	False										Follicular_T_Helper	existing_single_source	single_source_no_pooling_correction		
ZIC_2	Follicular_T_Helper	strict_primary	2061	12	2049	0	0	12	0	2049	skip_motif_no_variation	False										Follicular_T_Helper	existing_single_source	single_source_no_pooling_correction		
ZIM3	Follicular_T_Helper	strict_primary	2061	12	2049	1	0	12	1	2048	firth_fit_ok	True	11.0	2.97354859849904		0.173094518208849	19.5612114644498	0.128877159132823	407.460557949154	-72.3917287036496		Follicular_T_Helper	existing_single_source	single_source_no_pooling_correction	0.300376612660508	0.2230657469567
ZKSCAN1	Follicular_T_Helper	strict_primary	2061	12	2049	0	0	12	0	2049	skip_motif_no_variation	False										Follicular_T_Helper	existing_single_source	single_source_no_pooling_correction		
ZNF134	Follicular_T_Helper	strict_primary	2061	12	2049	1	0	12	1	2048	firth_fit_ok	True	11.0	-0.489880737295677		0.779524578564994	0.612699462021974	0.0036688562255679	16.1755721168342	-72.3969006958139		Follicular_T_Helper	existing_single_source	single_source_no_pooling_correction	0.818582177491006	0.779524578564994
ZNF136	Follicular_T_Helper	strict_primary	2061	12	2049	0	0	12	0	2049	skip_motif_no_variation	False										Follicular_T_Helper	existing_single_source	single_source_no_pooling_correction		
ZNF140	Follicular_T_Helper	strict_primary	2061	12	2049	0	0	12	0	2049	skip_motif_no_variation	False										Follicular_T_Helper	existing_single_source	single_source_no_pooling_correction		
ZNF143_1	Follicular_T_Helper	strict_primary	2061	12	2049	0	0	12	0	2049	skip_motif_no_variation	False										Follicular_T_Helper	existing_single_source	single_source_no_pooling_correction		
ZNF143_2	Follicular_T_Helper	strict_primary	2061	12	2049	1	0	12	1	2048	firth_fit_ok	True	11.0	3.77046068003933		0.10730283848841	43.4000537697242	0.280079750009487	957.422155861432	-72.3914417381742		Follicular_T_Helper	existing_single_source	single_source_no_pooling_correction	0.256460390795695	0.167660685138141
ZNF146	Follicular_T_Helper	strict_primary	2061	12	2049	0	0	12	0	2049	skip_motif_no_variation	False										Follicular_T_Helper	existing_single_source	single_source_no_pooling_correction		
ZNF232	Follicular_T_Helper	strict_primary	2061	12	2049	0	0	12	0	2049	skip_motif_no_variation	False										Follicular_T_Helper	existing_single_source	single_source_no_pooling_correction		
ZNF24	Follicular_T_Helper	strict_primary	2061	12	2049	0	0	12	0	2049	skip_motif_no_variation	False										Follicular_T_Helper	existing_single_source	single_source_no_pooling_correction		
ZNF250	Follicular_T_Helper	strict_primary	2061	12	2049	0	0	12	0	2049	skip_motif_no_variation	False										Follicular_T_Helper	existing_single_source	single_source_no_pooling_correction		
ZNF257	Follicular_T_Helper	strict_primary	2061	12	2049	0	0	12	0	2049	skip_motif_no_variation	False										Follicular_T_Helper	existing_single_source	single_source_no_pooling_correction		
ZNF274	Follicular_T_Helper	strict_primary	2061	12	2049	0	0	12	0	2049	skip_motif_no_variation	False										Follicular_T_Helper	existing_single_source	single_source_no_pooling_correction		
ZNF28	Follicular_T_Helper	strict_primary	2061	12	2049	0	0	12	0	2049	skip_motif_no_variation	False										Follicular_T_Helper	existing_single_source	single_source_no_pooling_correction		
ZNF282	Follicular_T_Helper	strict_primary	2061	12	2049	0	0	12	0	2049	skip_motif_no_variation	False										Follicular_T_Helper	existing_single_source	single_source_no_pooling_correction		
ZNF306	Follicular_T_Helper	strict_primary	2061	12	2049	0	0	12	0	2049	skip_motif_no_variation	False										Follicular_T_Helper	existing_single_source	single_source_no_pooling_correction		
ZNF317	Follicular_T_Helper	strict_primary	2061	12	2049	0	0	12	0	2049	skip_motif_no_variation	False										Follicular_T_Helper	existing_single_source	single_source_no_pooling_correction		
ZNF320	Follicular_T_Helper	strict_primary	2061	12	2049	1	0	12	1	2048	firth_fit_ok	True	11.0	5.63692928786615		0.0426307742060064	280.599753127609	1.31216100911444	13066.7517308228	-72.3973131853247		Follicular_T_Helper	existing_single_source	single_source_no_pooling_correction	0.253805468428383	0.167660685138141
ZNF324	Follicular_T_Helper	strict_primary	2061	12	2049	1	0	12	1	2048	firth_fit_ok	True	11.0	3.77046068003933		0.10730283848841	43.4000537697242	0.280079750009487	957.422155861432	-72.3914417381742		Follicular_T_Helper	existing_single_source	single_source_no_pooling_correction	0.256460390795695	0.167660685138141
ZNF329	Follicular_T_Helper	strict_primary	2061	12	2049	0	0	12	0	2049	skip_motif_no_variation	False										Follicular_T_Helper	existing_single_source	single_source_no_pooling_correction		
ZNF331	Follicular_T_Helper	strict_primary	2061	12	2049	0	0	12	0	2049	skip_motif_no_variation	False										Follicular_T_Helper	existing_single_source	single_source_no_pooling_correction		
ZNF332	Follicular_T_Helper	strict_primary	2061	12	2049	0	0	12	0	2049	skip_motif_no_variation	False										Follicular_T_Helper	existing_single_source	single_source_no_pooling_correction		
ZNF335	Follicular_T_Helper	strict_primary	2061	12	2049	1	0	12	1	2048	firth_fit_ok	True	11.0	4.04260402500294		0.0968879632605794	56.9745128584937	0.330565715592957	1669.49392152261	-72.3923558232334		Follicular_T_Helper	existing_single_source	single_source_no_pooling_correction	0.256460390795695	0.167660685138141
ZNF354	Follicular_T_Helper	strict_primary	2061	12	2049	0	0	12	0	2049	skip_motif_no_variation	False										Follicular_T_Helper	existing_single_source	single_source_no_pooling_correction		
ZNF382	Follicular_T_Helper	strict_primary	2061	12	2049	0	0	12	0	2049	skip_motif_no_variation	False										Follicular_T_Helper	existing_single_source	single_source_no_pooling_correction		
ZNF384_1	Follicular_T_Helper	strict_primary	2061	12	2049	0	0	12	0	2049	skip_motif_no_variation	False										Follicular_T_Helper	existing_single_source	single_source_no_pooling_correction		
ZNF384_2	Follicular_T_Helper	strict_primary	2061	12	2049	0	0	12	0	2049	skip_motif_no_variation	False										Follicular_T_Helper	existing_single_source	single_source_no_pooling_correction		
ZNF41	Follicular_T_Helper	strict_primary	2061	12	2049	0	0	12	0	2049	skip_motif_no_variation	False										Follicular_T_Helper	existing_single_source	single_source_no_pooling_correction		
ZNF410	Follicular_T_Helper	strict_primary	2061	12	2049	0	0	12	0	2049	skip_motif_no_variation	False										Follicular_T_Helper	existing_single_source	single_source_no_pooling_correction		
ZNF418	Follicular_T_Helper	strict_primary	2061	12	2049	0	0	12	0	2049	skip_motif_no_variation	False										Follicular_T_Helper	existing_single_source	single_source_no_pooling_correction		
ZNF423	Follicular_T_Helper	strict_primary	2061	12	2049	0	0	12	0	2049	skip_motif_no_variation	False										Follicular_T_Helper	existing_single_source	single_source_no_pooling_correction		
ZNF431	Follicular_T_Helper	strict_primary	2061	12	2049	0	0	12	0	2049	skip_motif_no_variation	False										Follicular_T_Helper	existing_single_source	single_source_no_pooling_correction		
ZNF435	Follicular_T_Helper	strict_primary	2061	12	2049	0	0	12	0	2049	skip_motif_no_variation	False										Follicular_T_Helper	existing_single_source	single_source_no_pooling_correction		
ZNF436	Follicular_T_Helper	strict_primary	2061	12	2049	0	0	12	0	2049	skip_motif_no_variation	False										Follicular_T_Helper	existing_single_source	single_source_no_pooling_correction		
ZNF449	Follicular_T_Helper	strict_primary	2061	12	2049	0	0	12	0	2049	skip_motif_no_variation	False										Follicular_T_Helper	existing_single_source	single_source_no_pooling_correction		
ZNF490	Follicular_T_Helper	strict_primary	2061	12	2049	0	0	12	0	2049	skip_motif_no_variation	False										Follicular_T_Helper	existing_single_source	single_source_no_pooling_correction		
ZNF524	Follicular_T_Helper	strict_primary	2061	12	2049	0	0	12	0	2049	skip_motif_no_variation	False										Follicular_T_Helper	existing_single_source	single_source_no_pooling_correction		
ZNF528	Follicular_T_Helper	strict_primary	2061	12	2049	1	0	12	1	2048	firth_fit_ok	True	11.0	4.71749062691729		0.0629122194739971	111.887133537735	0.678813553761771	2892.22440395086	-72.3921375389603		Follicular_T_Helper	existing_single_source	single_source_no_pooling_correction	0.253805468428383	0.167660685138141
ZNF53	Follicular_T_Helper	strict_primary	2061	12	2049	0	0	12	0	2049	skip_motif_no_variation	False										Follicular_T_Helper	existing_single_source	single_source_no_pooling_correction		
ZNF547	Follicular_T_Helper	strict_primary	2061	12	2049	0	0	12	0	2049	skip_motif_no_variation	False										Follicular_T_Helper	existing_single_source	single_source_no_pooling_correction		
ZNF549	Follicular_T_Helper	strict_primary	2061	12	2049	0	0	12	0	2049	skip_motif_no_variation	False										Follicular_T_Helper	existing_single_source	single_source_no_pooling_correction		
ZNF554	Follicular_T_Helper	strict_primary	2061	12	2049	0	0	12	0	2049	skip_motif_no_variation	False										Follicular_T_Helper	existing_single_source	single_source_no_pooling_correction		
ZNF563	Follicular_T_Helper	strict_primary	2061	12	2049	0	0	12	0	2049	skip_motif_no_variation	False										Follicular_T_Helper	existing_single_source	single_source_no_pooling_correction		
ZNF57	Follicular_T_Helper	strict_primary	2061	12	2049	0	0	12	0	2049	skip_motif_no_variation	False										Follicular_T_Helper	existing_single_source	single_source_no_pooling_correction		
ZNF586	Follicular_T_Helper	strict_primary	2061	12	2049	0	0	12	0	2049	skip_motif_no_variation	False										Follicular_T_Helper	existing_single_source	single_source_no_pooling_correction		
ZNF652	Follicular_T_Helper	strict_primary	2061	12	2049	0	0	12	0	2049	skip_motif_no_variation	False										Follicular_T_Helper	existing_single_source	single_source_no_pooling_correction		
ZNF667	Follicular_T_Helper	strict_primary	2061	12	2049	0	0	12	0	2049	skip_motif_no_variation	False										Follicular_T_Helper	existing_single_source	single_source_no_pooling_correction		
ZNF680	Follicular_T_Helper	strict_primary	2061	12	2049	0	0	12	0	2049	skip_motif_no_variation	False										Follicular_T_Helper	existing_single_source	single_source_no_pooling_correction		
ZNF708	Follicular_T_Helper	strict_primary	2061	12	2049	0	0	12	0	2049	skip_motif_no_variation	False										Follicular_T_Helper	existing_single_source	single_source_no_pooling_correction		
ZNF713	Follicular_T_Helper	strict_primary	2061	12	2049	0	0	12	0	2049	skip_motif_no_variation	False										Follicular_T_Helper	existing_single_source	single_source_no_pooling_correction		
ZNF768	Follicular_T_Helper	strict_primary	2061	12	2049	0	0	12	0	2049	skip_motif_no_variation	False										Follicular_T_Helper	existing_single_source	single_source_no_pooling_correction		
ZNF784	Follicular_T_Helper	strict_primary	2061	12	2049	0	0	12	0	2049	skip_motif_no_variation	False										Follicular_T_Helper	existing_single_source	single_source_no_pooling_correction		
ZNF85_1	Follicular_T_Helper	strict_primary	2061	12	2049	0	0	12	0	2049	skip_motif_no_variation	False										Follicular_T_Helper	existing_single_source	single_source_no_pooling_correction		
ZNF85_2	Follicular_T_Helper	strict_primary	2061	12	2049	0	0	12	0	2049	skip_motif_no_variation	False										Follicular_T_Helper	existing_single_source	single_source_no_pooling_correction		
ZSCAN3	Follicular_T_Helper	strict_primary	2061	12	2049	0	0	12	0	2049	skip_motif_no_variation	False										Follicular_T_Helper	existing_single_source	single_source_no_pooling_correction		
ZSCAN4	Follicular_T_Helper	strict_primary	2061	12	2049	0	0	12	0	2049	skip_motif_no_variation	False										Follicular_T_Helper	existing_single_source	single_source_no_pooling_correction		
AHR	Memory_Tregs	strict_primary	3684	14	3670	0	0	14	0	3670	skip_motif_no_variation	False										Memory_Tregs	existing_single_source	single_source_no_pooling_correction		
AIRE	Memory_Tregs	strict_primary	3684	14	3670	0	0	14	0	3670	skip_motif_no_variation	False										Memory_Tregs	existing_single_source	single_source_no_pooling_correction		
AP1_1	Memory_Tregs	strict_primary	3684	14	3670	0	0	14	0	3670	skip_motif_no_variation	False										Memory_Tregs	existing_single_source	single_source_no_pooling_correction		
AP1_2	Memory_Tregs	strict_primary	3684	14	3670	0	0	14	0	3670	skip_motif_no_variation	False										Memory_Tregs	existing_single_source	single_source_no_pooling_correction		
ARI5A	Memory_Tregs	strict_primary	3684	14	3670	0	0	14	0	3670	skip_motif_no_variation	False										Memory_Tregs	existing_single_source	single_source_no_pooling_correction		
ARI5B	Memory_Tregs	strict_primary	3684	14	3670	0	0	14	0	3670	skip_motif_no_variation	False										Memory_Tregs	existing_single_source	single_source_no_pooling_correction		
BATF	Memory_Tregs	strict_primary	3684	14	3670	0	0	14	0	3670	skip_motif_no_variation	False										Memory_Tregs	existing_single_source	single_source_no_pooling_correction		
BCL6_1	Memory_Tregs	strict_primary	3684	14	3670	0	0	14	0	3670	skip_motif_no_variation	False										Memory_Tregs	existing_single_source	single_source_no_pooling_correction		
BCL6_2	Memory_Tregs	strict_primary	3684	14	3670	0	0	14	0	3670	skip_motif_no_variation	False										Memory_Tregs	existing_single_source	single_source_no_pooling_correction		
CCAAT_CEBP	Memory_Tregs	strict_primary	3684	14	3670	1	0	14	1	3669	firth_fit_ok	True	11.0	5.81228977231694		0.0325637450153351	334.383912772949	2.07989144190328	8121.10801703906	-90.6350230417493		Memory_Tregs	existing_single_source	single_source_no_pooling_correction	0.253805468428383	0.154080042405078
CENBP	Memory_Tregs	strict_primary	3684	14	3670	0	0	14	0	3670	skip_motif_no_variation	False										Memory_Tregs	existing_single_source	single_source_no_pooling_correction		
CPEB1	Memory_Tregs	strict_primary	3684	14	3670	0	0	14	0	3670	skip_motif_no_variation	False										Memory_Tregs	existing_single_source	single_source_no_pooling_correction		
CREB3_XBP1	Memory_Tregs	strict_primary	3684	14	3670	0	0	14	0	3670	skip_motif_no_variation	False										Memory_Tregs	existing_single_source	single_source_no_pooling_correction		
CREB_ATF_1	Memory_Tregs	strict_primary	3684	14	3670	0	0	14	0	3670	skip_motif_no_variation	False										Memory_Tregs	existing_single_source	single_source_no_pooling_correction		
CREB_ATF_2	Memory_Tregs	strict_primary	3684	14	3670	0	0	14	0	3670	skip_motif_no_variation	False										Memory_Tregs	existing_single_source	single_source_no_pooling_correction		
CREB_ATF_3	Memory_Tregs	strict_primary	3684	14	3670	0	0	14	0	3670	skip_motif_no_variation	False										Memory_Tregs	existing_single_source	single_source_no_pooling_correction		
CTCF	Memory_Tregs	strict_primary	3684	14	3670	1	0	14	1	3669	firth_fit_ok	True	11.0	3.03792820017075		0.191054412602871	20.861976591117	0.107840720023898	825.149747088531	-90.6380316652237		Memory_Tregs	existing_single_source	single_source_no_pooling_correction	0.313030519671805	0.222876490120687
CUX_1	Memory_Tregs	strict_primary	3684	14	3670	0	0	14	0	3670	skip_motif_no_variation	False										Memory_Tregs	existing_single_source	single_source_no_pooling_correction		
CUX_2	Memory_Tregs	strict_primary	3684	14	3670	0	0	14	0	3670	skip_motif_no_variation	False										Memory_Tregs	existing_single_source	single_source_no_pooling_correction		
CUX_3	Memory_Tregs	strict_primary	3684	14	3670	0	0	14	0	3670	skip_motif_no_variation	False										Memory_Tregs	existing_single_source	single_source_no_pooling_correction		
CUX_4	Memory_Tregs	strict_primary	3684	14	3670	0	0	14	0	3670	skip_motif_no_variation	False										Memory_Tregs	existing_single_source	single_source_no_pooling_correction		
DDIT3+CEBPA	Memory_Tregs	strict_primary	3684	14	3670	0	0	14	0	3670	skip_motif_no_variation	False										Memory_Tregs	existing_single_source	single_source_no_pooling_correction		
DMRT1	Memory_Tregs	strict_primary	3684	14	3670	0	0	14	0	3670	skip_motif_no_variation	False										Memory_Tregs	existing_single_source	single_source_no_pooling_correction		
DMRT3	Memory_Tregs	strict_primary	3684	14	3670	0	0	14	0	3670	skip_motif_no_variation	False										Memory_Tregs	existing_single_source	single_source_no_pooling_correction		
E2F_1	Memory_Tregs	strict_primary	3684	14	3670	0	0	14	0	3670	skip_motif_no_variation	False										Memory_Tregs	existing_single_source	single_source_no_pooling_correction		
E2F_2	Memory_Tregs	strict_primary	3684	14	3670	1	0	14	1	3669	firth_fit_ok	True	11.0	3.03792820017075		0.191054412602871	20.861976591117	0.107840720023898	825.149747088531	-90.6380316652237		Memory_Tregs	existing_single_source	single_source_no_pooling_correction	0.313030519671805	0.222876490120687
E2F_3	Memory_Tregs	strict_primary	3684	14	3670	0	0	14	0	3670	skip_motif_no_variation	False										Memory_Tregs	existing_single_source	single_source_no_pooling_correction		
E2F_4	Memory_Tregs	strict_primary	3684	14	3670	0	0	14	0	3670	skip_motif_no_variation	False										Memory_Tregs	existing_single_source	single_source_no_pooling_correction		
EBF1	Memory_Tregs	strict_primary	3684	14	3670	0	0	14	0	3670	skip_motif_no_variation	False										Memory_Tregs	existing_single_source	single_source_no_pooling_correction		
EGR	Memory_Tregs	strict_primary	3684	14	3670	0	0	14	0	3670	skip_motif_no_variation	False										Memory_Tregs	existing_single_source	single_source_no_pooling_correction		
ETS_1	Memory_Tregs	strict_primary	3684	14	3670	1	0	14	1	3669	firth_fit_ok	True	11.0	4.90530793597238		0.0541362311152978	135.004476341295	0.874284254767191	2949.22298041086	-90.6349316521652		Memory_Tregs	existing_single_source	single_source_no_pooling_correction	0.253805468428383	0.154080042405078
ETS_2	Memory_Tregs	strict_primary	3684	14	3670	1	0	14	1	3669	firth_fit_ok	True	11.0	3.5394399753603		0.120797966273161	34.4476222707356	0.230989832392217	683.304186447778	-90.6350137647143		Memory_Tregs	existing_single_source	single_source_no_pooling_correction	0.259664004424786	0.191317152149991
EVI1_MECOM	Memory_Tregs	strict_primary	3684	14	3670	0	0	14	0	3670	skip_motif_no_variation	False										Memory_Tregs	existing_single_source	single_source_no_pooling_correction		
EWSR1_FLI1	Memory_Tregs	strict_primary	3684	14	3670	0	0	14	0	3670	skip_motif_no_variation	False										Memory_Tregs	existing_single_source	single_source_no_pooling_correction		
Ebox_CACCTG	Memory_Tregs	strict_primary	3684	14	3670	0	0	14	0	3670	skip_motif_no_variation	False										Memory_Tregs	existing_single_source	single_source_no_pooling_correction		
Ebox_CACGTG_1	Memory_Tregs	strict_primary	3684	14	3670	0	0	14	0	3670	skip_motif_no_variation	False										Memory_Tregs	existing_single_source	single_source_no_pooling_correction		
Ebox_CACGTG_2	Memory_Tregs	strict_primary	3684	14	3670	0	0	14	0	3670	skip_motif_no_variation	False										Memory_Tregs	existing_single_source	single_source_no_pooling_correction		
Ebox_CAGATGG	Memory_Tregs	strict_primary	3684	14	3670	0	0	14	0	3670	skip_motif_no_variation	False										Memory_Tregs	existing_single_source	single_source_no_pooling_correction		
Ebox_CAGCTG	Memory_Tregs	strict_primary	3684	14	3670	1	0	14	1	3669	firth_fit_ok	True	11.0	4.94265239416389		0.0523004882746999	140.141467444664	0.926747407052214	2887.02919188926	-90.6347488084185		Memory_Tregs	existing_single_source	single_source_no_pooling_correction	0.253805468428383	0.154080042405078
Ebox_CATATG	Memory_Tregs	strict_primary	3684	14	3670	0	0	14	0	3670	skip_motif_no_variation	False										Memory_Tregs	existing_single_source	single_source_no_pooling_correction		
FEZF1	Memory_Tregs	strict_primary	3684	14	3670	1	0	14	1	3669	firth_fit_ok	True	11.0	4.91717607063203		0.0539380519278373	136.616273238706	0.879705706465206	3017.51547984763	-90.6352649619006		Memory_Tregs	existing_single_source	single_source_no_pooling_correction	0.253805468428383	0.154080042405078
FOX_1	Memory_Tregs	strict_primary	3684	14	3670	0	0	14	0	3670	skip_motif_no_variation	False										Memory_Tregs	existing_single_source	single_source_no_pooling_correction		
FOX_2	Memory_Tregs	strict_primary	3684	14	3670	0	0	14	0	3670	skip_motif_no_variation	False										Memory_Tregs	existing_single_source	single_source_no_pooling_correction		
FOX_3	Memory_Tregs	strict_primary	3684	14	3670	0	0	14	0	3670	skip_motif_no_variation	False										Memory_Tregs	existing_single_source	single_source_no_pooling_correction		
FOX_4	Memory_Tregs	strict_primary	3684	14	3670	0	0	14	0	3670	skip_motif_no_variation	False										Memory_Tregs	existing_single_source	single_source_no_pooling_correction		
FOX_5	Memory_Tregs	strict_primary	3684	14	3670	1	0	14	1	3669	firth_fit_ok	True	11.0	3.62331410387047		0.116284835642706	37.4615136713517	0.24564147969863	790.346161562401	-90.6351015340678		Memory_Tregs	existing_single_source	single_source_no_pooling_correction	0.256929107238217	0.191317152149991
FOX_6	Memory_Tregs	strict_primary	3684	14	3670	0	0	14	0	3670	skip_motif_no_variation	False										Memory_Tregs	existing_single_source	single_source_no_pooling_correction		
FOX_7	Memory_Tregs	strict_primary	3684	14	3670	0	0	14	0	3670	skip_motif_no_variation	False										Memory_Tregs	existing_single_source	single_source_no_pooling_correction		
FOX_8	Memory_Tregs	strict_primary	3684	14	3670	0	0	14	0	3670	skip_motif_no_variation	False										Memory_Tregs	existing_single_source	single_source_no_pooling_correction		
FOX_9	Memory_Tregs	strict_primary	3684	14	3670	0	0	14	0	3670	skip_motif_no_variation	False										Memory_Tregs	existing_single_source	single_source_no_pooling_correction		
GATA	Memory_Tregs	strict_primary	3684	14	3670	0	0	14	0	3670	skip_motif_no_variation	False										Memory_Tregs	existing_single_source	single_source_no_pooling_correction		
GC-tract	Memory_Tregs	strict_primary	3684	14	3670	9	0	14	9	3661	firth_fit_ok	True	11.0	0.923239624494984		0.606313090164904	2.51743273049025	0.0169451037966373	40.4958902598681	-89.5492703228222		Memory_Tregs	existing_single_source	single_source_no_pooling_correction	0.668967652058469	0.623155120447262
GCM	Memory_Tregs	strict_primary	3684	14	3670	0	0	14	0	3670	skip_motif_no_variation	False										Memory_Tregs	existing_single_source	single_source_no_pooling_correction		
GFI	Memory_Tregs	strict_primary	3684	14	3670	0	0	14	0	3670	skip_motif_no_variation	False										Memory_Tregs	existing_single_source	single_source_no_pooling_correction		
GLI	Memory_Tregs	strict_primary	3684	14	3670	0	0	14	0	3670	skip_motif_no_variation	False										Memory_Tregs	existing_single_source	single_source_no_pooling_correction		
GLIS	Memory_Tregs	strict_primary	3684	14	3670	0	0	14	0	3670	skip_motif_no_variation	False										Memory_Tregs	existing_single_source	single_source_no_pooling_correction		
GMEB2_1	Memory_Tregs	strict_primary	3684	14	3670	0	0	14	0	3670	skip_motif_no_variation	False										Memory_Tregs	existing_single_source	single_source_no_pooling_correction		
GMEB2_2	Memory_Tregs	strict_primary	3684	14	3670	0	0	14	0	3670	skip_motif_no_variation	False										Memory_Tregs	existing_single_source	single_source_no_pooling_correction		
GMEB2_3	Memory_Tregs	strict_primary	3684	14	3670	0	0	14	0	3670	skip_motif_no_variation	False										Memory_Tregs	existing_single_source	single_source_no_pooling_correction		
GRHL	Memory_Tregs	strict_primary	3684	14	3670	0	0	14	0	3670	skip_motif_no_variation	False										Memory_Tregs	existing_single_source	single_source_no_pooling_correction		
HAND1	Memory_Tregs	strict_primary	3684	14	3670	0	0	14	0	3670	skip_motif_no_variation	False										Memory_Tregs	existing_single_source	single_source_no_pooling_correction		
HD_1	Memory_Tregs	strict_primary	3684	14	3670	0	0	14	0	3670	skip_motif_no_variation	False										Memory_Tregs	existing_single_source	single_source_no_pooling_correction		
HD_10	Memory_Tregs	strict_primary	3684	14	3670	0	0	14	0	3670	skip_motif_no_variation	False										Memory_Tregs	existing_single_source	single_source_no_pooling_correction		
HD_11	Memory_Tregs	strict_primary	3684	14	3670	0	0	14	0	3670	skip_motif_no_variation	False										Memory_Tregs	existing_single_source	single_source_no_pooling_correction		
HD_12	Memory_Tregs	strict_primary	3684	14	3670	0	0	14	0	3670	skip_motif_no_variation	False										Memory_Tregs	existing_single_source	single_source_no_pooling_correction		
HD_13	Memory_Tregs	strict_primary	3684	14	3670	0	0	14	0	3670	skip_motif_no_variation	False										Memory_Tregs	existing_single_source	single_source_no_pooling_correction		
HD_14	Memory_Tregs	strict_primary	3684	14	3670	0	0	14	0	3670	skip_motif_no_variation	False										Memory_Tregs	existing_single_source	single_source_no_pooling_correction		
HD_15	Memory_Tregs	strict_primary	3684	14	3670	0	0	14	0	3670	skip_motif_no_variation	False										Memory_Tregs	existing_single_source	single_source_no_pooling_correction		
HD_16	Memory_Tregs	strict_primary	3684	14	3670	0	0	14	0	3670	skip_motif_no_variation	False										Memory_Tregs	existing_single_source	single_source_no_pooling_correction		
HD_17	Memory_Tregs	strict_primary	3684	14	3670	0	0	14	0	3670	skip_motif_no_variation	False										Memory_Tregs	existing_single_source	single_source_no_pooling_correction		
HD_18	Memory_Tregs	strict_primary	3684	14	3670	0	0	14	0	3670	skip_motif_no_variation	False										Memory_Tregs	existing_single_source	single_source_no_pooling_correction		
HD_19	Memory_Tregs	strict_primary	3684	14	3670	0	0	14	0	3670	skip_motif_no_variation	False										Memory_Tregs	existing_single_source	single_source_no_pooling_correction		
HD_2	Memory_Tregs	strict_primary	3684	14	3670	0	0	14	0	3670	skip_motif_no_variation	False										Memory_Tregs	existing_single_source	single_source_no_pooling_correction		
HD_20	Memory_Tregs	strict_primary	3684	14	3670	0	0	14	0	3670	skip_motif_no_variation	False										Memory_Tregs	existing_single_source	single_source_no_pooling_correction		
HD_21	Memory_Tregs	strict_primary	3684	14	3670	0	0	14	0	3670	skip_motif_no_variation	False										Memory_Tregs	existing_single_source	single_source_no_pooling_correction		
HD_22	Memory_Tregs	strict_primary	3684	14	3670	0	0	14	0	3670	skip_motif_no_variation	False										Memory_Tregs	existing_single_source	single_source_no_pooling_correction		
HD_23	Memory_Tregs	strict_primary	3684	14	3670	0	0	14	0	3670	skip_motif_no_variation	False										Memory_Tregs	existing_single_source	single_source_no_pooling_correction		
HD_24	Memory_Tregs	strict_primary	3684	14	3670	0	0	14	0	3670	skip_motif_no_variation	False										Memory_Tregs	existing_single_source	single_source_no_pooling_correction		
HD_25	Memory_Tregs	strict_primary	3684	14	3670	0	0	14	0	3670	skip_motif_no_variation	False										Memory_Tregs	existing_single_source	single_source_no_pooling_correction		
HD_3	Memory_Tregs	strict_primary	3684	14	3670	0	0	14	0	3670	skip_motif_no_variation	False										Memory_Tregs	existing_single_source	single_source_no_pooling_correction		
HD_4	Memory_Tregs	strict_primary	3684	14	3670	1	0	14	1	3669	firth_fit_ok	True	11.0	3.15557884126921		0.15521865486084	23.4666166070008	0.153612035475224	496.843548651065	-90.635372500859		Memory_Tregs	existing_single_source	single_source_no_pooling_correction	0.288437821772955	0.21270704555004
HD_5	Memory_Tregs	strict_primary	3684	14	3670	0	0	14	0	3670	skip_motif_no_variation	False										Memory_Tregs	existing_single_source	single_source_no_pooling_correction		
HD_6	Memory_Tregs	strict_primary	3684	14	3670	0	0	14	0	3670	skip_motif_no_variation	False										Memory_Tregs	existing_single_source	single_source_no_pooling_correction		
HD_7	Memory_Tregs	strict_primary	3684	14	3670	0	0	14	0	3670	skip_motif_no_variation	False										Memory_Tregs	existing_single_source	single_source_no_pooling_correction		
HD_8	Memory_Tregs	strict_primary	3684	14	3670	0	0	14	0	3670	skip_motif_no_variation	False										Memory_Tregs	existing_single_source	single_source_no_pooling_correction		
HD_9	Memory_Tregs	strict_primary	3684	14	3670	0	0	14	0	3670	skip_motif_no_variation	False										Memory_Tregs	existing_single_source	single_source_no_pooling_correction		
HEN1	Memory_Tregs	strict_primary	3684	14	3670	0	0	14	0	3670	skip_motif_no_variation	False										Memory_Tregs	existing_single_source	single_source_no_pooling_correction		
HIC_1	Memory_Tregs	strict_primary	3684	14	3670	0	0	14	0	3670	skip_motif_no_variation	False										Memory_Tregs	existing_single_source	single_source_no_pooling_correction		
HIC_2	Memory_Tregs	strict_primary	3684	14	3670	0	0	14	0	3670	skip_motif_no_variation	False										Memory_Tregs	existing_single_source	single_source_no_pooling_correction		
HIF	Memory_Tregs	strict_primary	3684	14	3670	0	0	14	0	3670	skip_motif_no_variation	False										Memory_Tregs	existing_single_source	single_source_no_pooling_correction		
HINFP1_1	Memory_Tregs	strict_primary	3684	14	3670	0	0	14	0	3670	skip_motif_no_variation	False										Memory_Tregs	existing_single_source	single_source_no_pooling_correction		
HINFP1_2	Memory_Tregs	strict_primary	3684	14	3670	1	0	14	1	3669	firth_fit_ok	True	11.0	3.03792820017075		0.191054412602871	20.861976591117	0.107840720023898	825.149747088531	-90.6380316652237		Memory_Tregs	existing_single_source	single_source_no_pooling_correction	0.313030519671805	0.222876490120687
HINFP1_3	Memory_Tregs	strict_primary	3684	14	3670	0	0	14	0	3670	skip_motif_no_variation	False										Memory_Tregs	existing_single_source	single_source_no_pooling_correction		
HLTF	Memory_Tregs	strict_primary	3684	14	3670	0	0	14	0	3670	skip_motif_no_variation	False										Memory_Tregs	existing_single_source	single_source_no_pooling_correction		
HOMEZ	Memory_Tregs	strict_primary	3684	14	3670	0	0	14	0	3670	skip_motif_no_variation	False										Memory_Tregs	existing_single_source	single_source_no_pooling_correction		
HSF	Memory_Tregs	strict_primary	3684	14	3670	0	0	14	0	3670	skip_motif_no_variation	False										Memory_Tregs	existing_single_source	single_source_no_pooling_correction		
HSFY2	Memory_Tregs	strict_primary	3684	14	3670	0	0	14	0	3670	skip_motif_no_variation	False										Memory_Tregs	existing_single_source	single_source_no_pooling_correction		
INSM1	Memory_Tregs	strict_primary	3684	14	3670	0	0	14	0	3670	skip_motif_no_variation	False										Memory_Tregs	existing_single_source	single_source_no_pooling_correction		
IRF_1	Memory_Tregs	strict_primary	3684	14	3670	0	0	14	0	3670	skip_motif_no_variation	False										Memory_Tregs	existing_single_source	single_source_no_pooling_correction		
IRF_2	Memory_Tregs	strict_primary	3684	14	3670	2	0	14	2	3668	firth_fit_ok	True	11.0	4.45539418564108		0.0696584975937939	86.0900796308086	0.572653243690545	1392.73757584646	-90.290248049363		Memory_Tregs	existing_single_source	single_source_no_pooling_correction	0.253805468428383	0.159027181829039
IRF_3	Memory_Tregs	strict_primary	3684	14	3670	0	0	14	0	3670	skip_motif_no_variation	False										Memory_Tregs	existing_single_source	single_source_no_pooling_correction		
IRF_4	Memory_Tregs	strict_primary	3684	14	3670	0	0	14	0	3670	skip_motif_no_variation	False										Memory_Tregs	existing_single_source	single_source_no_pooling_correction		
KAISO	Memory_Tregs	strict_primary	3684	14	3670	0	0	14	0	3670	skip_motif_no_variation	False										Memory_Tregs	existing_single_source	single_source_no_pooling_correction		
KLF_SP_1	Memory_Tregs	strict_primary	3684	14	3670	2	0	14	2	3668	firth_fit_ok	True	11.0	3.01354556716916		0.192758045509783	20.3594579321283	0.106347394087799	698.96989272996	-90.2938446428422		Memory_Tregs	existing_single_source	single_source_no_pooling_correction	0.313777659842786	0.222876490120687
KLF_SP_2	Memory_Tregs	strict_primary	3684	14	3670	9	0	14	9	3661	firth_fit_ok	True	11.0	0.925770649945011		0.605550167728393	2.52381248705719	0.0169780133747723	41.2956889050026	-89.5522276292268		Memory_Tregs	existing_single_source	single_source_no_pooling_correction	0.668967652058469	0.623155120447262
KLF_SP_3	Memory_Tregs	strict_primary	3684	14	3670	0	0	14	0	3670	skip_motif_no_variation	False										Memory_Tregs	existing_single_source	single_source_no_pooling_correction		
LEF1	Memory_Tregs	strict_primary	3684	14	3670	1	0	14	1	3669	firth_fit_ok	True	11.0	3.43901420570281		0.129268346047291	31.1562293914155	0.206786581461457	636.015541275115	-90.6351590664282		Memory_Tregs	existing_single_source	single_source_no_pooling_correction	0.26648351664667	0.191317152149991
LIN54	Memory_Tregs	strict_primary	3684	14	3670	0	0	14	0	3670	skip_motif_no_variation	False										Memory_Tregs	existing_single_source	single_source_no_pooling_correction		
MAF	Memory_Tregs	strict_primary	3684	14	3670	0	0	14	0	3670	skip_motif_no_variation	False										Memory_Tregs	existing_single_source	single_source_no_pooling_correction		
MBD2	Memory_Tregs	strict_primary	3684	14	3670	0	0	14	0	3670	skip_motif_no_variation	False										Memory_Tregs	existing_single_source	single_source_no_pooling_correction		
MECP2	Memory_Tregs	strict_primary	3684	14	3670	0	0	14	0	3670	skip_motif_no_variation	False										Memory_Tregs	existing_single_source	single_source_no_pooling_correction		
MEF2	Memory_Tregs	strict_primary	3684	14	3670	0	0	14	0	3670	skip_motif_no_variation	False										Memory_Tregs	existing_single_source	single_source_no_pooling_correction		
MFZ1	Memory_Tregs	strict_primary	3684	14	3670	0	0	14	0	3670	skip_motif_no_variation	False										Memory_Tregs	existing_single_source	single_source_no_pooling_correction		
MIES	Memory_Tregs	strict_primary	3684	14	3670	0	0	14	0	3670	skip_motif_no_variation	False										Memory_Tregs	existing_single_source	single_source_no_pooling_correction		
MTF1	Memory_Tregs	strict_primary	3684	14	3670	0	0	14	0	3670	skip_motif_no_variation	False										Memory_Tregs	existing_single_source	single_source_no_pooling_correction		
MYB_1	Memory_Tregs	strict_primary	3684	14	3670	0	0	14	0	3670	skip_motif_no_variation	False										Memory_Tregs	existing_single_source	single_source_no_pooling_correction		
MYB_2	Memory_Tregs	strict_primary	3684	14	3670	0	0	14	0	3670	skip_motif_no_variation	False										Memory_Tregs	existing_single_source	single_source_no_pooling_correction		
MYB_3	Memory_Tregs	strict_primary	3684	14	3670	0	0	14	0	3670	skip_motif_no_variation	False										Memory_Tregs	existing_single_source	single_source_no_pooling_correction		
MYB_4	Memory_Tregs	strict_primary	3684	14	3670	0	0	14	0	3670	skip_motif_no_variation	False										Memory_Tregs	existing_single_source	single_source_no_pooling_correction		
MYB_5	Memory_Tregs	strict_primary	3684	14	3670	0	0	14	0	3670	skip_motif_no_variation	False										Memory_Tregs	existing_single_source	single_source_no_pooling_correction		
MZF1	Memory_Tregs	strict_primary	3684	14	3670	0	0	14	0	3670	skip_motif_no_variation	False										Memory_Tregs	existing_single_source	single_source_no_pooling_correction		
NFAC_2	Memory_Tregs	strict_primary	3684	14	3670	0	0	14	0	3670	skip_motif_no_variation	False										Memory_Tregs	existing_single_source	single_source_no_pooling_correction		
NFAT_1	Memory_Tregs	strict_primary	3684	14	3670	3	0	14	3	3667	firth_fit_ok	True	11.0	3.42303755673916		0.124164265010765	30.6624125247512	0.221319587245653	356.797764468429	-90.0860261069283		Memory_Tregs	existing_single_source	single_source_no_pooling_correction	0.261831745494168	0.191317152149991
NFAT_2	Memory_Tregs	strict_primary	3684	14	3670	0	0	14	0	3670	skip_motif_no_variation	False										Memory_Tregs	existing_single_source	single_source_no_pooling_correction		
NFAT_3	Memory_Tregs	strict_primary	3684	14	3670	0	0	14	0	3670	skip_motif_no_variation	False										Memory_Tregs	existing_single_source	single_source_no_pooling_correction		
NFAT_4	Memory_Tregs	strict_primary	3684	14	3670	0	0	14	0	3670	skip_motif_no_variation	False										Memory_Tregs	existing_single_source	single_source_no_pooling_correction		
NFI_1	Memory_Tregs	strict_primary	3684	14	3670	0	0	14	0	3670	skip_motif_no_variation	False										Memory_Tregs	existing_single_source	single_source_no_pooling_correction		
NFI_2	Memory_Tregs	strict_primary	3684	14	3670	0	0	14	0	3670	skip_motif_no_variation	False										Memory_Tregs	existing_single_source	single_source_no_pooling_correction		
NFI_3	Memory_Tregs	strict_primary	3684	14	3670	1	0	14	1	3669	firth_fit_ok	True	11.0	5.12851666077421		0.0471719940666079	168.766594175738	1.10371428614056	3583.588261459	-90.6348253951215		Memory_Tregs	existing_single_source	single_source_no_pooling_correction	0.253805468428383	0.154080042405078
NFKB_1	Memory_Tregs	strict_primary	3684	14	3670	0	0	14	0	3670	skip_motif_no_variation	False										Memory_Tregs	existing_single_source	single_source_no_pooling_correction		
NFKB_2	Memory_Tregs	strict_primary	3684	14	3670	0	0	14	0	3670	skip_motif_no_variation	False										Memory_Tregs	existing_single_source	single_source_no_pooling_correction		
NFKB_3	Memory_Tregs	strict_primary	3684	14	3670	0	0	14	0	3670	skip_motif_no_variation	False										Memory_Tregs	existing_single_source	single_source_no_pooling_correction		
NFY	Memory_Tregs	strict_primary	3684	14	3670	0	0	14	0	3670	skip_motif_no_variation	False										Memory_Tregs	existing_single_source	single_source_no_pooling_correction		
NR2E3	Memory_Tregs	strict_primary	3684	14	3670	0	0	14	0	3670	skip_motif_no_variation	False										Memory_Tregs	existing_single_source	single_source_no_pooling_correction		
NRF1	Memory_Tregs	strict_primary	3684	14	3670	0	0	14	0	3670	skip_motif_no_variation	False										Memory_Tregs	existing_single_source	single_source_no_pooling_correction		
NR_1	Memory_Tregs	strict_primary	3684	14	3670	0	0	14	0	3670	skip_motif_no_variation	False										Memory_Tregs	existing_single_source	single_source_no_pooling_correction		
NR_10	Memory_Tregs	strict_primary	3684	14	3670	0	0	14	0	3670	skip_motif_no_variation	False										Memory_Tregs	existing_single_source	single_source_no_pooling_correction		
NR_11	Memory_Tregs	strict_primary	3684	14	3670	0	0	14	0	3670	skip_motif_no_variation	False										Memory_Tregs	existing_single_source	single_source_no_pooling_correction		
NR_12	Memory_Tregs	strict_primary	3684	14	3670	0	0	14	0	3670	skip_motif_no_variation	False										Memory_Tregs	existing_single_source	single_source_no_pooling_correction		
NR_13	Memory_Tregs	strict_primary	3684	14	3670	0	0	14	0	3670	skip_motif_no_variation	False										Memory_Tregs	existing_single_source	single_source_no_pooling_correction		
NR_14	Memory_Tregs	strict_primary	3684	14	3670	0	0	14	0	3670	skip_motif_no_variation	False										Memory_Tregs	existing_single_source	single_source_no_pooling_correction		
NR_15	Memory_Tregs	strict_primary	3684	14	3670	1	1	13	0	3670	firth_fit_ok	True	11.0	3.22116781404067		0.0493726908947102	25.0573654446881	1.00916653652108	4162.03907987355	-90.6370148765405		Memory_Tregs	existing_single_source	single_source_no_pooling_correction	0.253805468428383	0.154080042405078
NR_16	Memory_Tregs	strict_primary	3684	14	3670	2	0	14	2	3668	firth_fit_ok	True	11.0	4.29306710029005		0.0743985563838603	73.1906075290645	0.513375137557978	1013.19064829306	-90.2883120104773		Memory_Tregs	existing_single_source	single_source_no_pooling_correction	0.253805468428383	0.159027181829039
NR_17	Memory_Tregs	strict_primary	3684	14	3670	0	0	14	0	3670	skip_motif_no_variation	False										Memory_Tregs	existing_single_source	single_source_no_pooling_correction		
NR_18	Memory_Tregs	strict_primary	3684	14	3670	0	0	14	0	3670	skip_motif_no_variation	False										Memory_Tregs	existing_single_source	single_source_no_pooling_correction		
NR_19	Memory_Tregs	strict_primary	3684	14	3670	0	0	14	0	3670	skip_motif_no_variation	False										Memory_Tregs	existing_single_source	single_source_no_pooling_correction		
NR_2	Memory_Tregs	strict_primary	3684	14	3670	0	0	14	0	3670	skip_motif_no_variation	False										Memory_Tregs	existing_single_source	single_source_no_pooling_correction		
NR_20	Memory_Tregs	strict_primary	3684	14	3670	0	0	14	0	3670	skip_motif_no_variation	False										Memory_Tregs	existing_single_source	single_source_no_pooling_correction		
NR_3	Memory_Tregs	strict_primary	3684	14	3670	3	0	14	3	3667	firth_fit_ok	True	11.0	2.5707216389931		0.236717255045723	13.0752566522446	0.0769374104851362	283.944782786916	-90.0898459183474		Memory_Tregs	existing_single_source	single_source_no_pooling_correction	0.349263417246342	0.258424703650755
NR_4	Memory_Tregs	strict_primary	3684	14	3670	0	0	14	0	3670	skip_motif_no_variation	False										Memory_Tregs	existing_single_source	single_source_no_pooling_correction		
NR_5	Memory_Tregs	strict_primary	3684	14	3670	0	0	14	0	3670	skip_motif_no_variation	False										Memory_Tregs	existing_single_source	single_source_no_pooling_correction		
NR_6	Memory_Tregs	strict_primary	3684	14	3670	0	0	14	0	3670	skip_motif_no_variation	False										Memory_Tregs	existing_single_source	single_source_no_pooling_correction		
NR_7	Memory_Tregs	strict_primary	3684	14	3670	0	0	14	0	3670	skip_motif_no_variation	False										Memory_Tregs	existing_single_source	single_source_no_pooling_correction		
NR_8	Memory_Tregs	strict_primary	3684	14	3670	0	0	14	0	3670	skip_motif_no_variation	False										Memory_Tregs	existing_single_source	single_source_no_pooling_correction		
NR_9	Memory_Tregs	strict_primary	3684	14	3670	0	0	14	0	3670	skip_motif_no_variation	False										Memory_Tregs	existing_single_source	single_source_no_pooling_correction		
OCT4+SOX2	Memory_Tregs	strict_primary	3684	14	3670	0	0	14	0	3670	skip_motif_no_variation	False										Memory_Tregs	existing_single_source	single_source_no_pooling_correction		
OSR2	Memory_Tregs	strict_primary	3684	14	3670	0	0	14	0	3670	skip_motif_no_variation	False										Memory_Tregs	existing_single_source	single_source_no_pooling_correction		
OVOL1	Memory_Tregs	strict_primary	3684	14	3670	0	0	14	0	3670	skip_motif_no_variation	False										Memory_Tregs	existing_single_source	single_source_no_pooling_correction		
P53-like_1	Memory_Tregs	strict_primary	3684	14	3670	0	0	14	0	3670	skip_motif_no_variation	False										Memory_Tregs	existing_single_source	single_source_no_pooling_correction		
P53-like_2	Memory_Tregs	strict_primary	3684	14	3670	0	0	14	0	3670	skip_motif_no_variation	False										Memory_Tregs	existing_single_source	single_source_no_pooling_correction		
P53-like_3	Memory_Tregs	strict_primary	3684	14	3670	0	0	14	0	3670	skip_motif_no_variation	False										Memory_Tregs	existing_single_source	single_source_no_pooling_correction		
PAX-halfsite	Memory_Tregs	strict_primary	3684	14	3670	0	0	14	0	3670	skip_motif_no_variation	False										Memory_Tregs	existing_single_source	single_source_no_pooling_correction		
PAX_1	Memory_Tregs	strict_primary	3684	14	3670	0	0	14	0	3670	skip_motif_no_variation	False										Memory_Tregs	existing_single_source	single_source_no_pooling_correction		
PAX_2	Memory_Tregs	strict_primary	3684	14	3670	1	0	14	1	3669	firth_fit_ok	True	11.0	4.10237538507886		0.0859606388265073	60.483789384702	0.403813837132409	1214.08572485253	-90.6348689668092		Memory_Tregs	existing_single_source	single_source_no_pooling_correction	0.253805468428383	0.159027181829039
PLAG1	Memory_Tregs	strict_primary	3684	14	3670	0	0	14	0	3670	skip_motif_no_variation	False										Memory_Tregs	existing_single_source	single_source_no_pooling_correction		
POU_1	Memory_Tregs	strict_primary	3684	14	3670	0	0	14	0	3670	skip_motif_no_variation	False										Memory_Tregs	existing_single_source	single_source_no_pooling_correction		
POU_2	Memory_Tregs	strict_primary	3684	14	3670	0	0	14	0	3670	skip_motif_no_variation	False										Memory_Tregs	existing_single_source	single_source_no_pooling_correction		
POU_3	Memory_Tregs	strict_primary	3684	14	3670	0	0	14	0	3670	skip_motif_no_variation	False										Memory_Tregs	existing_single_source	single_source_no_pooling_correction		
PRDM1	Memory_Tregs	strict_primary	3684	14	3670	0	0	14	0	3670	skip_motif_no_variation	False										Memory_Tregs	existing_single_source	single_source_no_pooling_correction		
PRDM14	Memory_Tregs	strict_primary	3684	14	3670	0	0	14	0	3670	skip_motif_no_variation	False										Memory_Tregs	existing_single_source	single_source_no_pooling_correction		
PRDM16	Memory_Tregs	strict_primary	3684	14	3670	0	0	14	0	3670	skip_motif_no_variation	False										Memory_Tregs	existing_single_source	single_source_no_pooling_correction		
PRDM4	Memory_Tregs	strict_primary	3684	14	3670	0	0	14	0	3670	skip_motif_no_variation	False										Memory_Tregs	existing_single_source	single_source_no_pooling_correction		
PRDM5	Memory_Tregs	strict_primary	3684	14	3670	0	0	14	0	3670	skip_motif_no_variation	False										Memory_Tregs	existing_single_source	single_source_no_pooling_correction		
PRDM9	Memory_Tregs	strict_primary	3684	14	3670	0	0	14	0	3670	skip_motif_no_variation	False										Memory_Tregs	existing_single_source	single_source_no_pooling_correction		
PROX1	Memory_Tregs	strict_primary	3684	14	3670	0	0	14	0	3670	skip_motif_no_variation	False										Memory_Tregs	existing_single_source	single_source_no_pooling_correction		
RBPJ	Memory_Tregs	strict_primary	3684	14	3670	0	0	14	0	3670	skip_motif_no_variation	False										Memory_Tregs	existing_single_source	single_source_no_pooling_correction		
REL-halfsite	Memory_Tregs	strict_primary	3684	14	3670	0	0	14	0	3670	skip_motif_no_variation	False										Memory_Tregs	existing_single_source	single_source_no_pooling_correction		
REST_NRSF	Memory_Tregs	strict_primary	3684	14	3670	0	0	14	0	3670	skip_motif_no_variation	False										Memory_Tregs	existing_single_source	single_source_no_pooling_correction		
RFX_1	Memory_Tregs	strict_primary	3684	14	3670	0	0	14	0	3670	skip_motif_no_variation	False										Memory_Tregs	existing_single_source	single_source_no_pooling_correction		
RFX_2	Memory_Tregs	strict_primary	3684	14	3670	0	0	14	0	3670	skip_motif_no_variation	False										Memory_Tregs	existing_single_source	single_source_no_pooling_correction		
RFX_3	Memory_Tregs	strict_primary	3684	14	3670	0	0	14	0	3670	skip_motif_no_variation	False										Memory_Tregs	existing_single_source	single_source_no_pooling_correction		
RUNX_1	Memory_Tregs	strict_primary	3684	14	3670	0	0	14	0	3670	skip_motif_no_variation	False										Memory_Tregs	existing_single_source	single_source_no_pooling_correction		
RUNX_2	Memory_Tregs	strict_primary	3684	14	3670	0	0	14	0	3670	skip_motif_no_variation	False										Memory_Tregs	existing_single_source	single_source_no_pooling_correction		
SCRT1	Memory_Tregs	strict_primary	3684	14	3670	0	0	14	0	3670	skip_motif_no_variation	False										Memory_Tregs	existing_single_source	single_source_no_pooling_correction		
SIX_1	Memory_Tregs	strict_primary	3684	14	3670	0	0	14	0	3670	skip_motif_no_variation	False										Memory_Tregs	existing_single_source	single_source_no_pooling_correction		
SIX_2	Memory_Tregs	strict_primary	3684	14	3670	0	0	14	0	3670	skip_motif_no_variation	False										Memory_Tregs	existing_single_source	single_source_no_pooling_correction		
SMAD_1	Memory_Tregs	strict_primary	3684	14	3670	0	0	14	0	3670	skip_motif_no_variation	False										Memory_Tregs	existing_single_source	single_source_no_pooling_correction		
SMAD_2	Memory_Tregs	strict_primary	3684	14	3670	0	0	14	0	3670	skip_motif_no_variation	False										Memory_Tregs	existing_single_source	single_source_no_pooling_correction		
SMAD_3	Memory_Tregs	strict_primary	3684	14	3670	0	0	14	0	3670	skip_motif_no_variation	False										Memory_Tregs	existing_single_source	single_source_no_pooling_correction		
SMARCA1	Memory_Tregs	strict_primary	3684	14	3670	0	0	14	0	3670	skip_motif_no_variation	False										Memory_Tregs	existing_single_source	single_source_no_pooling_correction		
SMARCA5	Memory_Tregs	strict_primary	3684	14	3670	0	0	14	0	3670	skip_motif_no_variation	False										Memory_Tregs	existing_single_source	single_source_no_pooling_correction		
SNAI2	Memory_Tregs	strict_primary	3684	14	3670	0	0	14	0	3670	skip_motif_no_variation	False										Memory_Tregs	existing_single_source	single_source_no_pooling_correction		
SOX_1	Memory_Tregs	strict_primary	3684	14	3670	1	0	14	1	3669	firth_fit_ok	True	11.0	5.3679212859156		0.0414446293571583	214.416693130372	1.37566654728376	4791.17644067845	-90.6350962547084		Memory_Tregs	existing_single_source	single_source_no_pooling_correction	0.253805468428383	0.154080042405078
SOX_2	Memory_Tregs	strict_primary	3684	14	3670	1	0	14	1	3669	firth_fit_ok	True	11.0	5.21826300350303		0.045062448952364	184.613232867037	1.19291921188145	4050.4333636591	-90.6348928467775		Memory_Tregs	existing_single_source	single_source_no_pooling_correction	0.253805468428383	0.154080042405078
SOX_3	Memory_Tregs	strict_primary	3684	14	3670	0	0	14	0	3670	skip_motif_no_variation	False										Memory_Tregs	existing_single_source	single_source_no_pooling_correction		
SOX_4	Memory_Tregs	strict_primary	3684	14	3670	0	0	14	0	3670	skip_motif_no_variation	False										Memory_Tregs	existing_single_source	single_source_no_pooling_correction		
SOX_5	Memory_Tregs	strict_primary	3684	14	3670	0	0	14	0	3670	skip_motif_no_variation	False										Memory_Tregs	existing_single_source	single_source_no_pooling_correction		
SOX_6	Memory_Tregs	strict_primary	3684	14	3670	0	0	14	0	3670	skip_motif_no_variation	False										Memory_Tregs	existing_single_source	single_source_no_pooling_correction		
SOX_7	Memory_Tregs	strict_primary	3684	14	3670	0	0	14	0	3670	skip_motif_no_variation	False										Memory_Tregs	existing_single_source	single_source_no_pooling_correction		
SOX_8	Memory_Tregs	strict_primary	3684	14	3670	0	0	14	0	3670	skip_motif_no_variation	False										Memory_Tregs	existing_single_source	single_source_no_pooling_correction		
SPDEF_1	Memory_Tregs	strict_primary	3684	14	3670	0	0	14	0	3670	skip_motif_no_variation	False										Memory_Tregs	existing_single_source	single_source_no_pooling_correction		
SPDEF_2	Memory_Tregs	strict_primary	3684	14	3670	0	0	14	0	3670	skip_motif_no_variation	False										Memory_Tregs	existing_single_source	single_source_no_pooling_correction		
SPI	Memory_Tregs	strict_primary	3684	14	3670	0	0	14	0	3670	skip_motif_no_variation	False										Memory_Tregs	existing_single_source	single_source_no_pooling_correction		
SPZ1	Memory_Tregs	strict_primary	3684	14	3670	0	0	14	0	3670	skip_motif_no_variation	False										Memory_Tregs	existing_single_source	single_source_no_pooling_correction		
SREBF1	Memory_Tregs	strict_primary	3684	14	3670	1	0	14	1	3669	firth_fit_ok	True	11.0	4.74396822707237		0.0647243839951763	114.889204757966	0.646964446236314	3627.13996159722	-90.6371392162365		Memory_Tregs	existing_single_source	single_source_no_pooling_correction	0.253805468428383	0.159027181829039
SRF	Memory_Tregs	strict_primary	3684	14	3670	0	0	14	0	3670	skip_motif_no_variation	False										Memory_Tregs	existing_single_source	single_source_no_pooling_correction		
STAT_1	Memory_Tregs	strict_primary	3684	14	3670	0	0	14	0	3670	skip_motif_no_variation	False										Memory_Tregs	existing_single_source	single_source_no_pooling_correction		
STAT_2	Memory_Tregs	strict_primary	3684	14	3670	0	0	14	0	3670	skip_motif_no_variation	False										Memory_Tregs	existing_single_source	single_source_no_pooling_correction		
TATA	Memory_Tregs	strict_primary	3684	14	3670	0	0	14	0	3670	skip_motif_no_variation	False										Memory_Tregs	existing_single_source	single_source_no_pooling_correction		
TBX_1	Memory_Tregs	strict_primary	3684	14	3670	0	0	14	0	3670	skip_motif_no_variation	False										Memory_Tregs	existing_single_source	single_source_no_pooling_correction		
TBX_2	Memory_Tregs	strict_primary	3684	14	3670	0	0	14	0	3670	skip_motif_no_variation	False										Memory_Tregs	existing_single_source	single_source_no_pooling_correction		
TBX_3	Memory_Tregs	strict_primary	3684	14	3670	0	0	14	0	3670	skip_motif_no_variation	False										Memory_Tregs	existing_single_source	single_source_no_pooling_correction		
TBX_4	Memory_Tregs	strict_primary	3684	14	3670	1	0	14	1	3669	firth_fit_ok	True	11.0	2.91720699676549		0.184450102685383	18.489573835677	0.11594068466023	437.900471303838	-90.6372106064708		Memory_Tregs	existing_single_source	single_source_no_pooling_correction	0.3113369182911	0.222876490120687
TCF_LEF	Memory_Tregs	strict_primary	3684	14	3670	0	0	14	0	3670	skip_motif_no_variation	False										Memory_Tregs	existing_single_source	single_source_no_pooling_correction		
TEAD	Memory_Tregs	strict_primary	3684	14	3670	0	0	14	0	3670	skip_motif_no_variation	False										Memory_Tregs	existing_single_source	single_source_no_pooling_correction		
TFAP2_1	Memory_Tregs	strict_primary	3684	14	3670	0	0	14	0	3670	skip_motif_no_variation	False										Memory_Tregs	existing_single_source	single_source_no_pooling_correction		
TFAP2_2	Memory_Tregs	strict_primary	3684	14	3670	0	0	14	0	3670	skip_motif_no_variation	False										Memory_Tregs	existing_single_source	single_source_no_pooling_correction		
TFCP2	Memory_Tregs	strict_primary	3684	14	3670	0	0	14	0	3670	skip_motif_no_variation	False										Memory_Tregs	existing_single_source	single_source_no_pooling_correction		
THAP1	Memory_Tregs	strict_primary	3684	14	3670	0	0	14	0	3670	skip_motif_no_variation	False										Memory_Tregs	existing_single_source	single_source_no_pooling_correction		
YY1	Memory_Tregs	strict_primary	3684	14	3670	0	0	14	0	3670	skip_motif_no_variation	False										Memory_Tregs	existing_single_source	single_source_no_pooling_correction		
ZBED1	Memory_Tregs	strict_primary	3684	14	3670	0	0	14	0	3670	skip_motif_no_variation	False										Memory_Tregs	existing_single_source	single_source_no_pooling_correction		
ZBTB14	Memory_Tregs	strict_primary	3684	14	3670	1	0	14	1	3669	firth_fit_ok	True	11.0	4.88424334304232		0.0541315013629458	132.190404693829	0.874437709697091	2721.15958842612	-90.6347500159979		Memory_Tregs	existing_single_source	single_source_no_pooling_correction	0.253805468428383	0.154080042405078
ZBTB48	Memory_Tregs	strict_primary	3684	14	3670	0	0	14	0	3670	skip_motif_no_variation	False										Memory_Tregs	existing_single_source	single_source_no_pooling_correction		
ZBTB49	Memory_Tregs	strict_primary	3684	14	3670	0	0	14	0	3670	skip_motif_no_variation	False										Memory_Tregs	existing_single_source	single_source_no_pooling_correction		
ZBTB6	Memory_Tregs	strict_primary	3684	14	3670	1	0	14	1	3669	firth_fit_ok	True	11.0	5.81146863774001		0.0321813873734548	334.109451280536	2.12238942706596	7689.76831812891	-90.6347776008644		Memory_Tregs	existing_single_source	single_source_no_pooling_correction	0.253805468428383	0.154080042405078
ZBTB7A	Memory_Tregs	strict_primary	3684	14	3670	0	0	14	0	3670	skip_motif_no_variation	False										Memory_Tregs	existing_single_source	single_source_no_pooling_correction		
ZFN121	Memory_Tregs	strict_primary	3684	14	3670	1	0	14	1	3669	firth_fit_ok	True	11.0	4.10237538507886		0.0859606388265073	60.483789384702	0.403813837132409	1214.08572485253	-90.6348689668092		Memory_Tregs	existing_single_source	single_source_no_pooling_correction	0.253805468428383	0.159027181829039
ZFX	Memory_Tregs	strict_primary	3684	14	3670	0	0	14	0	3670	skip_motif_no_variation	False										Memory_Tregs	existing_single_source	single_source_no_pooling_correction		
ZIC	Memory_Tregs	strict_primary	3684	14	3670	0	0	14	0	3670	skip_motif_no_variation	False										Memory_Tregs	existing_single_source	single_source_no_pooling_correction		
ZIC_2	Memory_Tregs	strict_primary	3684	14	3670	0	0	14	0	3670	skip_motif_no_variation	False										Memory_Tregs	existing_single_source	single_source_no_pooling_correction		
ZIM3	Memory_Tregs	strict_primary	3684	14	3670	1	0	14	1	3669	firth_fit_ok	True	11.0	5.38786376062302		0.0408039449030332	218.735614463568	1.41269967303473	4802.66846984712	-90.6349756100608		Memory_Tregs	existing_single_source	single_source_no_pooling_correction	0.253805468428383	0.154080042405078
ZKSCAN1	Memory_Tregs	strict_primary	3684	14	3670	0	0	14	0	3670	skip_motif_no_variation	False										Memory_Tregs	existing_single_source	single_source_no_pooling_correction		
ZNF134	Memory_Tregs	strict_primary	3684	14	3670	1	0	14	1	3669	firth_fit_ok	True	11.0	-0.292130392087876		0.865164793018252	0.746671169612831	0.0046476179337413	17.9847461043955	-90.63847659662		Memory_Tregs	existing_single_source	single_source_no_pooling_correction	0.89358909833302	0.865164793018252
ZNF136	Memory_Tregs	strict_primary	3684	14	3670	0	0	14	0	3670	skip_motif_no_variation	False										Memory_Tregs	existing_single_source	single_source_no_pooling_correction		
ZNF140	Memory_Tregs	strict_primary	3684	14	3670	0	0	14	0	3670	skip_motif_no_variation	False										Memory_Tregs	existing_single_source	single_source_no_pooling_correction		
ZNF143_1	Memory_Tregs	strict_primary	3684	14	3670	0	0	14	0	3670	skip_motif_no_variation	False										Memory_Tregs	existing_single_source	single_source_no_pooling_correction		
ZNF143_2	Memory_Tregs	strict_primary	3684	14	3670	1	0	14	1	3669	firth_fit_ok	True	11.0	4.39510396565667		0.0734101891850284	81.0530570589992	0.524608101405487	1770.77955615842	-90.6350782961613		Memory_Tregs	existing_single_source	single_source_no_pooling_correction	0.253805468428383	0.159027181829039
ZNF146	Memory_Tregs	strict_primary	3684	14	3670	0	0	14	0	3670	skip_motif_no_variation	False										Memory_Tregs	existing_single_source	single_source_no_pooling_correction		
ZNF232	Memory_Tregs	strict_primary	3684	14	3670	0	0	14	0	3670	skip_motif_no_variation	False										Memory_Tregs	existing_single_source	single_source_no_pooling_correction		
ZNF24	Memory_Tregs	strict_primary	3684	14	3670	0	0	14	0	3670	skip_motif_no_variation	False										Memory_Tregs	existing_single_source	single_source_no_pooling_correction		
ZNF250	Memory_Tregs	strict_primary	3684	14	3670	0	0	14	0	3670	skip_motif_no_variation	False										Memory_Tregs	existing_single_source	single_source_no_pooling_correction		
ZNF257	Memory_Tregs	strict_primary	3684	14	3670	0	0	14	0	3670	skip_motif_no_variation	False										Memory_Tregs	existing_single_source	single_source_no_pooling_correction		
ZNF274	Memory_Tregs	strict_primary	3684	14	3670	1	0	14	1	3669	firth_fit_ok	True	11.0	5.07649425335078		0.0485732568370706	160.211409644672	1.05025929719185	3381.25745465982	-90.6347685089589		Memory_Tregs	existing_single_source	single_source_no_pooling_correction	0.253805468428383	0.154080042405078
ZNF28	Memory_Tregs	strict_primary	3684	14	3670	0	0	14	0	3670	skip_motif_no_variation	False										Memory_Tregs	existing_single_source	single_source_no_pooling_correction		
ZNF282	Memory_Tregs	strict_primary	3684	14	3670	0	0	14	0	3670	skip_motif_no_variation	False										Memory_Tregs	existing_single_source	single_source_no_pooling_correction		
ZNF306	Memory_Tregs	strict_primary	3684	14	3670	0	0	14	0	3670	skip_motif_no_variation	False										Memory_Tregs	existing_single_source	single_source_no_pooling_correction		
ZNF317	Memory_Tregs	strict_primary	3684	14	3670	0	0	14	0	3670	skip_motif_no_variation	False										Memory_Tregs	existing_single_source	single_source_no_pooling_correction		
ZNF320	Memory_Tregs	strict_primary	3684	14	3670	0	0	14	0	3670	skip_motif_no_variation	False										Memory_Tregs	existing_single_source	single_source_no_pooling_correction		
ZNF324	Memory_Tregs	strict_primary	3684	14	3670	2	0	14	2	3668	firth_fit_ok	True	11.0	4.18275890366096		0.0807744167813299	65.5464403023878	0.447731062132453	973.984583459188	-90.2883994405767		Memory_Tregs	existing_single_source	single_source_no_pooling_correction	0.253805468428383	0.159027181829039
ZNF329	Memory_Tregs	strict_primary	3684	14	3670	0	0	14	0	3670	skip_motif_no_variation	False										Memory_Tregs	existing_single_source	single_source_no_pooling_correction		
ZNF331	Memory_Tregs	strict_primary	3684	14	3670	0	0	14	0	3670	skip_motif_no_variation	False										Memory_Tregs	existing_single_source	single_source_no_pooling_correction		
ZNF332	Memory_Tregs	strict_primary	3684	14	3670	0	0	14	0	3670	skip_motif_no_variation	False										Memory_Tregs	existing_single_source	single_source_no_pooling_correction		
ZNF335	Memory_Tregs	strict_primary	3684	14	3670	1	0	14	1	3669	firth_fit_ok	True	11.0	5.07985586501737		0.0492085518921869	160.750884432801	1.02739423268651	3642.10517639564	-90.6349580370186		Memory_Tregs	existing_single_source	single_source_no_pooling_correction	0.253805468428383	0.154080042405078
ZNF354	Memory_Tregs	strict_primary	3684	14	3670	0	0	14	0	3670	skip_motif_no_variation	False										Memory_Tregs	existing_single_source	single_source_no_pooling_correction		
ZNF382	Memory_Tregs	strict_primary	3684	14	3670	0	0	14	0	3670	skip_motif_no_variation	False										Memory_Tregs	existing_single_source	single_source_no_pooling_correction		
ZNF384_1	Memory_Tregs	strict_primary	3684	14	3670	0	0	14	0	3670	skip_motif_no_variation	False										Memory_Tregs	existing_single_source	single_source_no_pooling_correction		
ZNF384_2	Memory_Tregs	strict_primary	3684	14	3670	0	0	14	0	3670	skip_motif_no_variation	False										Memory_Tregs	existing_single_source	single_source_no_pooling_correction		
ZNF41	Memory_Tregs	strict_primary	3684	14	3670	0	0	14	0	3670	skip_motif_no_variation	False										Memory_Tregs	existing_single_source	single_source_no_pooling_correction		
ZNF410	Memory_Tregs	strict_primary	3684	14	3670	0	0	14	0	3670	skip_motif_no_variation	False										Memory_Tregs	existing_single_source	single_source_no_pooling_correction		
ZNF418	Memory_Tregs	strict_primary	3684	14	3670	0	0	14	0	3670	skip_motif_no_variation	False										Memory_Tregs	existing_single_source	single_source_no_pooling_correction		
ZNF423	Memory_Tregs	strict_primary	3684	14	3670	0	0	14	0	3670	skip_motif_no_variation	False										Memory_Tregs	existing_single_source	single_source_no_pooling_correction		
ZNF431	Memory_Tregs	strict_primary	3684	14	3670	0	0	14	0	3670	skip_motif_no_variation	False										Memory_Tregs	existing_single_source	single_source_no_pooling_correction		
ZNF435	Memory_Tregs	strict_primary	3684	14	3670	0	0	14	0	3670	skip_motif_no_variation	False										Memory_Tregs	existing_single_source	single_source_no_pooling_correction		
ZNF436	Memory_Tregs	strict_primary	3684	14	3670	0	0	14	0	3670	skip_motif_no_variation	False										Memory_Tregs	existing_single_source	single_source_no_pooling_correction		
ZNF449	Memory_Tregs	strict_primary	3684	14	3670	0	0	14	0	3670	skip_motif_no_variation	False										Memory_Tregs	existing_single_source	single_source_no_pooling_correction		
ZNF490	Memory_Tregs	strict_primary	3684	14	3670	0	0	14	0	3670	skip_motif_no_variation	False										Memory_Tregs	existing_single_source	single_source_no_pooling_correction		
ZNF524	Memory_Tregs	strict_primary	3684	14	3670	0	0	14	0	3670	skip_motif_no_variation	False										Memory_Tregs	existing_single_source	single_source_no_pooling_correction		
ZNF528	Memory_Tregs	strict_primary	3684	14	3670	0	0	14	0	3670	skip_motif_no_variation	False										Memory_Tregs	existing_single_source	single_source_no_pooling_correction		
ZNF53	Memory_Tregs	strict_primary	3684	14	3670	2	0	14	2	3668	firth_fit_ok	True	11.0	3.48915059429869		0.123865523601785	32.7581109593466	0.221794093135691	548.568711757701	-90.288480496293		Memory_Tregs	existing_single_source	single_source_no_pooling_correction	0.261831745494168	0.191317152149991
ZNF547	Memory_Tregs	strict_primary	3684	14	3670	0	0	14	0	3670	skip_motif_no_variation	False										Memory_Tregs	existing_single_source	single_source_no_pooling_correction		
ZNF549	Memory_Tregs	strict_primary	3684	14	3670	0	0	14	0	3670	skip_motif_no_variation	False										Memory_Tregs	existing_single_source	single_source_no_pooling_correction		
ZNF554	Memory_Tregs	strict_primary	3684	14	3670	2	0	14	2	3668	firth_fit_ok	True	11.0	2.57219865411288		0.237471349300694	13.0945832733572	0.0765085011771963	334.758603954766	-90.2931667685854		Memory_Tregs	existing_single_source	single_source_no_pooling_correction	0.349263417246342	0.258424703650755
ZNF563	Memory_Tregs	strict_primary	3684	14	3670	0	0	14	0	3670	skip_motif_no_variation	False										Memory_Tregs	existing_single_source	single_source_no_pooling_correction		
ZNF57	Memory_Tregs	strict_primary	3684	14	3670	0	0	14	0	3670	skip_motif_no_variation	False										Memory_Tregs	existing_single_source	single_source_no_pooling_correction		
ZNF586	Memory_Tregs	strict_primary	3684	14	3670	1	0	14	1	3669	firth_fit_ok	True	11.0	3.17556284977727		0.152678449350772	23.9402908643267	0.157821909853005	497.539247435215	-90.6352656883776		Memory_Tregs	existing_single_source	single_source_no_pooling_correction	0.288437821772955	0.21270704555004
ZNF652	Memory_Tregs	strict_primary	3684	14	3670	0	0	14	0	3670	skip_motif_no_variation	False										Memory_Tregs	existing_single_source	single_source_no_pooling_correction		
ZNF667	Memory_Tregs	strict_primary	3684	14	3670	0	0	14	0	3670	skip_motif_no_variation	False										Memory_Tregs	existing_single_source	single_source_no_pooling_correction		
ZNF680	Memory_Tregs	strict_primary	3684	14	3670	0	0	14	0	3670	skip_motif_no_variation	False										Memory_Tregs	existing_single_source	single_source_no_pooling_correction		
ZNF708	Memory_Tregs	strict_primary	3684	14	3670	0	0	14	0	3670	skip_motif_no_variation	False										Memory_Tregs	existing_single_source	single_source_no_pooling_correction		
ZNF713	Memory_Tregs	strict_primary	3684	14	3670	0	0	14	0	3670	skip_motif_no_variation	False										Memory_Tregs	existing_single_source	single_source_no_pooling_correction		
ZNF768	Memory_Tregs	strict_primary	3684	14	3670	0	0	14	0	3670	skip_motif_no_variation	False										Memory_Tregs	existing_single_source	single_source_no_pooling_correction		
ZNF784	Memory_Tregs	strict_primary	3684	14	3670	0	0	14	0	3670	skip_motif_no_variation	False										Memory_Tregs	existing_single_source	single_source_no_pooling_correction		
ZNF85_1	Memory_Tregs	strict_primary	3684	14	3670	0	0	14	0	3670	skip_motif_no_variation	False										Memory_Tregs	existing_single_source	single_source_no_pooling_correction		
ZNF85_2	Memory_Tregs	strict_primary	3684	14	3670	0	0	14	0	3670	skip_motif_no_variation	False										Memory_Tregs	existing_single_source	single_source_no_pooling_correction		
ZSCAN3	Memory_Tregs	strict_primary	3684	14	3670	0	0	14	0	3670	skip_motif_no_variation	False										Memory_Tregs	existing_single_source	single_source_no_pooling_correction		
ZSCAN4	Memory_Tregs	strict_primary	3684	14	3670	0	0	14	0	3670	skip_motif_no_variation	False										Memory_Tregs	existing_single_source	single_source_no_pooling_correction		
AHR	Monocytes	strict_primary	61893	513	61380	3	0	513	3	61377	firth_fit_ok	True	9.0	0.736157008565291		0.669938278098316	2.08789630945648	0.0145341843149805	30.6276594551423	-2960.26767876198		Resting_Monocytes	corrected_resting_pool	resting_sources_only_consensus_discordant_removed	0.720040499750968	0.796269496253999
AIRE	Monocytes	strict_primary	61893	513	61380	0	0	513	0	61380	skip_motif_no_variation	False										Resting_Monocytes	corrected_resting_pool	resting_sources_only_consensus_discordant_removed		
AP1_1	Monocytes	strict_primary	61893	513	61380	3	0	513	3	61377	firth_fit_ok	True	8.0	2.90955636794208		0.168470758748073	18.348656708821	0.135420220840819	195.372613706246	-2960.26749522788		Resting_Monocytes	corrected_resting_pool	resting_sources_only_consensus_discordant_removed	0.297336111053617	0.545953132934317
AP1_2	Monocytes	strict_primary	61893	513	61380	4	0	513	4	61376	firth_fit_ok	True	9.0	1.57089646530531		0.403093238010008	4.81095911912452	0.0335788453258769	64.4596025069668	-2960.12367034583		Resting_Monocytes	corrected_resting_pool	resting_sources_only_consensus_discordant_removed	0.489748547630517	0.658698043503232
ARI5A	Monocytes	strict_primary	61893	513	61380	0	0	513	0	61380	skip_motif_no_variation	False										Resting_Monocytes	corrected_resting_pool	resting_sources_only_consensus_discordant_removed		
ARI5B	Monocytes	strict_primary	61893	513	61380	0	0	513	0	61380	skip_motif_no_variation	False										Resting_Monocytes	corrected_resting_pool	resting_sources_only_consensus_discordant_removed		
BATF	Monocytes	strict_primary	61893	513	61380	1	0	513	1	61379	firth_fit_ok	True	8.0	3.76046667469808		0.104237872332883	42.9684735999845	0.294101526986222	807.923182197359	-2960.81676910572		Resting_Monocytes	corrected_resting_pool	resting_sources_only_consensus_discordant_removed	0.256460390795695	0.491272066221179
BCL6_1	Monocytes	strict_primary	61893	513	61380	0	0	513	0	61380	skip_motif_no_variation	False										Resting_Monocytes	corrected_resting_pool	resting_sources_only_consensus_discordant_removed		
BCL6_2	Monocytes	strict_primary	61893	513	61380	0	0	513	0	61380	skip_motif_no_variation	False										Resting_Monocytes	corrected_resting_pool	resting_sources_only_consensus_discordant_removed		
CCAAT_CEBP	Monocytes	strict_primary	61893	513	61380	2	0	513	2	61378	firth_fit_ok	True	8.0	3.86626287770083		0.0948531582385358	47.7635538877415	0.343648711306348	602.617290410438	-2960.47025532078		Resting_Monocytes	corrected_resting_pool	resting_sources_only_consensus_discordant_removed	0.256460390795695	0.491272066221179
CENBP	Monocytes	strict_primary	61893	513	61380	2	0	513	2	61378	firth_fit_ok	True	8.0	3.6296839234657		0.109303352798387	37.700898364446	0.27241408419413	468.273862800475	-2960.47030019392		Resting_Monocytes	corrected_resting_pool	resting_sources_only_consensus_discordant_removed	0.256460390795695	0.491272066221179
CPEB1	Monocytes	strict_primary	61893	513	61380	4	0	513	4	61376	firth_fit_ok	True	9.0	2.39217199259623		0.234529202520692	10.9372237322196	0.0798903881486684	117.051768774019	-2960.1236541354		Resting_Monocytes	corrected_resting_pool	resting_sources_only_consensus_discordant_removed	0.347988757722443	0.566398790522598
CREB3_XBP1	Monocytes	strict_primary	61893	513	61380	4	0	513	4	61376	firth_fit_ok	True	9.0	0.0544248149817168		0.972645336717274	1.05593308308101	0.0074799762380252	12.9038444081866	-2960.12395908207		Resting_Monocytes	corrected_resting_pool	resting_sources_only_consensus_discordant_removed	0.980442092923425	0.991716813907809
CREB_ATF_1	Monocytes	strict_primary	61893	513	61380	3	0	513	3	61377	firth_fit_ok	True	9.0	1.7607544626015		0.358776068305645	5.81682431571617	0.0404263745378318	82.4797778033056	-2960.26751345981		Resting_Monocytes	corrected_resting_pool	resting_sources_only_consensus_discordant_removed	0.459518563561915	0.651963816513156
CREB_ATF_2	Monocytes	strict_primary	61893	513	61380	3	0	513	3	61377	firth_fit_ok	True	9.0	2.19974640996127		0.268467147607305	9.02272513607664	0.0643230529812134	110.405271565806	-2960.26749472404		Resting_Monocytes	corrected_resting_pool	resting_sources_only_consensus_discordant_removed	0.372008196271279	0.566398790522598
CREB_ATF_3	Monocytes	strict_primary	61893	513	61380	3	0	513	3	61377	firth_fit_ok	True	8.0	2.81021923468188		0.179103575310618	16.6135600881209	0.122801554288643	175.393542204638	-2960.26747642802		Resting_Monocytes	corrected_resting_pool	resting_sources_only_consensus_discordant_removed	0.307426027719549	0.545953132934317
CTCF	Monocytes	strict_primary	61893	513	61380	22	2	511	20	61360	firth_fit_ok	True	9.0	1.39968001005836		0.104767557289812	4.05390255123498	0.708155671415098	14.9090425629986	-2959.27208967259		Resting_Monocytes	corrected_resting_pool	resting_sources_only_consensus_discordant_removed	0.256460390795695	0.491272066221179
CUX_1	Monocytes	strict_primary	61893	513	61380	0	0	513	0	61380	skip_motif_no_variation	False										Resting_Monocytes	corrected_resting_pool	resting_sources_only_consensus_discordant_removed		
CUX_2	Monocytes	strict_primary	61893	513	61380	1	0	513	1	61379	firth_fit_ok	True	8.0	5.05814211991685		0.0479607271528991	157.298003852482	1.07307288927504	2982.03550911892	-2960.81682613353		Resting_Monocytes	corrected_resting_pool	resting_sources_only_consensus_discordant_removed	0.253805468428383	0.491272066221179
CUX_3	Monocytes	strict_primary	61893	513	61380	0	0	513	0	61380	skip_motif_no_variation	False										Resting_Monocytes	corrected_resting_pool	resting_sources_only_consensus_discordant_removed		
CUX_4	Monocytes	strict_primary	61893	513	61380	0	0	513	0	61380	skip_motif_no_variation	False										Resting_Monocytes	corrected_resting_pool	resting_sources_only_consensus_discordant_removed		
DDIT3+CEBPA	Monocytes	strict_primary	61893	513	61380	1	0	513	1	61379	firth_fit_ok	True	8.0	3.52382361381901		0.120456131621539	33.9138543510126	0.232204648752106	637.139862288979	-2960.81676253176		Resting_Monocytes	corrected_resting_pool	resting_sources_only_consensus_discordant_removed	0.259664004424786	0.491272066221179
DMRT1	Monocytes	strict_primary	61893	513	61380	0	0	513	0	61380	skip_motif_no_variation	False										Resting_Monocytes	corrected_resting_pool	resting_sources_only_consensus_discordant_removed		
DMRT3	Monocytes	strict_primary	61893	513	61380	0	0	513	0	61380	skip_motif_no_variation	False										Resting_Monocytes	corrected_resting_pool	resting_sources_only_consensus_discordant_removed		
E2F_1	Monocytes	strict_primary	61893	513	61380	3	0	513	3	61377	firth_fit_ok	True	9.0	2.27965237885985		0.254150712866449	9.77328241937889	0.0702253142953984	116.514230539581	-2960.26751530366		Resting_Monocytes	corrected_resting_pool	resting_sources_only_consensus_discordant_removed	0.364210280831407	0.566398790522598
E2F_2	Monocytes	strict_primary	61893	513	61380	18	0	513	18	61362	firth_fit_ok	True	8.0	0.355034057914399		0.815930220992177	1.42622922784727	0.0110951674626863	10.9478094261316	-2959.37214374975		Resting_Monocytes	corrected_resting_pool	resting_sources_only_consensus_discordant_removed	0.851479048047853	0.90273130833177
E2F_3	Monocytes	strict_primary	61893	513	61380	3	0	513	3	61377	firth_fit_ok	True	8.0	3.20616122844876		0.139898545427504	24.6841473143032	0.182592280542477	260.414409350293	-2960.26750862946		Resting_Monocytes	corrected_resting_pool	resting_sources_only_consensus_discordant_removed	0.275420528029836	0.513072429827131
E2F_4	Monocytes	strict_primary	61893	513	61380	1	0	513	1	61379	firth_fit_ok	True	8.0	1.51261898579976		0.422481596031042	4.53860177616499	0.0309877987186964	85.865142828099	-2960.81686653222		Resting_Monocytes	corrected_resting_pool	resting_sources_only_consensus_discordant_removed	0.505972006675272	0.665728575564066
EBF1	Monocytes	strict_primary	61893	513	61380	5	0	513	5	61375	firth_fit_ok	True	8.0	1.27889480851896		0.467335638918634	3.59266694572979	0.0270182682105415	33.3851284682997	-2960.01226260605		Resting_Monocytes	corrected_resting_pool	resting_sources_only_consensus_discordant_removed	0.549228566299236	0.699322394928603
EGR	Monocytes	strict_primary	61893	513	61380	12	0	513	12	61368	firth_fit_ok	True	9.0	1.10597159305784		0.516830179246476	3.02215935186565	0.0231608305681664	24.9719374246389	-2959.57463709645		Resting_Monocytes	corrected_resting_pool	resting_sources_only_consensus_discordant_removed	0.585508063425625	0.702618805772987
ETS_1	Monocytes	strict_primary	61893	513	61380	9	1	512	8	61372	firth_fit_ok	True	9.0	1.76572981469669		0.116204537060792	5.8458371795201	0.574445319928999	31.8754039301378	-2959.71848309811		Resting_Monocytes	corrected_resting_pool	resting_sources_only_consensus_discordant_removed	0.256929107238217	0.491272066221179
ETS_2	Monocytes	strict_primary	61893	513	61380	31	2	511	29	61351	firth_fit_ok	True	8.0	1.6117540858655		0.0530381560851542	5.01159428916598	0.974660158504757	16.4788737860734	-2959.1004265756		Resting_Monocytes	corrected_resting_pool	resting_sources_only_consensus_discordant_removed	0.253805468428383	0.491272066221179
EVI1_MECOM	Monocytes	strict_primary	61893	513	61380	0	0	513	0	61380	skip_motif_no_variation	False										Resting_Monocytes	corrected_resting_pool	resting_sources_only_consensus_discordant_removed		
EWSR1_FLI1	Monocytes	strict_primary	61893	513	61380	5	0	513	5	61375	firth_fit_ok	True	8.0	2.46807176547005		0.21959133886646	11.79967236573	0.0889193702509423	109.7076021144	-2960.01209087736		Resting_Monocytes	corrected_resting_pool	resting_sources_only_consensus_discordant_removed	0.332136540104305	0.545953132934317
Ebox_CACCTG	Monocytes	strict_primary	61893	513	61380	12	0	513	12	61368	firth_fit_ok	True	9.0	-0.789070199785537		0.565742096282355	0.454266976512026	0.003369372962626	4.50903421879123	-2959.57484548219		Resting_Monocytes	corrected_resting_pool	resting_sources_only_consensus_discordant_removed	0.635197041138448	0.749461049425725
Ebox_CACGTG_1	Monocytes	strict_primary	61893	513	61380	15	0	513	15	61365	firth_fit_ok	True	9.0	-0.458275315119164		0.745575433833832	0.632373350294423	0.0047381881104193	5.92965335554896	-2959.46317050702		Resting_Monocytes	corrected_resting_pool	resting_sources_only_consensus_discordant_removed	0.789275623023766	0.848945679848092
Ebox_CACGTG_2	Monocytes	strict_primary	61893	513	61380	12	0	513	12	61368	firth_fit_ok	True	9.0	-0.194368920473405		0.899891678518813	0.823354096048593	0.0058368650191359	9.59555604808548	-2959.57470267264		Resting_Monocytes	corrected_resting_pool	resting_sources_only_consensus_discordant_removed	0.920011207916591	0.950139437217833
Ebox_CAGATGG	Monocytes	strict_primary	61893	513	61380	22	0	513	22	61358	firth_fit_ok	True	8.0	0.0001833485363904		0.999899078101578	1.00018336534576	0.0077878462344238	7.62904849408404	-2959.27194709024		Resting_Monocytes	corrected_resting_pool	resting_sources_only_consensus_discordant_removed	0.999899078101578	0.999899078101578
Ebox_CAGCTG	Monocytes	strict_primary	61893	513	61380	20	0	513	20	61360	firth_fit_ok	True	9.0	-0.453718351740691		0.754778585181372	0.635261628383834	0.0046320994833098	6.25128118733237	-2959.31955621578		Resting_Monocytes	corrected_resting_pool	resting_sources_only_consensus_discordant_removed	0.795919556281405	0.853227965857203
Ebox_CATATG	Monocytes	strict_primary	61893	513	61380	0	0	513	0	61380	skip_motif_no_variation	False										Resting_Monocytes	corrected_resting_pool	resting_sources_only_consensus_discordant_removed		
FEZF1	Monocytes	strict_primary	61893	513	61380	1	0	513	1	61379	firth_fit_ok	True	8.0	4.11103270525852		0.0843022258569133	61.0096900757685	0.417170608739323	1149.98008723426	-2960.81678851165		Resting_Monocytes	corrected_resting_pool	resting_sources_only_consensus_discordant_removed	0.253805468428383	0.491272066221179
FOX_1	Monocytes	strict_primary	61893	513	61380	0	0	513	0	61380	skip_motif_no_variation	False										Resting_Monocytes	corrected_resting_pool	resting_sources_only_consensus_discordant_removed		
FOX_2	Monocytes	strict_primary	61893	513	61380	0	0	513	0	61380	skip_motif_no_variation	False										Resting_Monocytes	corrected_resting_pool	resting_sources_only_consensus_discordant_removed		
FOX_3	Monocytes	strict_primary	61893	513	61380	0	0	513	0	61380	skip_motif_no_variation	False										Resting_Monocytes	corrected_resting_pool	resting_sources_only_consensus_discordant_removed		
FOX_4	Monocytes	strict_primary	61893	513	61380	4	0	513	4	61376	firth_fit_ok	True	8.0	2.14562708360616		0.272307110828172	8.54739949117814	0.0631629030589807	89.0486794865939	-2960.12366508823		Resting_Monocytes	corrected_resting_pool	resting_sources_only_consensus_discordant_removed	0.374171372472774	0.566398790522598
FOX_5	Monocytes	strict_primary	61893	513	61380	14	0	513	14	61366	firth_fit_ok	True	8.0	1.18248988040894		0.489498160077635	3.26248730159213	0.0253557864043536	25.2376532313028	-2959.49740413954		Resting_Monocytes	corrected_resting_pool	resting_sources_only_consensus_discordant_removed	0.567992522065954	0.701456122952741
FOX_6	Monocytes	strict_primary	61893	513	61380	1	0	513	1	61379	firth_fit_ok	True	8.0	2.46296768419163		0.232786141810806	11.739599318192	0.0804041887094675	220.386260849561	-2960.81678205912		Resting_Monocytes	corrected_resting_pool	resting_sources_only_consensus_discordant_removed	0.346424347132649	0.566398790522598
FOX_7	Monocytes	strict_primary	61893	513	61380	10	0	513	10	61370	firth_fit_ok	True	8.0	0.923038995448664		0.581734729578805	2.51692771102484	0.0190988213790645	22.1115116675504	-2959.6657466162		Resting_Monocytes	corrected_resting_pool	resting_sources_only_consensus_discordant_removed	0.648808356936006	0.756255148452447
FOX_8	Monocytes	strict_primary	61893	513	61380	1	0	513	1	61379	firth_fit_ok	True	8.0	3.64520203403704		0.111830994978395	38.2905080560673	0.262130874635347	719.637677091025	-2960.8167657446		Resting_Monocytes	corrected_resting_pool	resting_sources_only_consensus_discordant_removed	0.256460390795695	0.491272066221179
FOX_9	Monocytes	strict_primary	61893	513	61380	2	0	513	2	61378	firth_fit_ok	True	9.0	3.60058642293022		0.112772559655226	36.619702781709	0.258732766100965	497.751858824179	-2960.4701934779		Resting_Monocytes	corrected_resting_pool	resting_sources_only_consensus_discordant_removed	0.256460390795695	0.491272066221179
GATA	Monocytes	strict_primary	61893	513	61380	2	0	513	2	61378	firth_fit_ok	True	9.0	1.41074692411807		0.451003804099732	4.09901591479137	0.0278460728540756	87.4857288405908	-2960.47024417281		Resting_Monocytes	corrected_resting_pool	resting_sources_only_consensus_discordant_removed	0.533776266969801	0.689770523917237
GC-tract	Monocytes	strict_primary	61893	513	61380	219	7	506	212	61168	firth_fit_ok	True	8.0	0.444062967586608		0.285321158100613	1.55902865080286	0.661895759240486	3.15396062176133	-2958.12951935465		Resting_Monocytes	corrected_resting_pool	resting_sources_only_consensus_discordant_removed	0.387882547363806	0.587592087969579
GCM	Monocytes	strict_primary	61893	513	61380	2	0	513	2	61378	firth_fit_ok	True	9.0	1.68769952422308		0.371508036603875	5.4070276505128	0.0383875021463641	71.5678506780587	-2960.47030851554		Resting_Monocytes	corrected_resting_pool	resting_sources_only_consensus_discordant_removed	0.465557391204129	0.653586359116986
GFI	Monocytes	strict_primary	61893	513	61380	3	0	513	3	61377	firth_fit_ok	True	8.0	2.9958705807236		0.159469071134658	20.0027663346898	0.147896387850021	211.512859089308	-2960.26747258536		Resting_Monocytes	corrected_resting_pool	resting_sources_only_consensus_discordant_removed	0.290944247369194	0.531728977673904
GLI	Monocytes	strict_primary	61893	513	61380	6	1	512	5	61375	firth_fit_ok	True	8.0	2.27917346627865		0.0513287998288665	9.76860299207641	0.983292476662566	50.3833053946476	-2959.92116257414		Resting_Monocytes	corrected_resting_pool	resting_sources_only_consensus_discordant_removed	0.253805468428383	0.491272066221179
GLIS	Monocytes	strict_primary	61893	513	61380	7	0	513	7	61373	firth_fit_ok	True	9.0	1.10947085320322		0.521239884708865	3.03275319814067	0.0226546336827623	29.206743721167	-2959.84399116056		Resting_Monocytes	corrected_resting_pool	resting_sources_only_consensus_discordant_removed	0.58917676855856	0.704012311814571
GMEB2_1	Monocytes	strict_primary	61893	513	61380	0	0	513	0	61380	skip_motif_no_variation	False										Resting_Monocytes	corrected_resting_pool	resting_sources_only_consensus_discordant_removed		
GMEB2_2	Monocytes	strict_primary	61893	513	61380	2	0	513	2	61378	firth_fit_ok	True	9.0	3.92920903969198		0.0917418744286159	50.8667281904325	0.36298863225797	658.097232856862	-2960.47027992424		Resting_Monocytes	corrected_resting_pool	resting_sources_only_consensus_discordant_removed	0.256460390795695	0.491272066221179
GMEB2_3	Monocytes	strict_primary	61893	513	61380	1	0	513	1	61379	firth_fit_ok	True	8.0	3.79748050581434		0.101943544757261	44.5887018780272	0.305031653443177	839.474803733338	-2960.81678597407		Resting_Monocytes	corrected_resting_pool	resting_sources_only_consensus_discordant_removed	0.256460390795695	0.491272066221179
GRHL	Monocytes	strict_primary	61893	513	61380	1	0	513	1	61379	firth_fit_ok	True	8.0	5.15207821955678		0.0453468294011671	172.790213435826	1.18013818060683	3266.26509702851	-2960.81679889703		Resting_Monocytes	corrected_resting_pool	resting_sources_only_consensus_discordant_removed	0.253805468428383	0.491272066221179
HAND1	Monocytes	strict_primary	61893	513	61380	1	0	513	1	61379	firth_fit_ok	True	8.0	5.21105026962283		0.043765679605988	183.286457338963	1.25353578281548	3452.98472670937	-2960.816769609		Resting_Monocytes	corrected_resting_pool	resting_sources_only_consensus_discordant_removed	0.253805468428383	0.491272066221179
HD_1	Monocytes	strict_primary	61893	513	61380	0	0	513	0	61380	skip_motif_no_variation	False										Resting_Monocytes	corrected_resting_pool	resting_sources_only_consensus_discordant_removed		
HD_10	Monocytes	strict_primary	61893	513	61380	1	0	513	1	61379	firth_fit_ok	True	8.0	3.74439139390733		0.105278114700981	42.2832655333374	0.289352641566375	795.441042069201	-2960.81676712207		Resting_Monocytes	corrected_resting_pool	resting_sources_only_consensus_discordant_removed	0.256460390795695	0.491272066221179
HD_11	Monocytes	strict_primary	61893	513	61380	0	0	513	0	61380	skip_motif_no_variation	False										Resting_Monocytes	corrected_resting_pool	resting_sources_only_consensus_discordant_removed		
HD_12	Monocytes	strict_primary	61893	513	61380	2	0	513	2	61378	firth_fit_ok	True	9.0	1.97486304203959		0.317176522591842	7.20563271747717	0.0490755089261836	146.438829910238	-2960.47021781359		Resting_Monocytes	corrected_resting_pool	resting_sources_only_consensus_discordant_removed	0.419967270174684	0.628311587610506
HD_13	Monocytes	strict_primary	61893	513	61380	0	0	513	0	61380	skip_motif_no_variation	False										Resting_Monocytes	corrected_resting_pool	resting_sources_only_consensus_discordant_removed		
HD_14	Monocytes	strict_primary	61893	513	61380	0	0	513	0	61380	skip_motif_no_variation	False										Resting_Monocytes	corrected_resting_pool	resting_sources_only_consensus_discordant_removed		
HD_15	Monocytes	strict_primary	61893	513	61380	1	0	513	1	61379	firth_fit_ok	True	8.0	3.77746880007928		0.103136886005874	43.7052748199505	0.299269420750452	820.928591837743	-2960.81675659318		Resting_Monocytes	corrected_resting_pool	resting_sources_only_consensus_discordant_removed	0.256460390795695	0.491272066221179
HD_16	Monocytes	strict_primary	61893	513	61380	0	0	513	0	61380	skip_motif_no_variation	False										Resting_Monocytes	corrected_resting_pool	resting_sources_only_consensus_discordant_removed		
HD_17	Monocytes	strict_primary	61893	513	61380	1	0	513	1	61379	firth_fit_ok	True	8.0	3.59352432653369		0.115455270829314	36.3620019357897	0.248823449562128	684.107425397222	-2960.81678263285		Resting_Monocytes	corrected_resting_pool	resting_sources_only_consensus_discordant_removed	0.256929107238217	0.491272066221179
HD_18	Monocytes	strict_primary	61893	513	61380	13	0	513	13	61367	firth_fit_ok	True	8.0	1.18997245410277		0.490077046872016	3.28699066302905	0.0252018258187406	27.2221717937024	-2959.53446036042		Resting_Monocytes	corrected_resting_pool	resting_sources_only_consensus_discordant_removed	0.567992522065954	0.701456122952741
HD_19	Monocytes	strict_primary	61893	513	61380	0	0	513	0	61380	skip_motif_no_variation	False										Resting_Monocytes	corrected_resting_pool	resting_sources_only_consensus_discordant_removed		
HD_2	Monocytes	strict_primary	61893	513	61380	6	0	513	6	61374	firth_fit_ok	True	8.0	1.60226849186926		0.382477998075287	4.96428109210982	0.0370179517003564	48.0599358161638	-2959.92107194868		Resting_Monocytes	corrected_resting_pool	resting_sources_only_consensus_discordant_removed	0.472693938653242	0.657482839666609
HD_20	Monocytes	strict_primary	61893	513	61380	0	0	513	0	61380	skip_motif_no_variation	False										Resting_Monocytes	corrected_resting_pool	resting_sources_only_consensus_discordant_removed		
HD_21	Monocytes	strict_primary	61893	513	61380	0	0	513	0	61380	skip_motif_no_variation	False										Resting_Monocytes	corrected_resting_pool	resting_sources_only_consensus_discordant_removed		
HD_22	Monocytes	strict_primary	61893	513	61380	7	0	513	7	61373	firth_fit_ok	True	9.0	1.31599015668998		0.45832437895806	3.72844089885263	0.0277982829338369	35.8295382523343	-2959.84398911764		Resting_Monocytes	corrected_resting_pool	resting_sources_only_consensus_discordant_removed	0.541167048394141	0.693371126634217
HD_23	Monocytes	strict_primary	61893	513	61380	0	0	513	0	61380	skip_motif_no_variation	False										Resting_Monocytes	corrected_resting_pool	resting_sources_only_consensus_discordant_removed		
HD_24	Monocytes	strict_primary	61893	513	61380	0	0	513	0	61380	skip_motif_no_variation	False										Resting_Monocytes	corrected_resting_pool	resting_sources_only_consensus_discordant_removed		
HD_25	Monocytes	strict_primary	61893	513	61380	0	0	513	0	61380	skip_motif_no_variation	False										Resting_Monocytes	corrected_resting_pool	resting_sources_only_consensus_discordant_removed		
HD_3	Monocytes	strict_primary	61893	513	61380	0	0	513	0	61380	skip_motif_no_variation	False										Resting_Monocytes	corrected_resting_pool	resting_sources_only_consensus_discordant_removed		
HD_4	Monocytes	strict_primary	61893	513	61380	1	0	513	1	61379	firth_fit_ok	True	8.0	4.2081105016715		0.0797471213320709	67.2293899033295	0.457356883333499	1283.34626879905	-2960.81685759913		Resting_Monocytes	corrected_resting_pool	resting_sources_only_consensus_discordant_removed	0.253805468428383	0.491272066221179
HD_5	Monocytes	strict_primary	61893	513	61380	0	0	513	0	61380	skip_motif_no_variation	False										Resting_Monocytes	corrected_resting_pool	resting_sources_only_consensus_discordant_removed		
HD_6	Monocytes	strict_primary	61893	513	61380	4	0	513	4	61376	firth_fit_ok	True	8.0	1.61093319044683		0.380598241359442	5.00748198249154	0.0373016677638115	49.97115431132	-2960.12375063617		Resting_Monocytes	corrected_resting_pool	resting_sources_only_consensus_discordant_removed	0.47152934828522	0.657482839666609
HD_7	Monocytes	strict_primary	61893	513	61380	0	0	513	0	61380	skip_motif_no_variation	False										Resting_Monocytes	corrected_resting_pool	resting_sources_only_consensus_discordant_removed		
HD_8	Monocytes	strict_primary	61893	513	61380	1	0	513	1	61379	firth_fit_ok	True	8.0	4.68385777895123		0.0597696492341188	108.186628662985	0.740152816314795	2036.51567395389	-2960.81676015136		Resting_Monocytes	corrected_resting_pool	resting_sources_only_consensus_discordant_removed	0.253805468428383	0.491272066221179
HD_9	Monocytes	strict_primary	61893	513	61380	0	0	513	0	61380	skip_motif_no_variation	False										Resting_Monocytes	corrected_resting_pool	resting_sources_only_consensus_discordant_removed		
HEN1	Monocytes	strict_primary	61893	513	61380	13	0	513	13	61367	firth_fit_ok	True	8.0	0.847289736795636		0.606638152456994	2.33331437836333	0.0179556119203515	18.8474981079803	-2959.53495946286		Resting_Monocytes	corrected_resting_pool	resting_sources_only_consensus_discordant_removed	0.668967652058469	0.770855223949836
HIC_1	Monocytes	strict_primary	61893	513	61380	10	0	513	10	61370	firth_fit_ok	True	8.0	0.848783230019011		0.607789695806601	2.33680177112593	0.0178384804881024	19.7584622112344	-2959.66575041416		Resting_Monocytes	corrected_resting_pool	resting_sources_only_consensus_discordant_removed	0.668967652058469	0.770855223949836
HIC_2	Monocytes	strict_primary	61893	513	61380	1	0	513	1	61379	firth_fit_ok	True	8.0	3.24666261664207		0.143068273701796	25.7044111343601	0.175605983995755	485.567360811956	-2960.81682830235		Resting_Monocytes	corrected_resting_pool	resting_sources_only_consensus_discordant_removed	0.278091230571648	0.513072429827131
HIF	Monocytes	strict_primary	61893	513	61380	1	0	513	1	61379	firth_fit_ok	True	8.0	2.59818719942629		0.213924520846427	13.4393530721828	0.0920119965596034	252.524988399136	-2960.81678447091		Resting_Monocytes	corrected_resting_pool	resting_sources_only_consensus_discordant_removed	0.332136540104305	0.545953132934317
HINFP1_1	Monocytes	strict_primary	61893	513	61380	0	0	513	0	61380	skip_motif_no_variation	False										Resting_Monocytes	corrected_resting_pool	resting_sources_only_consensus_discordant_removed		
HINFP1_2	Monocytes	strict_primary	61893	513	61380	4	0	513	4	61376	firth_fit_ok	True	9.0	0.38156745361062		0.813891725982144	1.46457844998404	0.0105845908236622	18.2587016796716	-2960.12387136964		Resting_Monocytes	corrected_resting_pool	resting_sources_only_consensus_discordant_removed	0.851117542970932	0.90273130833177
HINFP1_3	Monocytes	strict_primary	61893	513	61380	2	0	513	2	61378	firth_fit_ok	True	8.0	1.61619391245537		0.387468059409023	5.03389436635478	0.0359419317689662	65.109671481714	-2960.4703938898		Resting_Monocytes	corrected_resting_pool	resting_sources_only_consensus_discordant_removed	0.476519398246305	0.658698043503232
HLTF	Monocytes	strict_primary	61893	513	61380	0	0	513	0	61380	skip_motif_no_variation	False										Resting_Monocytes	corrected_resting_pool	resting_sources_only_consensus_discordant_removed		
HOMEZ	Monocytes	strict_primary	61893	513	61380	2	0	513	2	61378	firth_fit_ok	True	8.0	3.72074537387364		0.103800662138663	41.2951629756211	0.296385778553471	525.858624727369	-2960.47020825262		Resting_Monocytes	corrected_resting_pool	resting_sources_only_consensus_discordant_removed	0.256460390795695	0.491272066221179
HSF	Monocytes	strict_primary	61893	513	61380	1	0	513	1	61379	firth_fit_ok	True	8.0	2.41563768510805		0.239883882615396	11.1969081830729	0.0766382726160978	210.531955921518	-2960.81679350572		Resting_Monocytes	corrected_resting_pool	resting_sources_only_consensus_discordant_removed	0.351003118036402	0.566398790522598
HSFY2	Monocytes	strict_primary	61893	513	61380	0	0	513	0	61380	skip_motif_no_variation	False										Resting_Monocytes	corrected_resting_pool	resting_sources_only_consensus_discordant_removed		
INSM1	Monocytes	strict_primary	61893	513	61380	8	1	512	7	61373	firth_fit_ok	True	10.0	1.11531060616212		0.33129138494233	3.05051554097153	0.256964731746724	20.5140497304982	-2959.77744044937		Resting_Monocytes	corrected_resting_pool	resting_sources_only_consensus_discordant_removed	0.430229123053746	0.632189064844079
IRF_1	Monocytes	strict_primary	61893	513	61380	2	0	513	2	61378	firth_fit_ok	True	8.0	3.31714689140813		0.132543789437902	27.581545048481	0.199089319222001	343.995257986395	-2960.47020866953		Resting_Monocytes	corrected_resting_pool	resting_sources_only_consensus_discordant_removed	0.271014333688068	0.513072429827131
IRF_2	Monocytes	strict_primary	61893	513	61380	33	0	513	33	61347	firth_fit_ok	True	8.0	0.380345825635099		0.802525098294098	1.46279037238238	0.011474479681315	10.6950339836954	-2959.06905005224		Resting_Monocytes	corrected_resting_pool	resting_sources_only_consensus_discordant_removed	0.84097942592069	0.897447421748239
IRF_3	Monocytes	strict_primary	61893	513	61380	0	0	513	0	61380	skip_motif_no_variation	False										Resting_Monocytes	corrected_resting_pool	resting_sources_only_consensus_discordant_removed		
IRF_4	Monocytes	strict_primary	61893	513	61380	0	0	513	0	61380	skip_motif_no_variation	False										Resting_Monocytes	corrected_resting_pool	resting_sources_only_consensus_discordant_removed		
KAISO	Monocytes	strict_primary	61893	513	61380	1	0	513	1	61379	firth_fit_ok	True	8.0	4.23684577328422		0.078288090808852	69.189268649894	0.471598345288134	1314.45971870472	-2960.81688448323		Resting_Monocytes	corrected_resting_pool	resting_sources_only_consensus_discordant_removed	0.253805468428383	0.491272066221179
KLF_SP_1	Monocytes	strict_primary	61893	513	61380	37	0	513	37	61343	firth_fit_ok	True	8.0	-0.841570722515898		0.512104638467783	0.431032958262317	0.0033223162064687	3.42978059874439	-2959.01245324104		Resting_Monocytes	corrected_resting_pool	resting_sources_only_consensus_discordant_removed	0.582779713007454	0.702618805772987
KLF_SP_2	Monocytes	strict_primary	61893	513	61380	234	6	507	228	61152	firth_fit_ok	True	8.0	0.0067427582744501		0.987253143904617	1.00676554184828	0.398387657380477	2.13318715535842	-2958.09774560978		Resting_Monocytes	corrected_resting_pool	resting_sources_only_consensus_discordant_removed	0.990308013413654	0.993113795762623
KLF_SP_3	Monocytes	strict_primary	61893	513	61380	0	0	513	0	61380	skip_motif_no_variation	False										Resting_Monocytes	corrected_resting_pool	resting_sources_only_consensus_discordant_removed		
LEF1	Monocytes	strict_primary	61893	513	61380	3	0	513	3	61377	firth_fit_ok	True	9.0	0.820833138922071		0.642867041066736	2.27239226753869	0.0154291059867436	49.0880599104594	-2960.26754196473		Resting_Monocytes	corrected_resting_pool	resting_sources_only_consensus_discordant_removed	0.696901124259845	0.779197221402496
LIN54	Monocytes	strict_primary	61893	513	61380	0	0	513	0	61380	skip_motif_no_variation	False										Resting_Monocytes	corrected_resting_pool	resting_sources_only_consensus_discordant_removed		
MAF	Monocytes	strict_primary	61893	513	61380	14	0	513	14	61366	firth_fit_ok	True	9.0	0.798616309884669		0.628784340926936	2.22246359903461	0.0168131088625551	19.5437963402385	-2959.49747793039		Resting_Monocytes	corrected_resting_pool	resting_sources_only_consensus_discordant_removed	0.689059964022329	0.779197221402496
MBD2	Monocytes	strict_primary	61893	513	61380	0	0	513	0	61380	skip_motif_no_variation	False										Resting_Monocytes	corrected_resting_pool	resting_sources_only_consensus_discordant_removed		
MECP2	Monocytes	strict_primary	61893	513	61380	3	0	513	3	61377	firth_fit_ok	True	8.0	0.95421560415803		0.580277828555479	2.59663299576155	0.0188254089294737	29.4135854401997	-2960.26764576683		Resting_Monocytes	corrected_resting_pool	resting_sources_only_consensus_discordant_removed	0.648621661696458	0.756255148452447
MEF2	Monocytes	strict_primary	61893	513	61380	0	0	513	0	61380	skip_motif_no_variation	False										Resting_Monocytes	corrected_resting_pool	resting_sources_only_consensus_discordant_removed		
MFZ1	Monocytes	strict_primary	61893	513	61380	3	1	512	2	61378	firth_fit_ok	True	8.0	4.29865776835763		0.0025405636131036	73.6009378630131	6.55538797960159	577.041979807913	-2960.26763236115		Resting_Monocytes	corrected_resting_pool	resting_sources_only_consensus_discordant_removed	0.212983916231853	0.176145743841851
MIES	Monocytes	strict_primary	61893	513	61380	9	0	513	9	61371	firth_fit_ok	True	9.0	0.777059948872921		0.638371032155644	2.17506804448705	0.0163583837766435	20.0032020472027	-2959.71834281086		Resting_Monocytes	corrected_resting_pool	resting_sources_only_consensus_discordant_removed	0.696901124259845	0.779197221402496
MTF1	Monocytes	strict_primary	61893	513	61380	4	0	513	4	61376	firth_fit_ok	True	9.0	1.28935836446017		0.475388503833123	3.63045637843225	0.0258893668574409	44.8651909679218	-2960.12375966144		Resting_Monocytes	corrected_resting_pool	resting_sources_only_consensus_discordant_removed	0.556093994018746	0.701282331895671
MYB_1	Monocytes	strict_primary	61893	513	61380	0	0	513	0	61380	skip_motif_no_variation	False										Resting_Monocytes	corrected_resting_pool	resting_sources_only_consensus_discordant_removed		
MYB_2	Monocytes	strict_primary	61893	513	61380	0	0	513	0	61380	skip_motif_no_variation	False										Resting_Monocytes	corrected_resting_pool	resting_sources_only_consensus_discordant_removed		
MYB_3	Monocytes	strict_primary	61893	513	61380	0	0	513	0	61380	skip_motif_no_variation	False										Resting_Monocytes	corrected_resting_pool	resting_sources_only_consensus_discordant_removed		
MYB_4	Monocytes	strict_primary	61893	513	61380	0	0	513	0	61380	skip_motif_no_variation	False										Resting_Monocytes	corrected_resting_pool	resting_sources_only_consensus_discordant_removed		
MYB_5	Monocytes	strict_primary	61893	513	61380	0	0	513	0	61380	skip_motif_no_variation	False										Resting_Monocytes	corrected_resting_pool	resting_sources_only_consensus_discordant_removed		
MZF1	Monocytes	strict_primary	61893	513	61380	18	1	512	17	61363	firth_fit_ok	True	8.0	1.4913590432701		0.159944556746802	4.4431298233191	0.465857950018759	19.6296130734814	-2959.37222548739		Resting_Monocytes	corrected_resting_pool	resting_sources_only_consensus_discordant_removed	0.290944247369194	0.531728977673904
NFAC_2	Monocytes	strict_primary	61893	513	61380	7	0	513	7	61373	firth_fit_ok	True	8.0	2.18519810197361		0.263491669446538	8.892409982862	0.0666234622355902	81.6520769356219	-2959.84387292188		Resting_Monocytes	corrected_resting_pool	resting_sources_only_consensus_discordant_removed	0.370389752191499	0.566398790522598
NFAT_1	Monocytes	strict_primary	61893	513	61380	8	0	513	8	61372	firth_fit_ok	True	9.0	1.68672558492746		0.361074316741523	5.40176409741815	0.0405891316368048	48.9828411896776	-2959.77720681691		Resting_Monocytes	corrected_resting_pool	resting_sources_only_consensus_discordant_removed	0.459518563561915	0.651963816513156
NFAT_2	Monocytes	strict_primary	61893	513	61380	2	0	513	2	61378	firth_fit_ok	True	8.0	4.25297497150962		0.0752116074736336	70.3142844913781	0.50427608824335	898.355944774246	-2960.47022263055		Resting_Monocytes	corrected_resting_pool	resting_sources_only_consensus_discordant_removed	0.253805468428383	0.491272066221179
NFAT_3	Monocytes	strict_primary	61893	513	61380	0	0	513	0	61380	skip_motif_no_variation	False										Resting_Monocytes	corrected_resting_pool	resting_sources_only_consensus_discordant_removed		
NFAT_4	Monocytes	strict_primary	61893	513	61380	0	0	513	0	61380	skip_motif_no_variation	False										Resting_Monocytes	corrected_resting_pool	resting_sources_only_consensus_discordant_removed		
NFI_1	Monocytes	strict_primary	61893	513	61380	5	0	513	5	61375	firth_fit_ok	True	9.0	1.51341337740084		0.412205628542974	4.54220863573644	0.0325901175026049	51.6305906620637	-2960.01212564848		Resting_Monocytes	corrected_resting_pool	resting_sources_only_consensus_discordant_removed	0.496027347265828	0.659529005668758
NFI_2	Monocytes	strict_primary	61893	513	61380	0	0	513	0	61380	skip_motif_no_variation	False										Resting_Monocytes	corrected_resting_pool	resting_sources_only_consensus_discordant_removed		
NFI_3	Monocytes	strict_primary	61893	513	61380	5	1	512	4	61376	firth_fit_ok	True	8.0	3.27768687047589		0.0109811814732784	26.5143705383701	2.60616436752705	148.706009199332	-2960.01214188198		Resting_Monocytes	corrected_resting_pool	resting_sources_only_consensus_discordant_removed	0.253805468428383	0.491272066221179
NFKB_1	Monocytes	strict_primary	61893	513	61380	6	0	513	6	61374	firth_fit_ok	True	8.0	2.33392413769053		0.237008139272833	10.3183528286812	0.0789155864023441	88.2567244358812	-2959.9211120705		Resting_Monocytes	corrected_resting_pool	resting_sources_only_consensus_discordant_removed	0.349263417246342	0.566398790522598
NFKB_2	Monocytes	strict_primary	61893	513	61380	1	0	513	1	61379	firth_fit_ok	True	8.0	3.71911679921773		0.107227008972072	41.2279654527307	0.280756648671543	785.019016159061	-2960.81690706017		Resting_Monocytes	corrected_resting_pool	resting_sources_only_consensus_discordant_removed	0.256460390795695	0.491272066221179
NFKB_3	Monocytes	strict_primary	61893	513	61380	3	0	513	3	61377	firth_fit_ok	True	8.0	2.86960396297345		0.173179359187967	17.6300346705517	0.129540493408747	189.844807467096	-2960.26751449514		Resting_Monocytes	corrected_resting_pool	resting_sources_only_consensus_discordant_removed	0.300376612660508	0.545953132934317
NFY	Monocytes	strict_primary	61893	513	61380	0	0	513	0	61380	skip_motif_no_variation	False										Resting_Monocytes	corrected_resting_pool	resting_sources_only_consensus_discordant_removed		
NR2E3	Monocytes	strict_primary	61893	513	61380	1	0	513	1	61379	firth_fit_ok	True	8.0	3.95338362977836		0.0927121668241343	52.1113945269298	0.356556421791163	980.684201896958	-2960.81676898687		Resting_Monocytes	corrected_resting_pool	resting_sources_only_consensus_discordant_removed	0.256460390795695	0.491272066221179
NRF1	Monocytes	strict_primary	61893	513	61380	6	0	513	6	61374	firth_fit_ok	True	9.0	1.18016670552885		0.502485395769031	3.25491677028548	0.0238923085089161	35.1439905549198	-2959.92108565625		Resting_Monocytes	corrected_resting_pool	resting_sources_only_consensus_discordant_removed	0.574432168345051	0.701456122952741
NR_1	Monocytes	strict_primary	61893	513	61380	11	0	513	11	61369	firth_fit_ok	True	9.0	0.474504208467171		0.766001852305801	1.60721715526172	0.0120448609026225	14.9225915825189	-2959.61816382972		Resting_Monocytes	corrected_resting_pool	resting_sources_only_consensus_discordant_removed	0.806064710689996	0.861234515024901
NR_10	Monocytes	strict_primary	61893	513	61380	1	0	513	1	61379	firth_fit_ok	True	8.0	4.24210536973688		0.0779483741261602	69.5541349655181	0.475025305753159	1314.93266940035	-2960.81683290231		Resting_Monocytes	corrected_resting_pool	resting_sources_only_consensus_discordant_removed	0.253805468428383	0.491272066221179
NR_11	Monocytes	strict_primary	61893	513	61380	12	0	513	12	61368	firth_fit_ok	True	8.0	0.750562261788436		0.644336163852064	2.11819065952327	0.0162792560690473	17.4028765996054	-2959.5745241766		Resting_Monocytes	corrected_resting_pool	resting_sources_only_consensus_discordant_removed	0.696991592295889	0.779197221402496
NR_12	Monocytes	strict_primary	61893	513	61380	21	0	513	21	61359	firth_fit_ok	True	8.0	0.339736478955377		0.82388738065015	1.40457740608473	0.0108813355827802	10.9351963759423	-2959.29492954235		Resting_Monocytes	corrected_resting_pool	resting_sources_only_consensus_discordant_removed	0.858002800138769	0.906712037964186
NR_13	Monocytes	strict_primary	61893	513	61380	8	0	513	8	61372	firth_fit_ok	True	9.0	1.04148988910181		0.542345953199137	2.83343537561281	0.0212991254177307	25.7298599831893	-2959.77721740394		Resting_Monocytes	corrected_resting_pool	resting_sources_only_consensus_discordant_removed	0.610290860087619	0.723127937598849
NR_14	Monocytes	strict_primary	61893	513	61380	0	0	513	0	61380	skip_motif_no_variation	False										Resting_Monocytes	corrected_resting_pool	resting_sources_only_consensus_discordant_removed		
NR_15	Monocytes	strict_primary	61893	513	61380	11	0	513	11	61369	firth_fit_ok	True	8.0	1.38462514029903		0.431439546808269	3.9933286862135	0.030880695138288	31.7928943833755	-2959.61800370665		Resting_Monocytes	corrected_resting_pool	resting_sources_only_consensus_discordant_removed	0.514251402949193	0.674732524331729
NR_16	Monocytes	strict_primary	61893	513	61380	17	0	513	17	61363	firth_fit_ok	True	8.0	1.04580799918479		0.532666459361632	2.84569691576534	0.0222244381426016	21.3913890837343	-2959.40049765119		Resting_Monocytes	corrected_resting_pool	resting_sources_only_consensus_discordant_removed	0.600742666051347	0.714804022885287
NR_17	Monocytes	strict_primary	61893	513	61380	14	0	513	14	61366	firth_fit_ok	True	8.0	0.277584038131262		0.855323364923462	1.31993703952511	0.0101483231161142	10.7600859064832	-2959.49776343389		Resting_Monocytes	corrected_resting_pool	resting_sources_only_consensus_discordant_removed	0.885242083449591	0.926600312000417
NR_18	Monocytes	strict_primary	61893	513	61380	14	0	513	14	61366	firth_fit_ok	True	9.0	-0.741857540065025		0.596001825800533	0.476228479928014	0.0035014567372732	4.9819215992404	-2959.49787146311		Resting_Monocytes	corrected_resting_pool	resting_sources_only_consensus_discordant_removed	0.66324981941962	0.769989936437956
NR_19	Monocytes	strict_primary	61893	513	61380	14	0	513	14	61366	firth_fit_ok	True	9.0	0.312112212078434		0.839922360711046	1.36630800068837	0.0103733703580378	11.838610632329	-2959.4975929319		Resting_Monocytes	corrected_resting_pool	resting_sources_only_consensus_discordant_removed	0.872894519499289	0.919493952778408
NR_2	Monocytes	strict_primary	61893	513	61380	2	0	513	2	61378	firth_fit_ok	True	9.0	3.76031760861761		0.10424503231243	42.9620689354124	0.294070301353227	751.519872544106	-2960.47025609912		Resting_Monocytes	corrected_resting_pool	resting_sources_only_consensus_discordant_removed	0.256460390795695	0.491272066221179
NR_20	Monocytes	strict_primary	61893	513	61380	4	0	513	4	61376	firth_fit_ok	True	9.0	0.640127111134272		0.709049032834713	1.89672195846224	0.0131446469196512	27.7908046448173	-2960.12374876624		Resting_Monocytes	corrected_resting_pool	resting_sources_only_consensus_discordant_removed	0.757222215532613	0.828551678818092
NR_3	Monocytes	strict_primary	61893	513	61380	38	1	512	37	61343	firth_fit_ok	True	9.0	-0.0908304946528825		0.918612608400768	0.913172485400458	0.0951975618895679	4.01755839488164	-2958.99925821761		Resting_Monocytes	corrected_resting_pool	resting_sources_only_consensus_discordant_removed	0.935348465638839	0.960157902248039
NR_4	Monocytes	strict_primary	61893	513	61380	1	0	513	1	61379	firth_fit_ok	True	8.0	4.13987511224314		0.0828035803597037	62.7949786354523	0.429747068014963	1181.11407604923	-2960.81676748142		Resting_Monocytes	corrected_resting_pool	resting_sources_only_consensus_discordant_removed	0.253805468428383	0.491272066221179
NR_5	Monocytes	strict_primary	61893	513	61380	0	0	513	0	61380	skip_motif_no_variation	False										Resting_Monocytes	corrected_resting_pool	resting_sources_only_consensus_discordant_removed		
NR_6	Monocytes	strict_primary	61893	513	61380	0	0	513	0	61380	skip_motif_no_variation	False										Resting_Monocytes	corrected_resting_pool	resting_sources_only_consensus_discordant_removed		
NR_7	Monocytes	strict_primary	61893	513	61380	8	0	513	8	61372	firth_fit_ok	True	9.0	1.22413106416387		0.483397826197338	3.4012093656741	0.0256142327152846	30.8813791023953	-2959.77719213632		Resting_Monocytes	corrected_resting_pool	resting_sources_only_consensus_discordant_removed	0.56284515411403	0.701456122952741
NR_8	Monocytes	strict_primary	61893	513	61380	2	0	513	2	61378	firth_fit_ok	True	8.0	3.26812729801046		0.136422643539375	26.2621121540447	0.190025781424567	324.920104825014	-2960.47025734574		Resting_Monocytes	corrected_resting_pool	resting_sources_only_consensus_discordant_removed	0.275420528029836	0.513072429827131
NR_9	Monocytes	strict_primary	61893	513	61380	0	0	513	0	61380	skip_motif_no_variation	False										Resting_Monocytes	corrected_resting_pool	resting_sources_only_consensus_discordant_removed		
OCT4+SOX2	Monocytes	strict_primary	61893	513	61380	0	0	513	0	61380	skip_motif_no_variation	False										Resting_Monocytes	corrected_resting_pool	resting_sources_only_consensus_discordant_removed		
OSR2	Monocytes	strict_primary	61893	513	61380	8	0	513	8	61372	firth_fit_ok	True	8.0	1.80972849334412		0.330702368446915	6.10878863028041	0.046751451914494	51.2223727854829	-2959.77748823399		Resting_Monocytes	corrected_resting_pool	resting_sources_only_consensus_discordant_removed	0.430229123053746	0.632189064844079
OVOL1	Monocytes	strict_primary	61893	513	61380	0	0	513	0	61380	skip_motif_no_variation	False										Resting_Monocytes	corrected_resting_pool	resting_sources_only_consensus_discordant_removed		
P53-like_1	Monocytes	strict_primary	61893	513	61380	9	0	513	9	61371	firth_fit_ok	True	8.0	1.11913312327366		0.514301788967711	3.06219850376291	0.0232779580849584	26.3788333493737	-2959.71839875583		Resting_Monocytes	corrected_resting_pool	resting_sources_only_consensus_discordant_removed	0.583958916141667	0.702618805772987
P53-like_2	Monocytes	strict_primary	61893	513	61380	1	0	513	1	61379	firth_fit_ok	True	8.0	3.33867216529426		0.134968954736513	28.1816812358024	0.193009096318435	529.095709839324	-2960.81676150587		Resting_Monocytes	corrected_resting_pool	resting_sources_only_consensus_discordant_removed	0.274855806609174	0.513072429827131
P53-like_3	Monocytes	strict_primary	61893	513	61380	0	0	513	0	61380	skip_motif_no_variation	False										Resting_Monocytes	corrected_resting_pool	resting_sources_only_consensus_discordant_removed		
PAX-halfsite	Monocytes	strict_primary	61893	513	61380	0	0	513	0	61380	skip_motif_no_variation	False										Resting_Monocytes	corrected_resting_pool	resting_sources_only_consensus_discordant_removed		
PAX_1	Monocytes	strict_primary	61893	513	61380	3	0	513	3	61377	firth_fit_ok	True	9.0	1.71841748075851		0.363595205363106	5.57569782969421	0.039754548626339	69.2193823382291	-2960.26754604353		Resting_Monocytes	corrected_resting_pool	resting_sources_only_consensus_discordant_removed	0.459518563561915	0.651963816513156
PAX_2	Monocytes	strict_primary	61893	513	61380	30	1	512	29	61351	firth_fit_ok	True	9.0	0.449448137493738		0.64222021398877	1.56744693156944	0.157745409589187	7.09261198089974	-2959.11724933285		Resting_Monocytes	corrected_resting_pool	resting_sources_only_consensus_discordant_removed	0.696901124259845	0.779197221402496
PLAG1	Monocytes	strict_primary	61893	513	61380	3	0	513	3	61377	firth_fit_ok	True	8.0	1.69909849707505		0.363392757876436	5.46901483583338	0.0399793308147723	60.2102867069494	-2960.26756215635		Resting_Monocytes	corrected_resting_pool	resting_sources_only_consensus_discordant_removed	0.459518563561915	0.651963816513156
POU_1	Monocytes	strict_primary	61893	513	61380	1	0	513	1	61379	firth_fit_ok	True	8.0	5.29096922315486		0.0417602442416084	198.535757641271	1.35777062850139	3740.67225439181	-2960.81676543282		Resting_Monocytes	corrected_resting_pool	resting_sources_only_consensus_discordant_removed	0.253805468428383	0.491272066221179
POU_2	Monocytes	strict_primary	61893	513	61380	5	0	513	5	61375	firth_fit_ok	True	9.0	2.24513361239334		0.263589173765807	9.44167699724712	0.066078426303619	121.463744785434	-2960.01218811534		Resting_Monocytes	corrected_resting_pool	resting_sources_only_consensus_discordant_removed	0.370389752191499	0.566398790522598
POU_3	Monocytes	strict_primary	61893	513	61380	1	0	513	1	61379	firth_fit_ok	True	8.0	2.69130169192816		0.201913362855124	14.7508645101832	0.100910627103841	277.71616480065	-2960.8168241595		Resting_Monocytes	corrected_resting_pool	resting_sources_only_consensus_discordant_removed	0.322225095031269	0.545953132934317
PRDM1	Monocytes	strict_primary	61893	513	61380	4	0	513	4	61376	firth_fit_ok	True	9.0	2.7261295989414		0.191018110155982	15.2736572930911	0.110655303746809	167.708762282317	-2960.12368852299		Resting_Monocytes	corrected_resting_pool	resting_sources_only_consensus_discordant_removed	0.313030519671805	0.545953132934317
PRDM14	Monocytes	strict_primary	61893	513	61380	3	0	513	3	61377	firth_fit_ok	True	9.0	1.41690157456303		0.44896875527324	4.12432171922415	0.0280590271431172	73.9845536048303	-2960.26753615309		Resting_Monocytes	corrected_resting_pool	resting_sources_only_consensus_discordant_removed	0.533776266969801	0.689770523917237
PRDM16	Monocytes	strict_primary	61893	513	61380	5	0	513	5	61375	firth_fit_ok	True	9.0	1.93896244934247		0.311127478233293	6.95153465828428	0.05114529692241	71.7738347995535	-2960.0121865301		Resting_Monocytes	corrected_resting_pool	resting_sources_only_consensus_discordant_removed	0.416295556333493	0.628296266723543
PRDM4	Monocytes	strict_primary	61893	513	61380	4	0	513	4	61376	firth_fit_ok	True	8.0	2.60106157523501		0.205301246558725	13.4780383949813	0.0987160268898403	140.868734627478	-2960.12365839026		Resting_Monocytes	corrected_resting_pool	resting_sources_only_consensus_discordant_removed	0.325402739417968	0.545953132934317
PRDM5	Monocytes	strict_primary	61893	513	61380	12	1	512	11	61369	firth_fit_ok	True	10.0	1.44941867750216		0.202431670039525	4.26063699098033	0.383402244811915	24.9183729678503	-2959.57473523466		Resting_Monocytes	corrected_resting_pool	resting_sources_only_consensus_discordant_removed	0.322225095031269	0.545953132934317
PRDM9	Monocytes	strict_primary	61893	513	61380	7	0	513	7	61373	firth_fit_ok	True	9.0	1.3577422795772		0.450139512865025	3.88740670917372	0.0284545596481155	38.8135842982835	-2959.84415097818		Resting_Monocytes	corrected_resting_pool	resting_sources_only_consensus_discordant_removed	0.533776266969801	0.689770523917237
PROX1	Monocytes	strict_primary	61893	513	61380	0	0	513	0	61380	skip_motif_no_variation	False										Resting_Monocytes	corrected_resting_pool	resting_sources_only_consensus_discordant_removed		
RBPJ	Monocytes	strict_primary	61893	513	61380	4	0	513	4	61376	firth_fit_ok	True	9.0	-0.0240824965535672		0.988339210206072	0.976205172873611	0.0066211056115917	20.7023306394113	-2960.12374530864		Resting_Monocytes	corrected_resting_pool	resting_sources_only_consensus_discordant_removed	0.990308013413654	0.993113795762623
REL-halfsite	Monocytes	strict_primary	61893	513	61380	13	1	512	12	61368	firth_fit_ok	True	9.0	1.70449358928717		0.123030285657932	5.49860041187532	0.553947172388044	27.2604004948713	-2959.53464272541		Resting_Monocytes	corrected_resting_pool	resting_sources_only_consensus_discordant_removed	0.261831745494168	0.492121142631728
REST_NRSF	Monocytes	strict_primary	61893	513	61380	10	0	513	10	61370	firth_fit_ok	True	8.0	0.216909206460671		0.886407109986867	1.24223131044012	0.0094855868677756	10.6080055595981	-2959.66588120427		Resting_Monocytes	corrected_resting_pool	resting_sources_only_consensus_discordant_removed	0.911784818657248	0.945765197160367
RFX_1	Monocytes	strict_primary	61893	513	61380	11	1	512	10	61370	firth_fit_ok	True	9.0	1.77914680904153		0.108669068203902	5.92479927637055	0.602671532603712	29.3472181606231	-2959.61826637914		Resting_Monocytes	corrected_resting_pool	resting_sources_only_consensus_discordant_removed	0.256460390795695	0.491272066221179
RFX_2	Monocytes	strict_primary	61893	513	61380	2	0	513	2	61378	firth_fit_ok	True	8.0	2.75950794417237		0.188782561652906	15.7920704558689	0.112658413376821	206.052681956065	-2960.47023079933		Resting_Monocytes	corrected_resting_pool	resting_sources_only_consensus_discordant_removed	0.313030519671805	0.545953132934317
RFX_3	Monocytes	strict_primary	61893	513	61380	3	0	513	3	61377	firth_fit_ok	True	9.0	1.89027528423898		0.329464688291906	6.62119113974856	0.0463634195389628	89.1281749780007	-2960.2675144432		Resting_Monocytes	corrected_resting_pool	resting_sources_only_consensus_discordant_removed	0.430229123053746	0.632189064844079
RUNX_1	Monocytes	strict_primary	61893	513	61380	1	0	513	1	61379	firth_fit_ok	True	8.0	4.26812067723409		0.0766371780164254	71.3873496040506	0.488611378291688	1342.31374708438	-2960.81675600216		Resting_Monocytes	corrected_resting_pool	resting_sources_only_consensus_discordant_removed	0.253805468428383	0.491272066221179
RUNX_2	Monocytes	strict_primary	61893	513	61380	2	0	513	2	61378	firth_fit_ok	True	9.0	1.58442877790275		0.404778792316466	4.87650501535028	0.0331922563854591	101.644606870744	-2960.4702558583		Resting_Monocytes	corrected_resting_pool	resting_sources_only_consensus_discordant_removed	0.490125911068233	0.658698043503232
SCRT1	Monocytes	strict_primary	61893	513	61380	0	0	513	0	61380	skip_motif_no_variation	False										Resting_Monocytes	corrected_resting_pool	resting_sources_only_consensus_discordant_removed		
SIX_1	Monocytes	strict_primary	61893	513	61380	2	0	513	2	61378	firth_fit_ok	True	8.0	3.05553346955773		0.15575360842131	21.2325094035727	0.153452415209088	263.695169584972	-2960.47022289983		Resting_Monocytes	corrected_resting_pool	resting_sources_only_consensus_discordant_removed	0.288437821772955	0.531728977673904
SIX_2	Monocytes	strict_primary	61893	513	61380	0	0	513	0	61380	skip_motif_no_variation	False										Resting_Monocytes	corrected_resting_pool	resting_sources_only_consensus_discordant_removed		
SMAD_1	Monocytes	strict_primary	61893	513	61380	11	2	511	9	61371	firth_fit_ok	True	9.0	2.58457690885604		0.0123853657854773	13.2576786967519	1.88057575249027	64.4768450981782	-2959.61805109234		Resting_Monocytes	corrected_resting_pool	resting_sources_only_consensus_discordant_removed	0.253805468428383	0.491272066221179
SMAD_2	Monocytes	strict_primary	61893	513	61380	6	0	513	6	61374	firth_fit_ok	True	9.0	1.18641791326028		0.497232657817152	3.2753276610568	0.0244043235525912	31.0345515057177	-2959.92104727885		Resting_Monocytes	corrected_resting_pool	resting_sources_only_consensus_discordant_removed	0.572329580965738	0.701456122952741
SMAD_3	Monocytes	strict_primary	61893	513	61380	1	0	513	1	61379	firth_fit_ok	True	8.0	2.36835337924125		0.247076243437848	10.6797922301953	0.073113943441411	200.70570242023	-2960.81679415517		Resting_Monocytes	corrected_resting_pool	resting_sources_only_consensus_discordant_removed	0.360230001302138	0.566398790522598
SMARCA1	Monocytes	strict_primary	61893	513	61380	2	0	513	2	61378	firth_fit_ok	True	9.0	0.819906958590406		0.642777691691681	2.27028859685426	0.0154445204615608	49.6166554122428	-2960.47026056957		Resting_Monocytes	corrected_resting_pool	resting_sources_only_consensus_discordant_removed	0.696901124259845	0.779197221402496
SMARCA5	Monocytes	strict_primary	61893	513	61380	7	0	513	7	61373	firth_fit_ok	True	10.0	-0.137968490300092		0.932606777690661	0.871126140236611	0.005913156436836	15.8553368657297	-2959.84394456019		Resting_Monocytes	corrected_resting_pool	resting_sources_only_consensus_discordant_removed	0.94576856689194	0.965085620694813
SNAI2	Monocytes	strict_primary	61893	513	61380	3	0	513	3	61377	firth_fit_ok	True	9.0	1.57819681035826		0.405352642155835	4.84620929339263	0.0331464580283808	82.2640611717248	-2960.26751719508		Resting_Monocytes	corrected_resting_pool	resting_sources_only_consensus_discordant_removed	0.490125911068233	0.658698043503232
SOX_1	Monocytes	strict_primary	61893	513	61380	7	0	513	7	61373	firth_fit_ok	True	8.0	1.88040014272596		0.316407143377593	6.55612772421587	0.0500972502198191	56.2381642781819	-2959.84389216365		Resting_Monocytes	corrected_resting_pool	resting_sources_only_consensus_discordant_removed	0.419967270174684	0.628311587610506
SOX_2	Monocytes	strict_primary	61893	513	61380	6	0	513	6	61374	firth_fit_ok	True	10.0	1.24460786093202		0.495668919756194	3.47157319290845	0.0239709138210107	50.3109235646947	-2959.92095618094		Resting_Monocytes	corrected_resting_pool	resting_sources_only_consensus_discordant_removed	0.57183822623249	0.701456122952741
SOX_3	Monocytes	strict_primary	61893	513	61380	0	0	513	0	61380	skip_motif_no_variation	False										Resting_Monocytes	corrected_resting_pool	resting_sources_only_consensus_discordant_removed		
SOX_4	Monocytes	strict_primary	61893	513	61380	3	0	513	3	61377	firth_fit_ok	True	8.0	2.51065202486608		0.21719368519192	12.3129557970908	0.0902789359532804	133.968149837629	-2960.2674872334		Resting_Monocytes	corrected_resting_pool	resting_sources_only_consensus_discordant_removed	0.332136540104305	0.545953132934317
SOX_5	Monocytes	strict_primary	61893	513	61380	0	0	513	0	61380	skip_motif_no_variation	False										Resting_Monocytes	corrected_resting_pool	resting_sources_only_consensus_discordant_removed		
SOX_6	Monocytes	strict_primary	61893	513	61380	2	0	513	2	61378	firth_fit_ok	True	9.0	1.19516853380413		0.507935262356652	3.30411457857908	0.0231237522001958	47.212150542888	-2960.47028938402		Resting_Monocytes	corrected_resting_pool	resting_sources_only_consensus_discordant_removed	0.579345662053052	0.702618805772987
SOX_7	Monocytes	strict_primary	61893	513	61380	1	0	513	1	61379	firth_fit_ok	True	8.0	2.32772285496877		0.253466778250475	10.2545637969	0.0701971846720298	192.752728487617	-2960.816801755		Resting_Monocytes	corrected_resting_pool	resting_sources_only_consensus_discordant_removed	0.364210280831407	0.566398790522598
SOX_8	Monocytes	strict_primary	61893	513	61380	1	0	513	1	61379	firth_fit_ok	True	8.0	1.60819278357779		0.398054101459956	4.99377822997498	0.0341181181250003	94.3214942206406	-2960.81683936017		Resting_Monocytes	corrected_resting_pool	resting_sources_only_consensus_discordant_removed	0.484797125991181	0.658698043503232
SPDEF_1	Monocytes	strict_primary	61893	513	61380	1	0	513	1	61379	firth_fit_ok	True	8.0	0.265022326254587		0.874269259922913	1.30346007683503	0.0089012488914643	24.6478220955831	-2960.81690712425		Resting_Monocytes	corrected_resting_pool	resting_sources_only_consensus_discordant_removed	0.90114229045333	0.942217647999824
SPDEF_2	Monocytes	strict_primary	61893	513	61380	2	0	513	2	61378	firth_fit_ok	True	9.0	1.6314358926127		0.393298830829789	5.11120859861325	0.0347579868425932	114.012483816431	-2960.47020997444		Resting_Monocytes	corrected_resting_pool	resting_sources_only_consensus_discordant_removed	0.482510516847278	0.658698043503232
SPI	Monocytes	strict_primary	61893	513	61380	17	0	513	17	61363	firth_fit_ok	True	9.0	0.569023538998391		0.719687649839758	1.76654125034344	0.0135840095928081	14.4105176350194	-2959.4004090796		Resting_Monocytes	corrected_resting_pool	resting_sources_only_consensus_discordant_removed	0.766955270909742	0.83628509031659
SPZ1	Monocytes	strict_primary	61893	513	61380	0	0	513	0	61380	skip_motif_no_variation	False										Resting_Monocytes	corrected_resting_pool	resting_sources_only_consensus_discordant_removed		
SREBF1	Monocytes	strict_primary	61893	513	61380	13	0	513	13	61367	firth_fit_ok	True	9.0	0.649497924802708		0.686018416981983	1.91457932486814	0.0146719277609544	15.7886543775728	-2959.53481487526		Resting_Monocytes	corrected_resting_pool	resting_sources_only_consensus_discordant_removed	0.735751095398587	0.810749038251434
SRF	Monocytes	strict_primary	61893	513	61380	1	0	513	1	61379	firth_fit_ok	True	8.0	2.25899305795671		0.264604728581147	9.57344440804921	0.065549690765522	179.847335415051	-2960.81679644104		Resting_Monocytes	corrected_resting_pool	resting_sources_only_consensus_discordant_removed	0.370389752191499	0.566398790522598
STAT_1	Monocytes	strict_primary	61893	513	61380	1	0	513	1	61379	firth_fit_ok	True	8.0	3.95645950474254		0.0926281167460138	52.2719294267748	0.357080216066009	987.627609881295	-2960.81682376611		Resting_Monocytes	corrected_resting_pool	resting_sources_only_consensus_discordant_removed	0.256460390795695	0.491272066221179
STAT_2	Monocytes	strict_primary	61893	513	61380	1	0	513	1	61379	firth_fit_ok	True	8.0	3.95645950474254		0.0926281167460138	52.2719294267748	0.357080216066009	987.627609881295	-2960.81682376611		Resting_Monocytes	corrected_resting_pool	resting_sources_only_consensus_discordant_removed	0.256460390795695	0.491272066221179
TATA	Monocytes	strict_primary	61893	513	61380	0	0	513	0	61380	skip_motif_no_variation	False										Resting_Monocytes	corrected_resting_pool	resting_sources_only_consensus_discordant_removed		
TBX_1	Monocytes	strict_primary	61893	513	61380	5	0	513	5	61375	firth_fit_ok	True	9.0	1.89929617046748		0.322103743826545	6.68119036794689	0.0482813201222882	72.6106857701745	-2960.0121190384		Resting_Monocytes	corrected_resting_pool	resting_sources_only_consensus_discordant_removed	0.424608751103323	0.632052629395485
TBX_2	Monocytes	strict_primary	61893	513	61380	6	0	513	6	61374	firth_fit_ok	True	9.0	2.1914608225967		0.264092235305887	8.94827541445142	0.0663036220950074	87.6401294233815	-2959.92096144807		Resting_Monocytes	corrected_resting_pool	resting_sources_only_consensus_discordant_removed	0.370389752191499	0.566398790522598
TBX_3	Monocytes	strict_primary	61893	513	61380	29	1	512	28	61352	firth_fit_ok	True	9.0	0.728920378018098		0.472520426630271	2.07284151394075	0.202571901758961	9.61926480486644	-2959.13375754579		Resting_Monocytes	corrected_resting_pool	resting_sources_only_consensus_discordant_removed	0.554027446608453	0.701282331895671
TBX_4	Monocytes	strict_primary	61893	513	61380	17	0	513	17	61363	firth_fit_ok	True	9.0	-0.0541026430557699		0.97169489449303	0.947334864165963	0.0069047389687003	9.3155016442794	-2959.400453809		Resting_Monocytes	corrected_resting_pool	resting_sources_only_consensus_discordant_removed	0.980442092923425	0.991716813907809
TCF_LEF	Monocytes	strict_primary	61893	513	61380	1	0	513	1	61379	firth_fit_ok	True	8.0	4.23250921971695		0.0783293165869068	68.8898753169179	0.471203341540416	1297.4936599953	-2960.81676577426		Resting_Monocytes	corrected_resting_pool	resting_sources_only_consensus_discordant_removed	0.253805468428383	0.491272066221179
TEAD	Monocytes	strict_primary	61893	513	61380	2	0	513	2	61378	firth_fit_ok	True	9.0	3.52880560246395		0.117573230339747	34.0832343626055	0.241746074665634	450.759607110015	-2960.47034919821		Resting_Monocytes	corrected_resting_pool	resting_sources_only_consensus_discordant_removed	0.256929107238217	0.491272066221179
TFAP2_1	Monocytes	strict_primary	61893	513	61380	14	1	512	13	61367	firth_fit_ok	True	9.0	0.599226682951131		0.569302143313772	1.82071026954775	0.167819042701652	10.7570896668916	-2959.49777406046		Resting_Monocytes	corrected_resting_pool	resting_sources_only_consensus_discordant_removed	0.63777055253191	0.749461049425725
TFAP2_2	Monocytes	strict_primary	61893	513	61380	5	0	513	5	61375	firth_fit_ok	True	9.0	1.64039168662593		0.373926811225583	5.15718911868763	0.0383404274808563	51.7036733429605	-2960.01227160496		Resting_Monocytes	corrected_resting_pool	resting_sources_only_consensus_discordant_removed	0.465557391204129	0.653586359116986
TFCP2	Monocytes	strict_primary	61893	513	61380	2	0	513	2	61378	firth_fit_ok	True	8.0	2.53605488626704		0.217088017373692	12.6297467698342	0.0901594919653078	164.030941859451	-2960.47023707397		Resting_Monocytes	corrected_resting_pool	resting_sources_only_consensus_discordant_removed	0.332136540104305	0.545953132934317
THAP1	Monocytes	strict_primary	61893	513	61380	1	0	513	1	61379	firth_fit_ok	True	8.0	1.51389189344898		0.421634835242869	4.54438267557764	0.0311107642586242	85.4034784527114	-2960.81682171654		Resting_Monocytes	corrected_resting_pool	resting_sources_only_consensus_discordant_removed	0.505972006675272	0.665728575564066
YY1	Monocytes	strict_primary	61893	513	61380	2	0	513	2	61378	firth_fit_ok	True	8.0	3.68963478972552		0.105626083090049	40.0302248379744	0.288062351578334	504.007019316649	-2960.47040060384		Resting_Monocytes	corrected_resting_pool	resting_sources_only_consensus_discordant_removed	0.256460390795695	0.491272066221179
ZBED1	Monocytes	strict_primary	61893	513	61380	0	0	513	0	61380	skip_motif_no_variation	False										Resting_Monocytes	corrected_resting_pool	resting_sources_only_consensus_discordant_removed		
ZBTB14	Monocytes	strict_primary	61893	513	61380	0	0	513	0	61380	skip_motif_no_variation	False										Resting_Monocytes	corrected_resting_pool	resting_sources_only_consensus_discordant_removed		
ZBTB48	Monocytes	strict_primary	61893	513	61380	5	0	513	5	61375	firth_fit_ok	True	8.0	1.17710303674463		0.499713374673594	3.24496004322594	0.0242330434630028	31.3250064030249	-2960.01221564363		Resting_Monocytes	corrected_resting_pool	resting_sources_only_consensus_discordant_removed	0.572564527245599	0.701456122952741
ZBTB49	Monocytes	strict_primary	61893	513	61380	1	0	513	1	61379	firth_fit_ok	True	8.0	2.80022575780155		0.188562834223566	16.4483596974947	0.112598008658569	309.166524355936	-2960.81678252345		Resting_Monocytes	corrected_resting_pool	resting_sources_only_consensus_discordant_removed	0.313030519671805	0.545953132934317
ZBTB6	Monocytes	strict_primary	61893	513	61380	7	0	513	7	61373	firth_fit_ok	True	9.0	0.885247453198882		0.600413524306677	2.42358404091359	0.0179737127161624	24.372464701167	-2959.84405127049		Resting_Monocytes	corrected_resting_pool	resting_sources_only_consensus_discordant_removed	0.666684332729048	0.770855223949836
ZBTB7A	Monocytes	strict_primary	61893	513	61380	4	0	513	4	61376	firth_fit_ok	True	9.0	-0.732028094447352		0.642066383440097	0.480932623559704	0.0032597943813475	11.5482312275152	-2960.12377518369		Resting_Monocytes	corrected_resting_pool	resting_sources_only_consensus_discordant_removed	0.696901124259845	0.779197221402496
ZFN121	Monocytes	strict_primary	61893	513	61380	25	1	512	24	61356	firth_fit_ok	True	8.0	1.39670032461505		0.181594468307728	4.04184117529157	0.427264020332022	17.0660418578731	-2959.20774741914		Resting_Monocytes	corrected_resting_pool	resting_sources_only_consensus_discordant_removed	0.309473740280911	0.545953132934317
ZFX	Monocytes	strict_primary	61893	513	61380	20	0	513	20	61360	firth_fit_ok	True	8.0	0.11533054420212		0.937765497967648	1.12224432762664	0.0086957986107142	8.76488712690639	-2959.31965614588		Resting_Monocytes	corrected_resting_pool	resting_sources_only_consensus_discordant_removed	0.949086610619169	0.96561991869936
ZIC	Monocytes	strict_primary	61893	513	61380	14	1	512	13	61367	firth_fit_ok	True	9.0	0.937588962563071		0.362165841663871	2.55381664203143	0.25417399917671	12.5136550828006	-2959.4978571956		Resting_Monocytes	corrected_resting_pool	resting_sources_only_consensus_discordant_removed	0.459518563561915	0.651963816513156
ZIC_2	Monocytes	strict_primary	61893	513	61380	12	0	513	12	61368	firth_fit_ok	True	8.0	0.560069509412554		0.726356022897472	1.75079419274251	0.0132564735653479	15.3066059901287	-2959.57464347622		Resting_Monocytes	corrected_resting_pool	resting_sources_only_consensus_discordant_removed	0.772425115258834	0.839344737570412
ZIM3	Monocytes	strict_primary	61893	513	61380	0	0	513	0	61380	skip_motif_no_variation	False										Resting_Monocytes	corrected_resting_pool	resting_sources_only_consensus_discordant_removed		
ZKSCAN1	Monocytes	strict_primary	61893	513	61380	2	0	513	2	61378	firth_fit_ok	True	8.0	2.84268942321155		0.179688374054766	17.1618590289355	0.121884321680601	227.781820013048	-2960.4702504312		Resting_Monocytes	corrected_resting_pool	resting_sources_only_consensus_discordant_removed	0.307426027719549	0.545953132934317
ZNF134	Monocytes	strict_primary	61893	513	61380	4	0	513	4	61376	firth_fit_ok	True	9.0	0.846638373471833		0.623050824149816	2.33179503782943	0.016615306722137	30.2707258456642	-2960.12390468983		Resting_Monocytes	corrected_resting_pool	resting_sources_only_consensus_discordant_removed	0.684267608182003	0.779197221402496
ZNF136	Monocytes	strict_primary	61893	513	61380	2	0	513	2	61378	firth_fit_ok	True	8.0	4.15635200050691		0.0800358814603252	63.838215528745	0.454814723460177	836.576386112158	-2960.47020216332		Resting_Monocytes	corrected_resting_pool	resting_sources_only_consensus_discordant_removed	0.253805468428383	0.491272066221179
ZNF140	Monocytes	strict_primary	61893	513	61380	5	0	513	5	61375	firth_fit_ok	True	9.0	1.53256492726576		0.410570778260904	4.63003731409645	0.0326806440830032	57.7746672052451	-2960.01214267871		Resting_Monocytes	corrected_resting_pool	resting_sources_only_consensus_discordant_removed	0.495244847638453	0.659529005668758
ZNF143_1	Monocytes	strict_primary	61893	513	61380	0	0	513	0	61380	skip_motif_no_variation	False										Resting_Monocytes	corrected_resting_pool	resting_sources_only_consensus_discordant_removed		
ZNF143_2	Monocytes	strict_primary	61893	513	61380	33	1	512	32	61348	firth_fit_ok	True	9.0	1.11657510572408		0.270680297229291	3.05437535638998	0.32210511148088	12.880965563061	-2959.06927384453		Resting_Monocytes	corrected_resting_pool	resting_sources_only_consensus_discordant_removed	0.374044476665751	0.566398790522598
ZNF146	Monocytes	strict_primary	61893	513	61380	1	0	513	1	61379	firth_fit_ok	True	8.0	3.10530053816458		0.155974329070067	22.3159247546208	0.152752729859016	419.53585400373	-2960.8167734709		Resting_Monocytes	corrected_resting_pool	resting_sources_only_consensus_discordant_removed	0.288437821772955	0.531728977673904
ZNF232	Monocytes	strict_primary	61893	513	61380	0	0	513	0	61380	skip_motif_no_variation	False										Resting_Monocytes	corrected_resting_pool	resting_sources_only_consensus_discordant_removed		
ZNF24	Monocytes	strict_primary	61893	513	61380	1	0	513	1	61379	firth_fit_ok	True	8.0	4.95805780034843		0.050809300315567	142.317119044097	0.973203591764143	2682.06821167941	-2960.81676532617		Resting_Monocytes	corrected_resting_pool	resting_sources_only_consensus_discordant_removed	0.253805468428383	0.491272066221179
ZNF250	Monocytes	strict_primary	61893	513	61380	0	0	513	0	61380	skip_motif_no_variation	False										Resting_Monocytes	corrected_resting_pool	resting_sources_only_consensus_discordant_removed		
ZNF257	Monocytes	strict_primary	61893	513	61380	1	0	513	1	61379	firth_fit_ok	True	8.0	3.55259609154215		0.118401002942742	34.9038134637788	0.238803742100216	656.957379249896	-2960.81677381345		Resting_Monocytes	corrected_resting_pool	resting_sources_only_consensus_discordant_removed	0.256929107238217	0.491272066221179
ZNF274	Monocytes	strict_primary	61893	513	61380	4	0	513	4	61376	firth_fit_ok	True	9.0	-0.713422668710808		0.651165680355726	0.489964338689408	0.0033213484392617	11.2196781809861	-2960.12378292925		Resting_Monocytes	corrected_resting_pool	resting_sources_only_consensus_discordant_removed	0.702867676435472	0.782904401814977
ZNF28	Monocytes	strict_primary	61893	513	61380	7	0	513	7	61373	firth_fit_ok	True	8.0	2.03597442749909		0.288367192601148	7.65971232450095	0.0578596322969827	68.5840979657146	-2959.84396977164		Resting_Monocytes	corrected_resting_pool	resting_sources_only_consensus_discordant_removed	0.390966840642527	0.588042902559204
ZNF282	Monocytes	strict_primary	61893	513	61380	1	0	513	1	61379	firth_fit_ok	True	8.0	4.43189937197812		0.0694985953164337	84.0909853836041	0.575001157456308	1584.9979087213	-2960.81679393139		Resting_Monocytes	corrected_resting_pool	resting_sources_only_consensus_discordant_removed	0.253805468428383	0.491272066221179
ZNF306	Monocytes	strict_primary	61893	513	61380	0	0	513	0	61380	skip_motif_no_variation	False										Resting_Monocytes	corrected_resting_pool	resting_sources_only_consensus_discordant_removed		
ZNF317	Monocytes	strict_primary	61893	513	61380	1	0	513	1	61379	firth_fit_ok	True	8.0	4.12599543089361		0.0835540411388724	61.9294250410587	0.423369843505531	1167.92966062346	-2960.81679079516		Resting_Monocytes	corrected_resting_pool	resting_sources_only_consensus_discordant_removed	0.253805468428383	0.491272066221179
ZNF320	Monocytes	strict_primary	61893	513	61380	22	0	513	22	61358	firth_fit_ok	True	9.0	-0.545431574665909		0.704089707482554	0.57959159230786	0.0042274281344813	5.67454650671216	-2959.2719168599		Resting_Monocytes	corrected_resting_pool	resting_sources_only_consensus_discordant_removed	0.753525793327074	0.827404853990798
ZNF324	Monocytes	strict_primary	61893	513	61380	15	0	513	15	61365	firth_fit_ok	True	8.0	0.296782966086713		0.847152741450534	1.34552324358126	0.0102342053464356	11.5355848732638	-2959.46312063878		Resting_Monocytes	corrected_resting_pool	resting_sources_only_consensus_discordant_removed	0.878593461751791	0.922553770794299
ZNF329	Monocytes	strict_primary	61893	513	61380	1	0	513	1	61379	firth_fit_ok	True	8.0	2.55151797922886		0.220397704613177	12.8265594631105	0.0877251760409286	241.632810046684	-2960.81680191888		Resting_Monocytes	corrected_resting_pool	resting_sources_only_consensus_discordant_removed	0.332136540104305	0.545953132934317
ZNF331	Monocytes	strict_primary	61893	513	61380	8	0	513	8	61372	firth_fit_ok	True	9.0	0.214773944716837		0.890952391932815	1.23958165131056	0.0091038348194645	12.4890786650024	-2959.7773591366		Resting_Monocytes	corrected_resting_pool	resting_sources_only_consensus_discordant_removed	0.912982720288718	0.945765197160367
ZNF332	Monocytes	strict_primary	61893	513	61380	14	0	513	14	61366	firth_fit_ok	True	8.0	0.126685423759597		0.932107236435549	1.13505989873827	0.0087475104638354	9.18151876567495	-2959.49789413664		Resting_Monocytes	corrected_resting_pool	resting_sources_only_consensus_discordant_removed	0.94576856689194	0.965085620694813
ZNF335	Monocytes	strict_primary	61893	513	61380	28	0	513	28	61352	firth_fit_ok	True	8.0	-0.565695813377983		0.669263888188005	0.567964811719569	0.0044163892249587	4.34449953159796	-2959.15166349846		Resting_Monocytes	corrected_resting_pool	resting_sources_only_consensus_discordant_removed	0.720040499750968	0.796269496253999
ZNF354	Monocytes	strict_primary	61893	513	61380	21	0	513	21	61359	firth_fit_ok	True	9.0	-0.198021067938232		0.891201820401115	0.8203525698185	0.0061918598968735	7.14732403991789	-2959.29492861891		Resting_Monocytes	corrected_resting_pool	resting_sources_only_consensus_discordant_removed	0.912982720288718	0.945765197160367
ZNF382	Monocytes	strict_primary	61893	513	61380	1	0	513	1	61379	firth_fit_ok	True	8.0	2.55151797922886		0.220397704613177	12.8265594631105	0.0877251760409286	241.632810046684	-2960.81680191888		Resting_Monocytes	corrected_resting_pool	resting_sources_only_consensus_discordant_removed	0.332136540104305	0.545953132934317
ZNF384_1	Monocytes	strict_primary	61893	513	61380	1	0	513	1	61379	firth_fit_ok	True	8.0	4.10890200136402		0.0843485558570892	60.8798348821326	0.416798145403837	1144.02030391023	-2960.81675463231		Resting_Monocytes	corrected_resting_pool	resting_sources_only_consensus_discordant_removed	0.253805468428383	0.491272066221179
ZNF384_2	Monocytes	strict_primary	61893	513	61380	10	0	513	10	61370	firth_fit_ok	True	8.0	1.69105322132176		0.355175002770017	5.42519162466592	0.0418650274277229	43.6066364741433	-2959.6655754282		Resting_Monocytes	corrected_resting_pool	resting_sources_only_consensus_discordant_removed	0.456913110980354	0.651963816513156
ZNF41	Monocytes	strict_primary	61893	513	61380	8	0	513	8	61372	firth_fit_ok	True	9.0	-0.173355902435207		0.908840518604596	0.840838305184833	0.0061043866974227	9.34608993912939	-2959.77732367708		Resting_Monocytes	corrected_resting_pool	resting_sources_only_consensus_discordant_removed	0.927275417562093	0.954741554897758
ZNF410	Monocytes	strict_primary	61893	513	61380	0	0	513	0	61380	skip_motif_no_variation	False										Resting_Monocytes	corrected_resting_pool	resting_sources_only_consensus_discordant_removed		
ZNF418	Monocytes	strict_primary	61893	513	61380	2	0	513	2	61378	firth_fit_ok	True	8.0	2.58984798524908		0.210760288469859	13.3277454352932	0.0944555104389906	178.456160106176	-2960.4702340424		Resting_Monocytes	corrected_resting_pool	resting_sources_only_consensus_discordant_removed	0.329504251150021	0.545953132934317
ZNF423	Monocytes	strict_primary	61893	513	61380	4	0	513	4	61376	firth_fit_ok	True	8.0	2.50787123544655		0.216689567933337	12.2787636225391	0.0906633720338355	127.187898430308	-2960.12368814481		Resting_Monocytes	corrected_resting_pool	resting_sources_only_consensus_discordant_removed	0.332136540104305	0.545953132934317
ZNF431	Monocytes	strict_primary	61893	513	61380	0	0	513	0	61380	skip_motif_no_variation	False										Resting_Monocytes	corrected_resting_pool	resting_sources_only_consensus_discordant_removed		
ZNF435	Monocytes	strict_primary	61893	513	61380	0	0	513	0	61380	skip_motif_no_variation	False										Resting_Monocytes	corrected_resting_pool	resting_sources_only_consensus_discordant_removed		
ZNF436	Monocytes	strict_primary	61893	513	61380	12	0	513	12	61368	firth_fit_ok	True	9.0	0.0328811206396129		0.983336869939478	1.03342767871721	0.0073617819259981	11.6414257857391	-2959.5746923734		Resting_Monocytes	corrected_resting_pool	resting_sources_only_consensus_discordant_removed	0.989236891159115	0.993113795762623
ZNF449	Monocytes	strict_primary	61893	513	61380	6	1	512	5	61375	firth_fit_ok	True	9.0	2.60014022923896		0.036964936616722	13.4656261771232	1.21589916289327	86.8445955921443	-2959.92104638637		Resting_Monocytes	corrected_resting_pool	resting_sources_only_consensus_discordant_removed	0.253805468428383	0.491272066221179
ZNF490	Monocytes	strict_primary	61893	513	61380	2	1	512	1	61379	firth_fit_ok	True	8.0	2.95454219895203		0.142715470026577	19.192934162908	0.459828199386411	798.031805428715	-2960.47032420016		Resting_Monocytes	corrected_resting_pool	resting_sources_only_consensus_discordant_removed	0.278091230571648	0.513072429827131
ZNF524	Monocytes	strict_primary	61893	513	61380	4	0	513	4	61376	firth_fit_ok	True	8.0	2.6650036670026		0.195653645487116	14.3680022334017	0.106687545027945	146.033185096996	-2960.12366484105		Resting_Monocytes	corrected_resting_pool	resting_sources_only_consensus_discordant_removed	0.316666660591045	0.545953132934317
ZNF528	Monocytes	strict_primary	61893	513	61380	4	0	513	4	61376	firth_fit_ok	True	9.0	1.72405915660661		0.359926581760563	5.6072430096466	0.0404886035592093	62.2477300886634	-2960.1237716484		Resting_Monocytes	corrected_resting_pool	resting_sources_only_consensus_discordant_removed	0.459518563561915	0.651963816513156
ZNF53	Monocytes	strict_primary	61893	513	61380	10	1	512	9	61371	firth_fit_ok	True	10.0	0.861615336401056		0.460025074401548	2.36698107796805	0.187876558070128	16.5478671552067	-2959.665831828		Resting_Monocytes	corrected_resting_pool	resting_sources_only_consensus_discordant_removed	0.541903073592456	0.693371126634217
ZNF547	Monocytes	strict_primary	61893	513	61380	3	0	513	3	61377	firth_fit_ok	True	9.0	2.22582446048763		0.262695361597636	9.26111508067463	0.066648843284005	108.933093045793	-2960.26753461255		Resting_Monocytes	corrected_resting_pool	resting_sources_only_consensus_discordant_removed	0.370389752191499	0.566398790522598
ZNF549	Monocytes	strict_primary	61893	513	61380	2	0	513	2	61378	firth_fit_ok	True	9.0	1.72805506785854		0.369116645615029	5.62969388105265	0.0385237227114981	94.4212205883141	-2960.47029665307		Resting_Monocytes	corrected_resting_pool	resting_sources_only_consensus_discordant_removed	0.464164181860899	0.653586359116986
ZNF554	Monocytes	strict_primary	61893	513	61380	10	0	513	10	61370	firth_fit_ok	True	9.0	1.18165098339083		0.498520518088214	3.25975155838707	0.0243056003076221	29.9955179891623	-2959.66564547214		Resting_Monocytes	corrected_resting_pool	resting_sources_only_consensus_discordant_removed	0.572501873512264	0.701456122952741
ZNF563	Monocytes	strict_primary	61893	513	61380	19	0	513	19	61361	firth_fit_ok	True	9.0	-0.459531215007668		0.743598500955583	0.631579651181933	0.0047378324106117	5.58280865698682	-2959.34547161993		Resting_Monocytes	corrected_resting_pool	resting_sources_only_consensus_discordant_removed	0.789092924009828	0.848945679848092
ZNF57	Monocytes	strict_primary	61893	513	61380	1	0	513	1	61379	firth_fit_ok	True	8.0	4.12166497399326		0.0837939934758766	61.661822174588	0.421362787160215	1164.09323481172	-2960.81681524133		Resting_Monocytes	corrected_resting_pool	resting_sources_only_consensus_discordant_removed	0.253805468428383	0.491272066221179
ZNF586	Monocytes	strict_primary	61893	513	61380	1	0	513	1	61379	firth_fit_ok	True	8.0	3.8280964664021		0.100011698358134	45.9749400445801	0.314768602154085	863.846968923579	-2960.81676122622		Resting_Monocytes	corrected_resting_pool	resting_sources_only_consensus_discordant_removed	0.256460390795695	0.491272066221179
ZNF652	Monocytes	strict_primary	61893	513	61380	0	0	513	0	61380	skip_motif_no_variation	False										Resting_Monocytes	corrected_resting_pool	resting_sources_only_consensus_discordant_removed		
ZNF667	Monocytes	strict_primary	61893	513	61380	4	0	513	4	61376	firth_fit_ok	True	9.0	1.60010151250841		0.396683090178308	4.95353524466161	0.0344199796385828	68.0868636510068	-2960.12374450889		Resting_Monocytes	corrected_resting_pool	resting_sources_only_consensus_discordant_removed	0.484580200539302	0.658698043503232
ZNF680	Monocytes	strict_primary	61893	513	61380	1	1	512	0	61380	firth_fit_ok	True	8.0	5.34842599118366		0.0011614226868145	210.277059303633	11.198524804968	30704.905187881	-2960.81676571881		Resting_Monocytes	corrected_resting_pool	resting_sources_only_consensus_discordant_removed	0.150884751204932	0.173025937031018
ZNF708	Monocytes	strict_primary	61893	513	61380	4	0	513	4	61376	firth_fit_ok	True	8.0	2.22161165217154		0.259202234581382	9.22218184475803	0.0682874185946692	92.6001493967572	-2960.12373148127		Resting_Monocytes	corrected_resting_pool	resting_sources_only_consensus_discordant_removed	0.368301480210269	0.566398790522598
ZNF713	Monocytes	strict_primary	61893	513	61380	2	0	513	2	61378	firth_fit_ok	True	9.0	3.02735076651485		0.161052526891615	20.6424733547898	0.145233188490392	286.95712348527	-2960.47021502896		Resting_Monocytes	corrected_resting_pool	resting_sources_only_consensus_discordant_removed	0.290944247369194	0.531728977673904
ZNF768	Monocytes	strict_primary	61893	513	61380	1	0	513	1	61379	firth_fit_ok	True	8.0	2.55092239037406		0.220481072915782	12.8189223817548	0.0876721390871445	241.49494929384	-2960.81680853123		Resting_Monocytes	corrected_resting_pool	resting_sources_only_consensus_discordant_removed	0.332136540104305	0.545953132934317
ZNF784	Monocytes	strict_primary	61893	513	61380	0	0	513	0	61380	skip_motif_no_variation	False										Resting_Monocytes	corrected_resting_pool	resting_sources_only_consensus_discordant_removed		
ZNF85_1	Monocytes	strict_primary	61893	513	61380	0	0	513	0	61380	skip_motif_no_variation	False										Resting_Monocytes	corrected_resting_pool	resting_sources_only_consensus_discordant_removed		
ZNF85_2	Monocytes	strict_primary	61893	513	61380	0	0	513	0	61380	skip_motif_no_variation	False										Resting_Monocytes	corrected_resting_pool	resting_sources_only_consensus_discordant_removed		
ZSCAN3	Monocytes	strict_primary	61893	513	61380	6	0	513	6	61374	firth_fit_ok	True	9.0	0.549995271223578		0.746908939481735	1.73324482172077	0.0119700644627556	24.8557657372838	-2959.92108711017		Resting_Monocytes	corrected_resting_pool	resting_sources_only_consensus_discordant_removed	0.789275623023766	0.848945679848092
ZSCAN4	Monocytes	strict_primary	61893	513	61380	2	1	512	1	61379	firth_fit_ok	True	8.0	4.71346063699431		0.0016637109329905	111.437136867117	8.66605541274246	1431.92830390776	-2960.47020678484		Resting_Monocytes	corrected_resting_pool	resting_sources_only_consensus_discordant_removed	0.16736931985885	0.173025937031018
AHR	Naive_B	strict_primary	2702	11	2691	0	0	11	0	2691	skip_motif_no_variation	False										Naive_B	existing_single_source	single_source_no_pooling_correction		
AIRE	Naive_B	strict_primary	2702	11	2691	0	0	11	0	2691	skip_motif_no_variation	False										Naive_B	existing_single_source	single_source_no_pooling_correction		
AP1_1	Naive_B	strict_primary	2702	11	2691	1	0	11	1	2690	firth_fit_ok	True	12.0	4.46745064468099		0.0700189242794727	87.134303320851	0.567699402491987	1874.66092005083	-70.6016679935727		Naive_B	existing_single_source	single_source_no_pooling_correction	0.253805468428383	0.130503044553828
AP1_2	Naive_B	strict_primary	2702	11	2691	0	0	11	0	2691	skip_motif_no_variation	False										Naive_B	existing_single_source	single_source_no_pooling_correction		
ARI5A	Naive_B	strict_primary	2702	11	2691	0	0	11	0	2691	skip_motif_no_variation	False										Naive_B	existing_single_source	single_source_no_pooling_correction		
ARI5B	Naive_B	strict_primary	2702	11	2691	0	0	11	0	2691	skip_motif_no_variation	False										Naive_B	existing_single_source	single_source_no_pooling_correction		
BATF	Naive_B	strict_primary	2702	11	2691	0	0	11	0	2691	skip_motif_no_variation	False										Naive_B	existing_single_source	single_source_no_pooling_correction		
BCL6_1	Naive_B	strict_primary	2702	11	2691	0	0	11	0	2691	skip_motif_no_variation	False										Naive_B	existing_single_source	single_source_no_pooling_correction		
BCL6_2	Naive_B	strict_primary	2702	11	2691	0	0	11	0	2691	skip_motif_no_variation	False										Naive_B	existing_single_source	single_source_no_pooling_correction		
CCAAT_CEBP	Naive_B	strict_primary	2702	11	2691	0	0	11	0	2691	skip_motif_no_variation	False										Naive_B	existing_single_source	single_source_no_pooling_correction		
CENBP	Naive_B	strict_primary	2702	11	2691	0	0	11	0	2691	skip_motif_no_variation	False										Naive_B	existing_single_source	single_source_no_pooling_correction		
CPEB1	Naive_B	strict_primary	2702	11	2691	1	0	11	1	2690	firth_fit_ok	True	12.0	3.72459790286508		0.112282022574802	41.4545606330912	0.259810331124995	988.359665714495	-70.6023797356733		Naive_B	existing_single_source	single_source_no_pooling_correction	0.256460390795695	0.134002557218512
CREB3_XBP1	Naive_B	strict_primary	2702	11	2691	0	0	11	0	2691	skip_motif_no_variation	False										Naive_B	existing_single_source	single_source_no_pooling_correction		
CREB_ATF_1	Naive_B	strict_primary	2702	11	2691	0	0	11	0	2691	skip_motif_no_variation	False										Naive_B	existing_single_source	single_source_no_pooling_correction		
CREB_ATF_2	Naive_B	strict_primary	2702	11	2691	0	0	11	0	2691	skip_motif_no_variation	False										Naive_B	existing_single_source	single_source_no_pooling_correction		
CREB_ATF_3	Naive_B	strict_primary	2702	11	2691	0	0	11	0	2691	skip_motif_no_variation	False										Naive_B	existing_single_source	single_source_no_pooling_correction		
CTCF	Naive_B	strict_primary	2702	11	2691	1	0	11	1	2690	firth_fit_ok	True	12.0	4.68003561428295		0.0621657353742701	107.773910793606	0.692730102852159	2409.48640714943	-70.6017195360841		Naive_B	existing_single_source	single_source_no_pooling_correction	0.253805468428383	0.130503044553828
CUX_1	Naive_B	strict_primary	2702	11	2691	0	0	11	0	2691	skip_motif_no_variation	False										Naive_B	existing_single_source	single_source_no_pooling_correction		
CUX_2	Naive_B	strict_primary	2702	11	2691	0	0	11	0	2691	skip_motif_no_variation	False										Naive_B	existing_single_source	single_source_no_pooling_correction		
CUX_3	Naive_B	strict_primary	2702	11	2691	0	0	11	0	2691	skip_motif_no_variation	False										Naive_B	existing_single_source	single_source_no_pooling_correction		
CUX_4	Naive_B	strict_primary	2702	11	2691	0	0	11	0	2691	skip_motif_no_variation	False										Naive_B	existing_single_source	single_source_no_pooling_correction		
DDIT3+CEBPA	Naive_B	strict_primary	2702	11	2691	1	0	11	1	2690	firth_fit_ok	True	12.0	3.79388892667609		0.104154806786175	44.428845267233	0.294276932389151	913.127257334401	-70.6017435090458		Naive_B	existing_single_source	single_source_no_pooling_correction	0.256460390795695	0.134002557218512
DMRT1	Naive_B	strict_primary	2702	11	2691	0	0	11	0	2691	skip_motif_no_variation	False										Naive_B	existing_single_source	single_source_no_pooling_correction		
DMRT3	Naive_B	strict_primary	2702	11	2691	0	0	11	0	2691	skip_motif_no_variation	False										Naive_B	existing_single_source	single_source_no_pooling_correction		
E2F_1	Naive_B	strict_primary	2702	11	2691	0	0	11	0	2691	skip_motif_no_variation	False										Naive_B	existing_single_source	single_source_no_pooling_correction		
E2F_2	Naive_B	strict_primary	2702	11	2691	0	0	11	0	2691	skip_motif_no_variation	False										Naive_B	existing_single_source	single_source_no_pooling_correction		
E2F_3	Naive_B	strict_primary	2702	11	2691	0	0	11	0	2691	skip_motif_no_variation	False										Naive_B	existing_single_source	single_source_no_pooling_correction		
E2F_4	Naive_B	strict_primary	2702	11	2691	0	0	11	0	2691	skip_motif_no_variation	False										Naive_B	existing_single_source	single_source_no_pooling_correction		
EBF1	Naive_B	strict_primary	2702	11	2691	0	0	11	0	2691	skip_motif_no_variation	False										Naive_B	existing_single_source	single_source_no_pooling_correction		
EGR	Naive_B	strict_primary	2702	11	2691	0	0	11	0	2691	skip_motif_no_variation	False										Naive_B	existing_single_source	single_source_no_pooling_correction		
ETS_1	Naive_B	strict_primary	2702	11	2691	0	0	11	0	2691	skip_motif_no_variation	False										Naive_B	existing_single_source	single_source_no_pooling_correction		
ETS_2	Naive_B	strict_primary	2702	11	2691	0	0	11	0	2691	skip_motif_no_variation	False										Naive_B	existing_single_source	single_source_no_pooling_correction		
EVI1_MECOM	Naive_B	strict_primary	2702	11	2691	0	0	11	0	2691	skip_motif_no_variation	False										Naive_B	existing_single_source	single_source_no_pooling_correction		
EWSR1_FLI1	Naive_B	strict_primary	2702	11	2691	0	0	11	0	2691	skip_motif_no_variation	False										Naive_B	existing_single_source	single_source_no_pooling_correction		
Ebox_CACCTG	Naive_B	strict_primary	2702	11	2691	1	0	11	1	2690	firth_fit_ok	True	12.0	5.12907968210936		0.0473433457826208	168.861640122857	1.09695064584164	3661.03122506213	-70.6014553149747		Naive_B	existing_single_source	single_source_no_pooling_correction	0.253805468428383	0.130503044553828
Ebox_CACGTG_1	Naive_B	strict_primary	2702	11	2691	0	0	11	0	2691	skip_motif_no_variation	False										Naive_B	existing_single_source	single_source_no_pooling_correction		
Ebox_CACGTG_2	Naive_B	strict_primary	2702	11	2691	0	0	11	0	2691	skip_motif_no_variation	False										Naive_B	existing_single_source	single_source_no_pooling_correction		
Ebox_CAGATGG	Naive_B	strict_primary	2702	11	2691	1	0	11	1	2690	firth_fit_ok	True	12.0	5.12907968210936		0.0473433457826208	168.861640122857	1.09695064584164	3661.03122506213	-70.6014553149747		Naive_B	existing_single_source	single_source_no_pooling_correction	0.253805468428383	0.130503044553828
Ebox_CAGCTG	Naive_B	strict_primary	2702	11	2691	0	0	11	0	2691	skip_motif_no_variation	False										Naive_B	existing_single_source	single_source_no_pooling_correction		
Ebox_CATATG	Naive_B	strict_primary	2702	11	2691	0	0	11	0	2691	skip_motif_no_variation	False										Naive_B	existing_single_source	single_source_no_pooling_correction		
FEZF1	Naive_B	strict_primary	2702	11	2691	0	0	11	0	2691	skip_motif_no_variation	False										Naive_B	existing_single_source	single_source_no_pooling_correction		
FOX_1	Naive_B	strict_primary	2702	11	2691	0	0	11	0	2691	skip_motif_no_variation	False										Naive_B	existing_single_source	single_source_no_pooling_correction		
FOX_2	Naive_B	strict_primary	2702	11	2691	0	0	11	0	2691	skip_motif_no_variation	False										Naive_B	existing_single_source	single_source_no_pooling_correction		
FOX_3	Naive_B	strict_primary	2702	11	2691	0	0	11	0	2691	skip_motif_no_variation	False										Naive_B	existing_single_source	single_source_no_pooling_correction		
FOX_4	Naive_B	strict_primary	2702	11	2691	0	0	11	0	2691	skip_motif_no_variation	False										Naive_B	existing_single_source	single_source_no_pooling_correction		
FOX_5	Naive_B	strict_primary	2702	11	2691	1	0	11	1	2690	firth_fit_ok	True	12.0	5.59451568092098		0.0364349151305672	268.947362205591	1.71472284548655	6132.33140157847	-70.6015373020635		Naive_B	existing_single_source	single_source_no_pooling_correction	0.253805468428383	0.130503044553828
FOX_6	Naive_B	strict_primary	2702	11	2691	0	0	11	0	2691	skip_motif_no_variation	False										Naive_B	existing_single_source	single_source_no_pooling_correction		
FOX_7	Naive_B	strict_primary	2702	11	2691	0	0	11	0	2691	skip_motif_no_variation	False										Naive_B	existing_single_source	single_source_no_pooling_correction		
FOX_8	Naive_B	strict_primary	2702	11	2691	0	0	11	0	2691	skip_motif_no_variation	False										Naive_B	existing_single_source	single_source_no_pooling_correction		
FOX_9	Naive_B	strict_primary	2702	11	2691	0	0	11	0	2691	skip_motif_no_variation	False										Naive_B	existing_single_source	single_source_no_pooling_correction		
GATA	Naive_B	strict_primary	2702	11	2691	0	0	11	0	2691	skip_motif_no_variation	False										Naive_B	existing_single_source	single_source_no_pooling_correction		
GC-tract	Naive_B	strict_primary	2702	11	2691	7	0	11	7	2684	firth_fit_ok	True	12.0	2.73596658653422		0.18815526159052	15.4246454873312	0.113466481858629	159.72088951078	-69.6316643953015		Naive_B	existing_single_source	single_source_no_pooling_correction	0.313030519671805	0.18815526159052
GCM	Naive_B	strict_primary	2702	11	2691	0	0	11	0	2691	skip_motif_no_variation	False										Naive_B	existing_single_source	single_source_no_pooling_correction		
GFI	Naive_B	strict_primary	2702	11	2691	0	0	11	0	2691	skip_motif_no_variation	False										Naive_B	existing_single_source	single_source_no_pooling_correction		
GLI	Naive_B	strict_primary	2702	11	2691	0	0	11	0	2691	skip_motif_no_variation	False										Naive_B	existing_single_source	single_source_no_pooling_correction		
GLIS	Naive_B	strict_primary	2702	11	2691	0	0	11	0	2691	skip_motif_no_variation	False										Naive_B	existing_single_source	single_source_no_pooling_correction		
GMEB2_1	Naive_B	strict_primary	2702	11	2691	0	0	11	0	2691	skip_motif_no_variation	False										Naive_B	existing_single_source	single_source_no_pooling_correction		
GMEB2_2	Naive_B	strict_primary	2702	11	2691	0	0	11	0	2691	skip_motif_no_variation	False										Naive_B	existing_single_source	single_source_no_pooling_correction		
GMEB2_3	Naive_B	strict_primary	2702	11	2691	0	0	11	0	2691	skip_motif_no_variation	False										Naive_B	existing_single_source	single_source_no_pooling_correction		
GRHL	Naive_B	strict_primary	2702	11	2691	0	0	11	0	2691	skip_motif_no_variation	False										Naive_B	existing_single_source	single_source_no_pooling_correction		
HAND1	Naive_B	strict_primary	2702	11	2691	0	0	11	0	2691	skip_motif_no_variation	False										Naive_B	existing_single_source	single_source_no_pooling_correction		
HD_1	Naive_B	strict_primary	2702	11	2691	0	0	11	0	2691	skip_motif_no_variation	False										Naive_B	existing_single_source	single_source_no_pooling_correction		
HD_10	Naive_B	strict_primary	2702	11	2691	0	0	11	0	2691	skip_motif_no_variation	False										Naive_B	existing_single_source	single_source_no_pooling_correction		
HD_11	Naive_B	strict_primary	2702	11	2691	1	0	11	1	2690	firth_fit_ok	True	12.0	4.78739278235881		0.0575564082338712	119.988125336782	0.78854160876912	2516.64042075004	-70.6014776241406		Naive_B	existing_single_source	single_source_no_pooling_correction	0.253805468428383	0.130503044553828
HD_12	Naive_B	strict_primary	2702	11	2691	0	0	11	0	2691	skip_motif_no_variation	False										Naive_B	existing_single_source	single_source_no_pooling_correction		
HD_13	Naive_B	strict_primary	2702	11	2691	0	0	11	0	2691	skip_motif_no_variation	False										Naive_B	existing_single_source	single_source_no_pooling_correction		
HD_14	Naive_B	strict_primary	2702	11	2691	0	0	11	0	2691	skip_motif_no_variation	False										Naive_B	existing_single_source	single_source_no_pooling_correction		
HD_15	Naive_B	strict_primary	2702	11	2691	0	0	11	0	2691	skip_motif_no_variation	False										Naive_B	existing_single_source	single_source_no_pooling_correction		
HD_16	Naive_B	strict_primary	2702	11	2691	0	0	11	0	2691	skip_motif_no_variation	False										Naive_B	existing_single_source	single_source_no_pooling_correction		
HD_17	Naive_B	strict_primary	2702	11	2691	0	0	11	0	2691	skip_motif_no_variation	False										Naive_B	existing_single_source	single_source_no_pooling_correction		
HD_18	Naive_B	strict_primary	2702	11	2691	0	0	11	0	2691	skip_motif_no_variation	False										Naive_B	existing_single_source	single_source_no_pooling_correction		
HD_19	Naive_B	strict_primary	2702	11	2691	0	0	11	0	2691	skip_motif_no_variation	False										Naive_B	existing_single_source	single_source_no_pooling_correction		
HD_2	Naive_B	strict_primary	2702	11	2691	0	0	11	0	2691	skip_motif_no_variation	False										Naive_B	existing_single_source	single_source_no_pooling_correction		
HD_20	Naive_B	strict_primary	2702	11	2691	0	0	11	0	2691	skip_motif_no_variation	False										Naive_B	existing_single_source	single_source_no_pooling_correction		
HD_21	Naive_B	strict_primary	2702	11	2691	0	0	11	0	2691	skip_motif_no_variation	False										Naive_B	existing_single_source	single_source_no_pooling_correction		
HD_22	Naive_B	strict_primary	2702	11	2691	2	0	11	2	2689	firth_fit_ok	True	12.0	4.07100214145176		0.0864174373563021	58.6156743652321	0.400372090505337	880.652100218646	-70.2552240420197		Naive_B	existing_single_source	single_source_no_pooling_correction	0.253805468428383	0.130503044553828
HD_23	Naive_B	strict_primary	2702	11	2691	0	0	11	0	2691	skip_motif_no_variation	False										Naive_B	existing_single_source	single_source_no_pooling_correction		
HD_24	Naive_B	strict_primary	2702	11	2691	0	0	11	0	2691	skip_motif_no_variation	False										Naive_B	existing_single_source	single_source_no_pooling_correction		
HD_25	Naive_B	strict_primary	2702	11	2691	0	0	11	0	2691	skip_motif_no_variation	False										Naive_B	existing_single_source	single_source_no_pooling_correction		
HD_3	Naive_B	strict_primary	2702	11	2691	0	0	11	0	2691	skip_motif_no_variation	False										Naive_B	existing_single_source	single_source_no_pooling_correction		
HD_4	Naive_B	strict_primary	2702	11	2691	0	0	11	0	2691	skip_motif_no_variation	False										Naive_B	existing_single_source	single_source_no_pooling_correction		
HD_5	Naive_B	strict_primary	2702	11	2691	0	0	11	0	2691	skip_motif_no_variation	False										Naive_B	existing_single_source	single_source_no_pooling_correction		
HD_6	Naive_B	strict_primary	2702	11	2691	0	0	11	0	2691	skip_motif_no_variation	False										Naive_B	existing_single_source	single_source_no_pooling_correction		
HD_7	Naive_B	strict_primary	2702	11	2691	0	0	11	0	2691	skip_motif_no_variation	False										Naive_B	existing_single_source	single_source_no_pooling_correction		
HD_8	Naive_B	strict_primary	2702	11	2691	0	0	11	0	2691	skip_motif_no_variation	False										Naive_B	existing_single_source	single_source_no_pooling_correction		
HD_9	Naive_B	strict_primary	2702	11	2691	0	0	11	0	2691	skip_motif_no_variation	False										Naive_B	existing_single_source	single_source_no_pooling_correction		
HEN1	Naive_B	strict_primary	2702	11	2691	0	0	11	0	2691	skip_motif_no_variation	False										Naive_B	existing_single_source	single_source_no_pooling_correction		
HIC_1	Naive_B	strict_primary	2702	11	2691	0	0	11	0	2691	skip_motif_no_variation	False										Naive_B	existing_single_source	single_source_no_pooling_correction		
HIC_2	Naive_B	strict_primary	2702	11	2691	0	0	11	0	2691	skip_motif_no_variation	False										Naive_B	existing_single_source	single_source_no_pooling_correction		
HIF	Naive_B	strict_primary	2702	11	2691	0	0	11	0	2691	skip_motif_no_variation	False										Naive_B	existing_single_source	single_source_no_pooling_correction		
HINFP1_1	Naive_B	strict_primary	2702	11	2691	0	0	11	0	2691	skip_motif_no_variation	False										Naive_B	existing_single_source	single_source_no_pooling_correction		
HINFP1_2	Naive_B	strict_primary	2702	11	2691	0	0	11	0	2691	skip_motif_no_variation	False										Naive_B	existing_single_source	single_source_no_pooling_correction		
HINFP1_3	Naive_B	strict_primary	2702	11	2691	0	0	11	0	2691	skip_motif_no_variation	False										Naive_B	existing_single_source	single_source_no_pooling_correction		
HLTF	Naive_B	strict_primary	2702	11	2691	0	0	11	0	2691	skip_motif_no_variation	False										Naive_B	existing_single_source	single_source_no_pooling_correction		
HOMEZ	Naive_B	strict_primary	2702	11	2691	0	0	11	0	2691	skip_motif_no_variation	False										Naive_B	existing_single_source	single_source_no_pooling_correction		
HSF	Naive_B	strict_primary	2702	11	2691	0	0	11	0	2691	skip_motif_no_variation	False										Naive_B	existing_single_source	single_source_no_pooling_correction		
HSFY2	Naive_B	strict_primary	2702	11	2691	0	0	11	0	2691	skip_motif_no_variation	False										Naive_B	existing_single_source	single_source_no_pooling_correction		
INSM1	Naive_B	strict_primary	2702	11	2691	0	0	11	0	2691	skip_motif_no_variation	False										Naive_B	existing_single_source	single_source_no_pooling_correction		
IRF_1	Naive_B	strict_primary	2702	11	2691	0	0	11	0	2691	skip_motif_no_variation	False										Naive_B	existing_single_source	single_source_no_pooling_correction		
IRF_2	Naive_B	strict_primary	2702	11	2691	2	0	11	2	2689	firth_fit_ok	True	12.0	4.05151632151558		0.0865435906734545	57.4845560628723	0.399508434557521	826.527549785513	-70.2550445031653		Naive_B	existing_single_source	single_source_no_pooling_correction	0.253805468428383	0.130503044553828
IRF_3	Naive_B	strict_primary	2702	11	2691	0	0	11	0	2691	skip_motif_no_variation	False										Naive_B	existing_single_source	single_source_no_pooling_correction		
IRF_4	Naive_B	strict_primary	2702	11	2691	0	0	11	0	2691	skip_motif_no_variation	False										Naive_B	existing_single_source	single_source_no_pooling_correction		
KAISO	Naive_B	strict_primary	2702	11	2691	0	0	11	0	2691	skip_motif_no_variation	False										Naive_B	existing_single_source	single_source_no_pooling_correction		
KLF_SP_1	Naive_B	strict_primary	2702	11	2691	1	0	11	1	2690	firth_fit_ok	True	12.0	4.17771321449029		0.0949154431399969	65.2165463095481	0.34126870677496	2464.02510966511	-70.6047606337051		Naive_B	existing_single_source	single_source_no_pooling_correction	0.256460390795695	0.130508734317496
KLF_SP_2	Naive_B	strict_primary	2702	11	2691	4	0	11	4	2687	firth_fit_ok	True	12.0	3.35769529634453		0.13573651387439	28.7229167262621	0.190802706305201	392.852602289264	-69.9129028445848		Naive_B	existing_single_source	single_source_no_pooling_correction	0.275304300317815	0.147980167456972
KLF_SP_3	Naive_B	strict_primary	2702	11	2691	0	0	11	0	2691	skip_motif_no_variation	False										Naive_B	existing_single_source	single_source_no_pooling_correction		
LEF1	Naive_B	strict_primary	2702	11	2691	1	0	11	1	2690	firth_fit_ok	True	12.0	4.30599494806631		0.0760724771231424	74.1429471490587	0.4945351912248	1492.95510727287	-70.6014524806109		Naive_B	existing_single_source	single_source_no_pooling_correction	0.253805468428383	0.130503044553828
LIN54	Naive_B	strict_primary	2702	11	2691	0	0	11	0	2691	skip_motif_no_variation	False										Naive_B	existing_single_source	single_source_no_pooling_correction		
MAF	Naive_B	strict_primary	2702	11	2691	1	0	11	1	2690	firth_fit_ok	True	12.0	4.50538152071927		0.0677243176638123	90.5028661815971	0.600262467711843	1849.916954742	-70.6014623238518		Naive_B	existing_single_source	single_source_no_pooling_correction	0.253805468428383	0.130503044553828
MBD2	Naive_B	strict_primary	2702	11	2691	0	0	11	0	2691	skip_motif_no_variation	False										Naive_B	existing_single_source	single_source_no_pooling_correction		
MECP2	Naive_B	strict_primary	2702	11	2691	0	0	11	0	2691	skip_motif_no_variation	False										Naive_B	existing_single_source	single_source_no_pooling_correction		
MEF2	Naive_B	strict_primary	2702	11	2691	0	0	11	0	2691	skip_motif_no_variation	False										Naive_B	existing_single_source	single_source_no_pooling_correction		
MFZ1	Naive_B	strict_primary	2702	11	2691	0	0	11	0	2691	skip_motif_no_variation	False										Naive_B	existing_single_source	single_source_no_pooling_correction		
MIES	Naive_B	strict_primary	2702	11	2691	1	0	11	1	2690	firth_fit_ok	True	12.0	5.3057220128336		0.0428400573186023	201.486425693788	1.30014416491305	4449.90180206696	-70.6014513545685		Naive_B	existing_single_source	single_source_no_pooling_correction	0.253805468428383	0.130503044553828
MTF1	Naive_B	strict_primary	2702	11	2691	0	0	11	0	2691	skip_motif_no_variation	False										Naive_B	existing_single_source	single_source_no_pooling_correction		
MYB_1	Naive_B	strict_primary	2702	11	2691	0	0	11	0	2691	skip_motif_no_variation	False										Naive_B	existing_single_source	single_source_no_pooling_correction		
MYB_2	Naive_B	strict_primary	2702	11	2691	0	0	11	0	2691	skip_motif_no_variation	False										Naive_B	existing_single_source	single_source_no_pooling_correction		
MYB_3	Naive_B	strict_primary	2702	11	2691	0	0	11	0	2691	skip_motif_no_variation	False										Naive_B	existing_single_source	single_source_no_pooling_correction		
MYB_4	Naive_B	strict_primary	2702	11	2691	0	0	11	0	2691	skip_motif_no_variation	False										Naive_B	existing_single_source	single_source_no_pooling_correction		
MYB_5	Naive_B	strict_primary	2702	11	2691	0	0	11	0	2691	skip_motif_no_variation	False										Naive_B	existing_single_source	single_source_no_pooling_correction		
MZF1	Naive_B	strict_primary	2702	11	2691	1	0	11	1	2690	firth_fit_ok	True	12.0	4.92633574602605		0.0535193369585236	137.87338252236	0.891360898892672	3028.14496848406	-70.6016264272478		Naive_B	existing_single_source	single_source_no_pooling_correction	0.253805468428383	0.130503044553828
NFAC_2	Naive_B	strict_primary	2702	11	2691	1	0	11	1	2690	firth_fit_ok	True	12.0	4.92487822554832		0.0530517078255659	137.672575619635	0.904683811542041	2887.72416782534	-70.6014366984896		Naive_B	existing_single_source	single_source_no_pooling_correction	0.253805468428383	0.130503044553828
NFAT_1	Naive_B	strict_primary	2702	11	2691	0	0	11	0	2691	skip_motif_no_variation	False										Naive_B	existing_single_source	single_source_no_pooling_correction		
NFAT_2	Naive_B	strict_primary	2702	11	2691	0	0	11	0	2691	skip_motif_no_variation	False										Naive_B	existing_single_source	single_source_no_pooling_correction		
NFAT_3	Naive_B	strict_primary	2702	11	2691	0	0	11	0	2691	skip_motif_no_variation	False										Naive_B	existing_single_source	single_source_no_pooling_correction		
NFAT_4	Naive_B	strict_primary	2702	11	2691	0	0	11	0	2691	skip_motif_no_variation	False										Naive_B	existing_single_source	single_source_no_pooling_correction		
NFI_1	Naive_B	strict_primary	2702	11	2691	0	0	11	0	2691	skip_motif_no_variation	False										Naive_B	existing_single_source	single_source_no_pooling_correction		
NFI_2	Naive_B	strict_primary	2702	11	2691	0	0	11	0	2691	skip_motif_no_variation	False										Naive_B	existing_single_source	single_source_no_pooling_correction		
NFI_3	Naive_B	strict_primary	2702	11	2691	0	0	11	0	2691	skip_motif_no_variation	False										Naive_B	existing_single_source	single_source_no_pooling_correction		
NFKB_1	Naive_B	strict_primary	2702	11	2691	0	0	11	0	2691	skip_motif_no_variation	False										Naive_B	existing_single_source	single_source_no_pooling_correction		
NFKB_2	Naive_B	strict_primary	2702	11	2691	0	0	11	0	2691	skip_motif_no_variation	False										Naive_B	existing_single_source	single_source_no_pooling_correction		
NFKB_3	Naive_B	strict_primary	2702	11	2691	0	0	11	0	2691	skip_motif_no_variation	False										Naive_B	existing_single_source	single_source_no_pooling_correction		
NFY	Naive_B	strict_primary	2702	11	2691	0	0	11	0	2691	skip_motif_no_variation	False										Naive_B	existing_single_source	single_source_no_pooling_correction		
NR2E3	Naive_B	strict_primary	2702	11	2691	0	0	11	0	2691	skip_motif_no_variation	False										Naive_B	existing_single_source	single_source_no_pooling_correction		
NRF1	Naive_B	strict_primary	2702	11	2691	0	0	11	0	2691	skip_motif_no_variation	False										Naive_B	existing_single_source	single_source_no_pooling_correction		
NR_1	Naive_B	strict_primary	2702	11	2691	1	0	11	1	2690	firth_fit_ok	True	12.0	4.92633574602605		0.0535193369585236	137.87338252236	0.891360898892672	3028.14496848406	-70.6016264272478		Naive_B	existing_single_source	single_source_no_pooling_correction	0.253805468428383	0.130503044553828
NR_10	Naive_B	strict_primary	2702	11	2691	0	0	11	0	2691	skip_motif_no_variation	False										Naive_B	existing_single_source	single_source_no_pooling_correction		
NR_11	Naive_B	strict_primary	2702	11	2691	0	0	11	0	2691	skip_motif_no_variation	False										Naive_B	existing_single_source	single_source_no_pooling_correction		
NR_12	Naive_B	strict_primary	2702	11	2691	0	0	11	0	2691	skip_motif_no_variation	False										Naive_B	existing_single_source	single_source_no_pooling_correction		
NR_13	Naive_B	strict_primary	2702	11	2691	0	0	11	0	2691	skip_motif_no_variation	False										Naive_B	existing_single_source	single_source_no_pooling_correction		
NR_14	Naive_B	strict_primary	2702	11	2691	0	0	11	0	2691	skip_motif_no_variation	False										Naive_B	existing_single_source	single_source_no_pooling_correction		
NR_15	Naive_B	strict_primary	2702	11	2691	1	1	10	0	2691	firth_fit_ok	True	12.0	5.8648491889057		0.0011998787372161	352.429001896247	12.0558209852431	64376.6499733905	-70.6030706371304		Naive_B	existing_single_source	single_source_no_pooling_correction	0.150884751204932	0.0395959983281333
NR_16	Naive_B	strict_primary	2702	11	2691	0	0	11	0	2691	skip_motif_no_variation	False										Naive_B	existing_single_source	single_source_no_pooling_correction		
NR_17	Naive_B	strict_primary	2702	11	2691	0	0	11	0	2691	skip_motif_no_variation	False										Naive_B	existing_single_source	single_source_no_pooling_correction		
NR_18	Naive_B	strict_primary	2702	11	2691	0	0	11	0	2691	skip_motif_no_variation	False										Naive_B	existing_single_source	single_source_no_pooling_correction		
NR_19	Naive_B	strict_primary	2702	11	2691	0	0	11	0	2691	skip_motif_no_variation	False										Naive_B	existing_single_source	single_source_no_pooling_correction		
NR_2	Naive_B	strict_primary	2702	11	2691	0	0	11	0	2691	skip_motif_no_variation	False										Naive_B	existing_single_source	single_source_no_pooling_correction		
NR_20	Naive_B	strict_primary	2702	11	2691	0	0	11	0	2691	skip_motif_no_variation	False										Naive_B	existing_single_source	single_source_no_pooling_correction		
NR_3	Naive_B	strict_primary	2702	11	2691	2	0	11	2	2689	firth_fit_ok	True	12.0	4.07100214145176		0.0864174373563021	58.6156743652321	0.400372090505337	880.652100218646	-70.2552240420197		Naive_B	existing_single_source	single_source_no_pooling_correction	0.253805468428383	0.130503044553828
NR_4	Naive_B	strict_primary	2702	11	2691	0	0	11	0	2691	skip_motif_no_variation	False										Naive_B	existing_single_source	single_source_no_pooling_correction		
NR_5	Naive_B	strict_primary	2702	11	2691	0	0	11	0	2691	skip_motif_no_variation	False										Naive_B	existing_single_source	single_source_no_pooling_correction		
NR_6	Naive_B	strict_primary	2702	11	2691	0	0	11	0	2691	skip_motif_no_variation	False										Naive_B	existing_single_source	single_source_no_pooling_correction		
NR_7	Naive_B	strict_primary	2702	11	2691	1	0	11	1	2690	firth_fit_ok	True	12.0	4.176324116265		0.0826298187034658	65.1260170124101	0.43107206181232	1338.99256147601	-70.6015932532194		Naive_B	existing_single_source	single_source_no_pooling_correction	0.253805468428383	0.130503044553828
NR_8	Naive_B	strict_primary	2702	11	2691	0	0	11	0	2691	skip_motif_no_variation	False										Naive_B	existing_single_source	single_source_no_pooling_correction		
NR_9	Naive_B	strict_primary	2702	11	2691	0	0	11	0	2691	skip_motif_no_variation	False										Naive_B	existing_single_source	single_source_no_pooling_correction		
OCT4+SOX2	Naive_B	strict_primary	2702	11	2691	0	0	11	0	2691	skip_motif_no_variation	False										Naive_B	existing_single_source	single_source_no_pooling_correction		
OSR2	Naive_B	strict_primary	2702	11	2691	0	0	11	0	2691	skip_motif_no_variation	False										Naive_B	existing_single_source	single_source_no_pooling_correction		
OVOL1	Naive_B	strict_primary	2702	11	2691	0	0	11	0	2691	skip_motif_no_variation	False										Naive_B	existing_single_source	single_source_no_pooling_correction		
P53-like_1	Naive_B	strict_primary	2702	11	2691	0	0	11	0	2691	skip_motif_no_variation	False										Naive_B	existing_single_source	single_source_no_pooling_correction		
P53-like_2	Naive_B	strict_primary	2702	11	2691	0	0	11	0	2691	skip_motif_no_variation	False										Naive_B	existing_single_source	single_source_no_pooling_correction		
P53-like_3	Naive_B	strict_primary	2702	11	2691	0	0	11	0	2691	skip_motif_no_variation	False										Naive_B	existing_single_source	single_source_no_pooling_correction		
PAX-halfsite	Naive_B	strict_primary	2702	11	2691	0	0	11	0	2691	skip_motif_no_variation	False										Naive_B	existing_single_source	single_source_no_pooling_correction		
PAX_1	Naive_B	strict_primary	2702	11	2691	0	0	11	0	2691	skip_motif_no_variation	False										Naive_B	existing_single_source	single_source_no_pooling_correction		
PAX_2	Naive_B	strict_primary	2702	11	2691	0	0	11	0	2691	skip_motif_no_variation	False										Naive_B	existing_single_source	single_source_no_pooling_correction		
PLAG1	Naive_B	strict_primary	2702	11	2691	0	0	11	0	2691	skip_motif_no_variation	False										Naive_B	existing_single_source	single_source_no_pooling_correction		
POU_1	Naive_B	strict_primary	2702	11	2691	0	0	11	0	2691	skip_motif_no_variation	False										Naive_B	existing_single_source	single_source_no_pooling_correction		
POU_2	Naive_B	strict_primary	2702	11	2691	0	0	11	0	2691	skip_motif_no_variation	False										Naive_B	existing_single_source	single_source_no_pooling_correction		
POU_3	Naive_B	strict_primary	2702	11	2691	0	0	11	0	2691	skip_motif_no_variation	False										Naive_B	existing_single_source	single_source_no_pooling_correction		
PRDM1	Naive_B	strict_primary	2702	11	2691	0	0	11	0	2691	skip_motif_no_variation	False										Naive_B	existing_single_source	single_source_no_pooling_correction		
PRDM14	Naive_B	strict_primary	2702	11	2691	0	0	11	0	2691	skip_motif_no_variation	False										Naive_B	existing_single_source	single_source_no_pooling_correction		
PRDM16	Naive_B	strict_primary	2702	11	2691	0	0	11	0	2691	skip_motif_no_variation	False										Naive_B	existing_single_source	single_source_no_pooling_correction		
PRDM4	Naive_B	strict_primary	2702	11	2691	0	0	11	0	2691	skip_motif_no_variation	False										Naive_B	existing_single_source	single_source_no_pooling_correction		
PRDM5	Naive_B	strict_primary	2702	11	2691	0	0	11	0	2691	skip_motif_no_variation	False										Naive_B	existing_single_source	single_source_no_pooling_correction		
PRDM9	Naive_B	strict_primary	2702	11	2691	0	0	11	0	2691	skip_motif_no_variation	False										Naive_B	existing_single_source	single_source_no_pooling_correction		
PROX1	Naive_B	strict_primary	2702	11	2691	0	0	11	0	2691	skip_motif_no_variation	False										Naive_B	existing_single_source	single_source_no_pooling_correction		
RBPJ	Naive_B	strict_primary	2702	11	2691	0	0	11	0	2691	skip_motif_no_variation	False										Naive_B	existing_single_source	single_source_no_pooling_correction		
REL-halfsite	Naive_B	strict_primary	2702	11	2691	0	0	11	0	2691	skip_motif_no_variation	False										Naive_B	existing_single_source	single_source_no_pooling_correction		
REST_NRSF	Naive_B	strict_primary	2702	11	2691	0	0	11	0	2691	skip_motif_no_variation	False										Naive_B	existing_single_source	single_source_no_pooling_correction		
RFX_1	Naive_B	strict_primary	2702	11	2691	0	0	11	0	2691	skip_motif_no_variation	False										Naive_B	existing_single_source	single_source_no_pooling_correction		
RFX_2	Naive_B	strict_primary	2702	11	2691	0	0	11	0	2691	skip_motif_no_variation	False										Naive_B	existing_single_source	single_source_no_pooling_correction		
RFX_3	Naive_B	strict_primary	2702	11	2691	0	0	11	0	2691	skip_motif_no_variation	False										Naive_B	existing_single_source	single_source_no_pooling_correction		
RUNX_1	Naive_B	strict_primary	2702	11	2691	0	0	11	0	2691	skip_motif_no_variation	False										Naive_B	existing_single_source	single_source_no_pooling_correction		
RUNX_2	Naive_B	strict_primary	2702	11	2691	0	0	11	0	2691	skip_motif_no_variation	False										Naive_B	existing_single_source	single_source_no_pooling_correction		
SCRT1	Naive_B	strict_primary	2702	11	2691	0	0	11	0	2691	skip_motif_no_variation	False										Naive_B	existing_single_source	single_source_no_pooling_correction		
SIX_1	Naive_B	strict_primary	2702	11	2691	0	0	11	0	2691	skip_motif_no_variation	False										Naive_B	existing_single_source	single_source_no_pooling_correction		
SIX_2	Naive_B	strict_primary	2702	11	2691	0	0	11	0	2691	skip_motif_no_variation	False										Naive_B	existing_single_source	single_source_no_pooling_correction		
SMAD_1	Naive_B	strict_primary	2702	11	2691	0	0	11	0	2691	skip_motif_no_variation	False										Naive_B	existing_single_source	single_source_no_pooling_correction		
SMAD_2	Naive_B	strict_primary	2702	11	2691	0	0	11	0	2691	skip_motif_no_variation	False										Naive_B	existing_single_source	single_source_no_pooling_correction		
SMAD_3	Naive_B	strict_primary	2702	11	2691	0	0	11	0	2691	skip_motif_no_variation	False										Naive_B	existing_single_source	single_source_no_pooling_correction		
SMARCA1	Naive_B	strict_primary	2702	11	2691	0	0	11	0	2691	skip_motif_no_variation	False										Naive_B	existing_single_source	single_source_no_pooling_correction		
SMARCA5	Naive_B	strict_primary	2702	11	2691	0	0	11	0	2691	skip_motif_no_variation	False										Naive_B	existing_single_source	single_source_no_pooling_correction		
SNAI2	Naive_B	strict_primary	2702	11	2691	0	0	11	0	2691	skip_motif_no_variation	False										Naive_B	existing_single_source	single_source_no_pooling_correction		
SOX_1	Naive_B	strict_primary	2702	11	2691	1	0	11	1	2690	firth_fit_ok	True	12.0	3.20331370458195		0.151926282558859	24.6139585951469	0.15892816987144	541.559080791663	-70.6025420475247		Naive_B	existing_single_source	single_source_no_pooling_correction	0.288437821772955	0.156673978888823
SOX_2	Naive_B	strict_primary	2702	11	2691	0	0	11	0	2691	skip_motif_no_variation	False										Naive_B	existing_single_source	single_source_no_pooling_correction		
SOX_3	Naive_B	strict_primary	2702	11	2691	0	0	11	0	2691	skip_motif_no_variation	False										Naive_B	existing_single_source	single_source_no_pooling_correction		
SOX_4	Naive_B	strict_primary	2702	11	2691	0	0	11	0	2691	skip_motif_no_variation	False										Naive_B	existing_single_source	single_source_no_pooling_correction		
SOX_5	Naive_B	strict_primary	2702	11	2691	0	0	11	0	2691	skip_motif_no_variation	False										Naive_B	existing_single_source	single_source_no_pooling_correction		
SOX_6	Naive_B	strict_primary	2702	11	2691	0	0	11	0	2691	skip_motif_no_variation	False										Naive_B	existing_single_source	single_source_no_pooling_correction		
SOX_7	Naive_B	strict_primary	2702	11	2691	0	0	11	0	2691	skip_motif_no_variation	False										Naive_B	existing_single_source	single_source_no_pooling_correction		
SOX_8	Naive_B	strict_primary	2702	11	2691	0	0	11	0	2691	skip_motif_no_variation	False										Naive_B	existing_single_source	single_source_no_pooling_correction		
SPDEF_1	Naive_B	strict_primary	2702	11	2691	0	0	11	0	2691	skip_motif_no_variation	False										Naive_B	existing_single_source	single_source_no_pooling_correction		
SPDEF_2	Naive_B	strict_primary	2702	11	2691	0	0	11	0	2691	skip_motif_no_variation	False										Naive_B	existing_single_source	single_source_no_pooling_correction		
SPI	Naive_B	strict_primary	2702	11	2691	0	0	11	0	2691	skip_motif_no_variation	False										Naive_B	existing_single_source	single_source_no_pooling_correction		
SPZ1	Naive_B	strict_primary	2702	11	2691	0	0	11	0	2691	skip_motif_no_variation	False										Naive_B	existing_single_source	single_source_no_pooling_correction		
SREBF1	Naive_B	strict_primary	2702	11	2691	1	0	11	1	2690	firth_fit_ok	True	12.0	4.17771321449029		0.0949154431399969	65.2165463095481	0.34126870677496	2464.02510966511	-70.6047606337051		Naive_B	existing_single_source	single_source_no_pooling_correction	0.256460390795695	0.130508734317496
SRF	Naive_B	strict_primary	2702	11	2691	0	0	11	0	2691	skip_motif_no_variation	False										Naive_B	existing_single_source	single_source_no_pooling_correction		
STAT_1	Naive_B	strict_primary	2702	11	2691	0	0	11	0	2691	skip_motif_no_variation	False										Naive_B	existing_single_source	single_source_no_pooling_correction		
STAT_2	Naive_B	strict_primary	2702	11	2691	0	0	11	0	2691	skip_motif_no_variation	False										Naive_B	existing_single_source	single_source_no_pooling_correction		
TATA	Naive_B	strict_primary	2702	11	2691	0	0	11	0	2691	skip_motif_no_variation	False										Naive_B	existing_single_source	single_source_no_pooling_correction		
TBX_1	Naive_B	strict_primary	2702	11	2691	0	0	11	0	2691	skip_motif_no_variation	False										Naive_B	existing_single_source	single_source_no_pooling_correction		
TBX_2	Naive_B	strict_primary	2702	11	2691	0	0	11	0	2691	skip_motif_no_variation	False										Naive_B	existing_single_source	single_source_no_pooling_correction		
TBX_3	Naive_B	strict_primary	2702	11	2691	0	0	11	0	2691	skip_motif_no_variation	False										Naive_B	existing_single_source	single_source_no_pooling_correction		
TBX_4	Naive_B	strict_primary	2702	11	2691	2	0	11	2	2689	firth_fit_ok	True	11.0	3.31207341760645		0.13901167245958	27.4419651790731	0.183832553373762	508.213490875979	-70.2551448591169		Naive_B	existing_single_source	single_source_no_pooling_correction	0.275420528029836	0.147980167456972
TCF_LEF	Naive_B	strict_primary	2702	11	2691	0	0	11	0	2691	skip_motif_no_variation	False										Naive_B	existing_single_source	single_source_no_pooling_correction		
TEAD	Naive_B	strict_primary	2702	11	2691	0	0	11	0	2691	skip_motif_no_variation	False										Naive_B	existing_single_source	single_source_no_pooling_correction		
TFAP2_1	Naive_B	strict_primary	2702	11	2691	0	0	11	0	2691	skip_motif_no_variation	False										Naive_B	existing_single_source	single_source_no_pooling_correction		
TFAP2_2	Naive_B	strict_primary	2702	11	2691	0	0	11	0	2691	skip_motif_no_variation	False										Naive_B	existing_single_source	single_source_no_pooling_correction		
TFCP2	Naive_B	strict_primary	2702	11	2691	0	0	11	0	2691	skip_motif_no_variation	False										Naive_B	existing_single_source	single_source_no_pooling_correction		
THAP1	Naive_B	strict_primary	2702	11	2691	0	0	11	0	2691	skip_motif_no_variation	False										Naive_B	existing_single_source	single_source_no_pooling_correction		
YY1	Naive_B	strict_primary	2702	11	2691	0	0	11	0	2691	skip_motif_no_variation	False										Naive_B	existing_single_source	single_source_no_pooling_correction		
ZBED1	Naive_B	strict_primary	2702	11	2691	0	0	11	0	2691	skip_motif_no_variation	False										Naive_B	existing_single_source	single_source_no_pooling_correction		
ZBTB14	Naive_B	strict_primary	2702	11	2691	0	0	11	0	2691	skip_motif_no_variation	False										Naive_B	existing_single_source	single_source_no_pooling_correction		
ZBTB48	Naive_B	strict_primary	2702	11	2691	0	0	11	0	2691	skip_motif_no_variation	False										Naive_B	existing_single_source	single_source_no_pooling_correction		
ZBTB49	Naive_B	strict_primary	2702	11	2691	0	0	11	0	2691	skip_motif_no_variation	False										Naive_B	existing_single_source	single_source_no_pooling_correction		
ZBTB6	Naive_B	strict_primary	2702	11	2691	0	0	11	0	2691	skip_motif_no_variation	False										Naive_B	existing_single_source	single_source_no_pooling_correction		
ZBTB7A	Naive_B	strict_primary	2702	11	2691	0	0	11	0	2691	skip_motif_no_variation	False										Naive_B	existing_single_source	single_source_no_pooling_correction		
ZFN121	Naive_B	strict_primary	2702	11	2691	0	0	11	0	2691	skip_motif_no_variation	False										Naive_B	existing_single_source	single_source_no_pooling_correction		
ZFX	Naive_B	strict_primary	2702	11	2691	0	0	11	0	2691	skip_motif_no_variation	False										Naive_B	existing_single_source	single_source_no_pooling_correction		
ZIC	Naive_B	strict_primary	2702	11	2691	1	0	11	1	2690	firth_fit_ok	True	12.0	4.68003561428295		0.0621657353742701	107.773910793606	0.692730102852159	2409.48640714943	-70.6017195360841		Naive_B	existing_single_source	single_source_no_pooling_correction	0.253805468428383	0.130503044553828
ZIC_2	Naive_B	strict_primary	2702	11	2691	0	0	11	0	2691	skip_motif_no_variation	False										Naive_B	existing_single_source	single_source_no_pooling_correction		
ZIM3	Naive_B	strict_primary	2702	11	2691	1	0	11	1	2690	firth_fit_ok	True	12.0	3.48835433389429		0.126703986300543	32.7320373547339	0.213515252196353	700.457769390177	-70.6022213248419		Naive_B	existing_single_source	single_source_no_pooling_correction	0.262272037486309	0.144180398204066
ZKSCAN1	Naive_B	strict_primary	2702	11	2691	0	0	11	0	2691	skip_motif_no_variation	False										Naive_B	existing_single_source	single_source_no_pooling_correction		
ZNF134	Naive_B	strict_primary	2702	11	2691	0	0	11	0	2691	skip_motif_no_variation	False										Naive_B	existing_single_source	single_source_no_pooling_correction		
ZNF136	Naive_B	strict_primary	2702	11	2691	0	0	11	0	2691	skip_motif_no_variation	False										Naive_B	existing_single_source	single_source_no_pooling_correction		
ZNF140	Naive_B	strict_primary	2702	11	2691	0	0	11	0	2691	skip_motif_no_variation	False										Naive_B	existing_single_source	single_source_no_pooling_correction		
ZNF143_1	Naive_B	strict_primary	2702	11	2691	0	0	11	0	2691	skip_motif_no_variation	False										Naive_B	existing_single_source	single_source_no_pooling_correction		
ZNF143_2	Naive_B	strict_primary	2702	11	2691	1	0	11	1	2690	firth_fit_ok	True	12.0	3.66375611689231		0.113699139458131	39.0075850972599	0.254815159388631	832.808785655935	-70.6020153544845		Naive_B	existing_single_source	single_source_no_pooling_correction	0.256460390795695	0.134002557218512
ZNF146	Naive_B	strict_primary	2702	11	2691	0	0	11	0	2691	skip_motif_no_variation	False										Naive_B	existing_single_source	single_source_no_pooling_correction		
ZNF232	Naive_B	strict_primary	2702	11	2691	0	0	11	0	2691	skip_motif_no_variation	False										Naive_B	existing_single_source	single_source_no_pooling_correction		
ZNF24	Naive_B	strict_primary	2702	11	2691	0	0	11	0	2691	skip_motif_no_variation	False										Naive_B	existing_single_source	single_source_no_pooling_correction		
ZNF250	Naive_B	strict_primary	2702	11	2691	0	0	11	0	2691	skip_motif_no_variation	False										Naive_B	existing_single_source	single_source_no_pooling_correction		
ZNF257	Naive_B	strict_primary	2702	11	2691	0	0	11	0	2691	skip_motif_no_variation	False										Naive_B	existing_single_source	single_source_no_pooling_correction		
ZNF274	Naive_B	strict_primary	2702	11	2691	0	0	11	0	2691	skip_motif_no_variation	False										Naive_B	existing_single_source	single_source_no_pooling_correction		
ZNF28	Naive_B	strict_primary	2702	11	2691	1	0	11	1	2690	firth_fit_ok	True	12.0	4.08263810702158		0.087002029702552	59.3017079249566	0.395851290359655	1191.56311874982	-70.6015373101827		Naive_B	existing_single_source	single_source_no_pooling_correction	0.253805468428383	0.130503044553828
ZNF282	Naive_B	strict_primary	2702	11	2691	0	0	11	0	2691	skip_motif_no_variation	False										Naive_B	existing_single_source	single_source_no_pooling_correction		
ZNF306	Naive_B	strict_primary	2702	11	2691	0	0	11	0	2691	skip_motif_no_variation	False										Naive_B	existing_single_source	single_source_no_pooling_correction		
ZNF317	Naive_B	strict_primary	2702	11	2691	0	0	11	0	2691	skip_motif_no_variation	False										Naive_B	existing_single_source	single_source_no_pooling_correction		
ZNF320	Naive_B	strict_primary	2702	11	2691	0	0	11	0	2691	skip_motif_no_variation	False										Naive_B	existing_single_source	single_source_no_pooling_correction		
ZNF324	Naive_B	strict_primary	2702	11	2691	1	0	11	1	2690	firth_fit_ok	True	12.0	3.66375611689231		0.113699139458131	39.0075850972599	0.254815159388631	832.808785655935	-70.6020153544845		Naive_B	existing_single_source	single_source_no_pooling_correction	0.256460390795695	0.134002557218512
ZNF329	Naive_B	strict_primary	2702	11	2691	0	0	11	0	2691	skip_motif_no_variation	False										Naive_B	existing_single_source	single_source_no_pooling_correction		
ZNF331	Naive_B	strict_primary	2702	11	2691	0	0	11	0	2691	skip_motif_no_variation	False										Naive_B	existing_single_source	single_source_no_pooling_correction		
ZNF332	Naive_B	strict_primary	2702	11	2691	1	0	11	1	2690	firth_fit_ok	True	12.0	4.68003561428295		0.0621657353742701	107.773910793606	0.692730102852159	2409.48640714943	-70.6017195360841		Naive_B	existing_single_source	single_source_no_pooling_correction	0.253805468428383	0.130503044553828
ZNF335	Naive_B	strict_primary	2702	11	2691	0	0	11	0	2691	skip_motif_no_variation	False										Naive_B	existing_single_source	single_source_no_pooling_correction		
ZNF354	Naive_B	strict_primary	2702	11	2691	0	0	11	0	2691	skip_motif_no_variation	False										Naive_B	existing_single_source	single_source_no_pooling_correction		
ZNF382	Naive_B	strict_primary	2702	11	2691	0	0	11	0	2691	skip_motif_no_variation	False										Naive_B	existing_single_source	single_source_no_pooling_correction		
ZNF384_1	Naive_B	strict_primary	2702	11	2691	0	0	11	0	2691	skip_motif_no_variation	False										Naive_B	existing_single_source	single_source_no_pooling_correction		
ZNF384_2	Naive_B	strict_primary	2702	11	2691	1	0	11	1	2690	firth_fit_ok	True	12.0	4.08263810702158		0.087002029702552	59.3017079249566	0.395851290359655	1191.56311874982	-70.6015373101827		Naive_B	existing_single_source	single_source_no_pooling_correction	0.253805468428383	0.130503044553828
ZNF41	Naive_B	strict_primary	2702	11	2691	0	0	11	0	2691	skip_motif_no_variation	False										Naive_B	existing_single_source	single_source_no_pooling_correction		
ZNF410	Naive_B	strict_primary	2702	11	2691	0	0	11	0	2691	skip_motif_no_variation	False										Naive_B	existing_single_source	single_source_no_pooling_correction		
ZNF418	Naive_B	strict_primary	2702	11	2691	0	0	11	0	2691	skip_motif_no_variation	False										Naive_B	existing_single_source	single_source_no_pooling_correction		
ZNF423	Naive_B	strict_primary	2702	11	2691	0	0	11	0	2691	skip_motif_no_variation	False										Naive_B	existing_single_source	single_source_no_pooling_correction		
ZNF431	Naive_B	strict_primary	2702	11	2691	0	0	11	0	2691	skip_motif_no_variation	False										Naive_B	existing_single_source	single_source_no_pooling_correction		
ZNF435	Naive_B	strict_primary	2702	11	2691	0	0	11	0	2691	skip_motif_no_variation	False										Naive_B	existing_single_source	single_source_no_pooling_correction		
ZNF436	Naive_B	strict_primary	2702	11	2691	0	0	11	0	2691	skip_motif_no_variation	False										Naive_B	existing_single_source	single_source_no_pooling_correction		
ZNF449	Naive_B	strict_primary	2702	11	2691	0	0	11	0	2691	skip_motif_no_variation	False										Naive_B	existing_single_source	single_source_no_pooling_correction		
ZNF490	Naive_B	strict_primary	2702	11	2691	0	0	11	0	2691	skip_motif_no_variation	False										Naive_B	existing_single_source	single_source_no_pooling_correction		
ZNF524	Naive_B	strict_primary	2702	11	2691	0	0	11	0	2691	skip_motif_no_variation	False										Naive_B	existing_single_source	single_source_no_pooling_correction		
ZNF528	Naive_B	strict_primary	2702	11	2691	0	0	11	0	2691	skip_motif_no_variation	False										Naive_B	existing_single_source	single_source_no_pooling_correction		
ZNF53	Naive_B	strict_primary	2702	11	2691	0	0	11	0	2691	skip_motif_no_variation	False										Naive_B	existing_single_source	single_source_no_pooling_correction		
ZNF547	Naive_B	strict_primary	2702	11	2691	0	0	11	0	2691	skip_motif_no_variation	False										Naive_B	existing_single_source	single_source_no_pooling_correction		
ZNF549	Naive_B	strict_primary	2702	11	2691	0	0	11	0	2691	skip_motif_no_variation	False										Naive_B	existing_single_source	single_source_no_pooling_correction		
ZNF554	Naive_B	strict_primary	2702	11	2691	0	0	11	0	2691	skip_motif_no_variation	False										Naive_B	existing_single_source	single_source_no_pooling_correction		
ZNF563	Naive_B	strict_primary	2702	11	2691	0	0	11	0	2691	skip_motif_no_variation	False										Naive_B	existing_single_source	single_source_no_pooling_correction		
ZNF57	Naive_B	strict_primary	2702	11	2691	0	0	11	0	2691	skip_motif_no_variation	False										Naive_B	existing_single_source	single_source_no_pooling_correction		
ZNF586	Naive_B	strict_primary	2702	11	2691	0	0	11	0	2691	skip_motif_no_variation	False										Naive_B	existing_single_source	single_source_no_pooling_correction		
ZNF652	Naive_B	strict_primary	2702	11	2691	0	0	11	0	2691	skip_motif_no_variation	False										Naive_B	existing_single_source	single_source_no_pooling_correction		
ZNF667	Naive_B	strict_primary	2702	11	2691	0	0	11	0	2691	skip_motif_no_variation	False										Naive_B	existing_single_source	single_source_no_pooling_correction		
ZNF680	Naive_B	strict_primary	2702	11	2691	0	0	11	0	2691	skip_motif_no_variation	False										Naive_B	existing_single_source	single_source_no_pooling_correction		
ZNF708	Naive_B	strict_primary	2702	11	2691	0	0	11	0	2691	skip_motif_no_variation	False										Naive_B	existing_single_source	single_source_no_pooling_correction		
ZNF713	Naive_B	strict_primary	2702	11	2691	0	0	11	0	2691	skip_motif_no_variation	False										Naive_B	existing_single_source	single_source_no_pooling_correction		
ZNF768	Naive_B	strict_primary	2702	11	2691	0	0	11	0	2691	skip_motif_no_variation	False										Naive_B	existing_single_source	single_source_no_pooling_correction		
ZNF784	Naive_B	strict_primary	2702	11	2691	0	0	11	0	2691	skip_motif_no_variation	False										Naive_B	existing_single_source	single_source_no_pooling_correction		
ZNF85_1	Naive_B	strict_primary	2702	11	2691	0	0	11	0	2691	skip_motif_no_variation	False										Naive_B	existing_single_source	single_source_no_pooling_correction		
ZNF85_2	Naive_B	strict_primary	2702	11	2691	0	0	11	0	2691	skip_motif_no_variation	False										Naive_B	existing_single_source	single_source_no_pooling_correction		
ZSCAN3	Naive_B	strict_primary	2702	11	2691	1	0	11	1	2690	firth_fit_ok	True	12.0	5.1859119968229		0.0525615654871781	178.736382494449	0.918770774162394	6871.29204950083	-70.6051812742708		Naive_B	existing_single_source	single_source_no_pooling_correction	0.253805468428383	0.130503044553828
ZSCAN4	Naive_B	strict_primary	2702	11	2691	0	0	11	0	2691	skip_motif_no_variation	False										Naive_B	existing_single_source	single_source_no_pooling_correction		
AHR	Naive_CD8_T	strict_primary	2080	13	2067	0	0	13	0	2067	skip_motif_no_variation	False										Naive_CD8_T	existing_single_source	single_source_no_pooling_correction		
AIRE	Naive_CD8_T	strict_primary	2080	13	2067	0	0	13	0	2067	skip_motif_no_variation	False										Naive_CD8_T	existing_single_source	single_source_no_pooling_correction		
AP1_1	Naive_CD8_T	strict_primary	2080	13	2067	0	0	13	0	2067	skip_motif_no_variation	False										Naive_CD8_T	existing_single_source	single_source_no_pooling_correction		
AP1_2	Naive_CD8_T	strict_primary	2080	13	2067	0	0	13	0	2067	skip_motif_no_variation	False										Naive_CD8_T	existing_single_source	single_source_no_pooling_correction		
ARI5A	Naive_CD8_T	strict_primary	2080	13	2067	0	0	13	0	2067	skip_motif_no_variation	False										Naive_CD8_T	existing_single_source	single_source_no_pooling_correction		
ARI5B	Naive_CD8_T	strict_primary	2080	13	2067	0	0	13	0	2067	skip_motif_no_variation	False										Naive_CD8_T	existing_single_source	single_source_no_pooling_correction		
BATF	Naive_CD8_T	strict_primary	2080	13	2067	0	0	13	0	2067	skip_motif_no_variation	False										Naive_CD8_T	existing_single_source	single_source_no_pooling_correction		
BCL6_1	Naive_CD8_T	strict_primary	2080	13	2067	0	0	13	0	2067	skip_motif_no_variation	False										Naive_CD8_T	existing_single_source	single_source_no_pooling_correction		
BCL6_2	Naive_CD8_T	strict_primary	2080	13	2067	0	0	13	0	2067	skip_motif_no_variation	False										Naive_CD8_T	existing_single_source	single_source_no_pooling_correction		
CCAAT_CEBP	Naive_CD8_T	strict_primary	2080	13	2067	0	0	13	0	2067	skip_motif_no_variation	False										Naive_CD8_T	existing_single_source	single_source_no_pooling_correction		
CENBP	Naive_CD8_T	strict_primary	2080	13	2067	1	0	13	1	2066	firth_fit_ok	True	11.0	4.0788245725691		0.0993139780379517	59.0759894847703	0.316768228805828	2095.40582124549	-77.3982522699142		Naive_CD8_T	existing_single_source	single_source_no_pooling_correction	0.256460390795695	0.161803930918347
CPEB1	Naive_CD8_T	strict_primary	2080	13	2067	0	0	13	0	2067	skip_motif_no_variation	False										Naive_CD8_T	existing_single_source	single_source_no_pooling_correction		
CREB3_XBP1	Naive_CD8_T	strict_primary	2080	13	2067	0	0	13	0	2067	skip_motif_no_variation	False										Naive_CD8_T	existing_single_source	single_source_no_pooling_correction		
CREB_ATF_1	Naive_CD8_T	strict_primary	2080	13	2067	0	0	13	0	2067	skip_motif_no_variation	False										Naive_CD8_T	existing_single_source	single_source_no_pooling_correction		
CREB_ATF_2	Naive_CD8_T	strict_primary	2080	13	2067	0	0	13	0	2067	skip_motif_no_variation	False										Naive_CD8_T	existing_single_source	single_source_no_pooling_correction		
CREB_ATF_3	Naive_CD8_T	strict_primary	2080	13	2067	0	0	13	0	2067	skip_motif_no_variation	False										Naive_CD8_T	existing_single_source	single_source_no_pooling_correction		
CTCF	Naive_CD8_T	strict_primary	2080	13	2067	1	1	12	0	2067	firth_fit_ok	True	11.0	2.22018860687056		0.20777877741407	9.20906759551754	0.298623928541526	1703.45992810978	-77.4016690332129		Naive_CD8_T	existing_single_source	single_source_no_pooling_correction	0.326602265747741	0.220001058438427
CUX_1	Naive_CD8_T	strict_primary	2080	13	2067	0	0	13	0	2067	skip_motif_no_variation	False										Naive_CD8_T	existing_single_source	single_source_no_pooling_correction		
CUX_2	Naive_CD8_T	strict_primary	2080	13	2067	0	0	13	0	2067	skip_motif_no_variation	False										Naive_CD8_T	existing_single_source	single_source_no_pooling_correction		
CUX_3	Naive_CD8_T	strict_primary	2080	13	2067	0	0	13	0	2067	skip_motif_no_variation	False										Naive_CD8_T	existing_single_source	single_source_no_pooling_correction		
CUX_4	Naive_CD8_T	strict_primary	2080	13	2067	0	0	13	0	2067	skip_motif_no_variation	False										Naive_CD8_T	existing_single_source	single_source_no_pooling_correction		
DDIT3+CEBPA	Naive_CD8_T	strict_primary	2080	13	2067	0	0	13	0	2067	skip_motif_no_variation	False										Naive_CD8_T	existing_single_source	single_source_no_pooling_correction		
DMRT1	Naive_CD8_T	strict_primary	2080	13	2067	0	0	13	0	2067	skip_motif_no_variation	False										Naive_CD8_T	existing_single_source	single_source_no_pooling_correction		
DMRT3	Naive_CD8_T	strict_primary	2080	13	2067	0	0	13	0	2067	skip_motif_no_variation	False										Naive_CD8_T	existing_single_source	single_source_no_pooling_correction		
E2F_1	Naive_CD8_T	strict_primary	2080	13	2067	0	0	13	0	2067	skip_motif_no_variation	False										Naive_CD8_T	existing_single_source	single_source_no_pooling_correction		
E2F_2	Naive_CD8_T	strict_primary	2080	13	2067	0	0	13	0	2067	skip_motif_no_variation	False										Naive_CD8_T	existing_single_source	single_source_no_pooling_correction		
E2F_3	Naive_CD8_T	strict_primary	2080	13	2067	0	0	13	0	2067	skip_motif_no_variation	False										Naive_CD8_T	existing_single_source	single_source_no_pooling_correction		
E2F_4	Naive_CD8_T	strict_primary	2080	13	2067	0	0	13	0	2067	skip_motif_no_variation	False										Naive_CD8_T	existing_single_source	single_source_no_pooling_correction		
EBF1	Naive_CD8_T	strict_primary	2080	13	2067	0	0	13	0	2067	skip_motif_no_variation	False										Naive_CD8_T	existing_single_source	single_source_no_pooling_correction		
EGR	Naive_CD8_T	strict_primary	2080	13	2067	0	0	13	0	2067	skip_motif_no_variation	False										Naive_CD8_T	existing_single_source	single_source_no_pooling_correction		
ETS_1	Naive_CD8_T	strict_primary	2080	13	2067	0	0	13	0	2067	skip_motif_no_variation	False										Naive_CD8_T	existing_single_source	single_source_no_pooling_correction		
ETS_2	Naive_CD8_T	strict_primary	2080	13	2067	0	0	13	0	2067	skip_motif_no_variation	False										Naive_CD8_T	existing_single_source	single_source_no_pooling_correction		
EVI1_MECOM	Naive_CD8_T	strict_primary	2080	13	2067	0	0	13	0	2067	skip_motif_no_variation	False										Naive_CD8_T	existing_single_source	single_source_no_pooling_correction		
EWSR1_FLI1	Naive_CD8_T	strict_primary	2080	13	2067	0	0	13	0	2067	skip_motif_no_variation	False										Naive_CD8_T	existing_single_source	single_source_no_pooling_correction		
Ebox_CACCTG	Naive_CD8_T	strict_primary	2080	13	2067	0	0	13	0	2067	skip_motif_no_variation	False										Naive_CD8_T	existing_single_source	single_source_no_pooling_correction		
Ebox_CACGTG_1	Naive_CD8_T	strict_primary	2080	13	2067	0	0	13	0	2067	skip_motif_no_variation	False										Naive_CD8_T	existing_single_source	single_source_no_pooling_correction		
Ebox_CACGTG_2	Naive_CD8_T	strict_primary	2080	13	2067	0	0	13	0	2067	skip_motif_no_variation	False										Naive_CD8_T	existing_single_source	single_source_no_pooling_correction		
Ebox_CAGATGG	Naive_CD8_T	strict_primary	2080	13	2067	0	0	13	0	2067	skip_motif_no_variation	False										Naive_CD8_T	existing_single_source	single_source_no_pooling_correction		
Ebox_CAGCTG	Naive_CD8_T	strict_primary	2080	13	2067	1	0	13	1	2066	firth_fit_ok	True	11.0	4.11098903233185		0.0858409703056321	61.0070256622295	0.404710728893808	1246.04354895023	-77.393291379189		Naive_CD8_T	existing_single_source	single_source_no_pooling_correction	0.253805468428383	0.161803930918347
Ebox_CATATG	Naive_CD8_T	strict_primary	2080	13	2067	0	0	13	0	2067	skip_motif_no_variation	False										Naive_CD8_T	existing_single_source	single_source_no_pooling_correction		
FEZF1	Naive_CD8_T	strict_primary	2080	13	2067	0	0	13	0	2067	skip_motif_no_variation	False										Naive_CD8_T	existing_single_source	single_source_no_pooling_correction		
FOX_1	Naive_CD8_T	strict_primary	2080	13	2067	0	0	13	0	2067	skip_motif_no_variation	False										Naive_CD8_T	existing_single_source	single_source_no_pooling_correction		
FOX_2	Naive_CD8_T	strict_primary	2080	13	2067	0	0	13	0	2067	skip_motif_no_variation	False										Naive_CD8_T	existing_single_source	single_source_no_pooling_correction		
FOX_3	Naive_CD8_T	strict_primary	2080	13	2067	0	0	13	0	2067	skip_motif_no_variation	False										Naive_CD8_T	existing_single_source	single_source_no_pooling_correction		
FOX_4	Naive_CD8_T	strict_primary	2080	13	2067	0	0	13	0	2067	skip_motif_no_variation	False										Naive_CD8_T	existing_single_source	single_source_no_pooling_correction		
FOX_5	Naive_CD8_T	strict_primary	2080	13	2067	1	0	13	1	2066	firth_fit_ok	True	11.0	5.20788540292368		0.0459200557131702	182.707297099627	1.1553358617795	4254.65765610908	-77.3934612746761		Naive_CD8_T	existing_single_source	single_source_no_pooling_correction	0.253805468428383	0.161803930918347
FOX_6	Naive_CD8_T	strict_primary	2080	13	2067	0	0	13	0	2067	skip_motif_no_variation	False										Naive_CD8_T	existing_single_source	single_source_no_pooling_correction		
FOX_7	Naive_CD8_T	strict_primary	2080	13	2067	0	0	13	0	2067	skip_motif_no_variation	False										Naive_CD8_T	existing_single_source	single_source_no_pooling_correction		
FOX_8	Naive_CD8_T	strict_primary	2080	13	2067	0	0	13	0	2067	skip_motif_no_variation	False										Naive_CD8_T	existing_single_source	single_source_no_pooling_correction		
FOX_9	Naive_CD8_T	strict_primary	2080	13	2067	0	0	13	0	2067	skip_motif_no_variation	False										Naive_CD8_T	existing_single_source	single_source_no_pooling_correction		
GATA	Naive_CD8_T	strict_primary	2080	13	2067	0	0	13	0	2067	skip_motif_no_variation	False										Naive_CD8_T	existing_single_source	single_source_no_pooling_correction		
GC-tract	Naive_CD8_T	strict_primary	2080	13	2067	4	0	13	4	2063	firth_fit_ok	True	12.0	2.85640797085651		0.184300088869103	17.3989171383634	0.11654079167322	250.69981365331	-76.7067988331726		Naive_CD8_T	existing_single_source	single_source_no_pooling_correction	0.3113369182911	0.207337599977741
GCM	Naive_CD8_T	strict_primary	2080	13	2067	0	0	13	0	2067	skip_motif_no_variation	False										Naive_CD8_T	existing_single_source	single_source_no_pooling_correction		
GFI	Naive_CD8_T	strict_primary	2080	13	2067	0	0	13	0	2067	skip_motif_no_variation	False										Naive_CD8_T	existing_single_source	single_source_no_pooling_correction		
GLI	Naive_CD8_T	strict_primary	2080	13	2067	0	0	13	0	2067	skip_motif_no_variation	False										Naive_CD8_T	existing_single_source	single_source_no_pooling_correction		
GLIS	Naive_CD8_T	strict_primary	2080	13	2067	0	0	13	0	2067	skip_motif_no_variation	False										Naive_CD8_T	existing_single_source	single_source_no_pooling_correction		
GMEB2_1	Naive_CD8_T	strict_primary	2080	13	2067	0	0	13	0	2067	skip_motif_no_variation	False										Naive_CD8_T	existing_single_source	single_source_no_pooling_correction		
GMEB2_2	Naive_CD8_T	strict_primary	2080	13	2067	0	0	13	0	2067	skip_motif_no_variation	False										Naive_CD8_T	existing_single_source	single_source_no_pooling_correction		
GMEB2_3	Naive_CD8_T	strict_primary	2080	13	2067	0	0	13	0	2067	skip_motif_no_variation	False										Naive_CD8_T	existing_single_source	single_source_no_pooling_correction		
GRHL	Naive_CD8_T	strict_primary	2080	13	2067	0	0	13	0	2067	skip_motif_no_variation	False										Naive_CD8_T	existing_single_source	single_source_no_pooling_correction		
HAND1	Naive_CD8_T	strict_primary	2080	13	2067	0	0	13	0	2067	skip_motif_no_variation	False										Naive_CD8_T	existing_single_source	single_source_no_pooling_correction		
HD_1	Naive_CD8_T	strict_primary	2080	13	2067	0	0	13	0	2067	skip_motif_no_variation	False										Naive_CD8_T	existing_single_source	single_source_no_pooling_correction		
HD_10	Naive_CD8_T	strict_primary	2080	13	2067	0	0	13	0	2067	skip_motif_no_variation	False										Naive_CD8_T	existing_single_source	single_source_no_pooling_correction		
HD_11	Naive_CD8_T	strict_primary	2080	13	2067	0	0	13	0	2067	skip_motif_no_variation	False										Naive_CD8_T	existing_single_source	single_source_no_pooling_correction		
HD_12	Naive_CD8_T	strict_primary	2080	13	2067	0	0	13	0	2067	skip_motif_no_variation	False										Naive_CD8_T	existing_single_source	single_source_no_pooling_correction		
HD_13	Naive_CD8_T	strict_primary	2080	13	2067	0	0	13	0	2067	skip_motif_no_variation	False										Naive_CD8_T	existing_single_source	single_source_no_pooling_correction		
HD_14	Naive_CD8_T	strict_primary	2080	13	2067	0	0	13	0	2067	skip_motif_no_variation	False										Naive_CD8_T	existing_single_source	single_source_no_pooling_correction		
HD_15	Naive_CD8_T	strict_primary	2080	13	2067	0	0	13	0	2067	skip_motif_no_variation	False										Naive_CD8_T	existing_single_source	single_source_no_pooling_correction		
HD_16	Naive_CD8_T	strict_primary	2080	13	2067	0	0	13	0	2067	skip_motif_no_variation	False										Naive_CD8_T	existing_single_source	single_source_no_pooling_correction		
HD_17	Naive_CD8_T	strict_primary	2080	13	2067	0	0	13	0	2067	skip_motif_no_variation	False										Naive_CD8_T	existing_single_source	single_source_no_pooling_correction		
HD_18	Naive_CD8_T	strict_primary	2080	13	2067	0	0	13	0	2067	skip_motif_no_variation	False										Naive_CD8_T	existing_single_source	single_source_no_pooling_correction		
HD_19	Naive_CD8_T	strict_primary	2080	13	2067	0	0	13	0	2067	skip_motif_no_variation	False										Naive_CD8_T	existing_single_source	single_source_no_pooling_correction		
HD_2	Naive_CD8_T	strict_primary	2080	13	2067	0	0	13	0	2067	skip_motif_no_variation	False										Naive_CD8_T	existing_single_source	single_source_no_pooling_correction		
HD_20	Naive_CD8_T	strict_primary	2080	13	2067	0	0	13	0	2067	skip_motif_no_variation	False										Naive_CD8_T	existing_single_source	single_source_no_pooling_correction		
HD_21	Naive_CD8_T	strict_primary	2080	13	2067	0	0	13	0	2067	skip_motif_no_variation	False										Naive_CD8_T	existing_single_source	single_source_no_pooling_correction		
HD_22	Naive_CD8_T	strict_primary	2080	13	2067	0	0	13	0	2067	skip_motif_no_variation	False										Naive_CD8_T	existing_single_source	single_source_no_pooling_correction		
HD_23	Naive_CD8_T	strict_primary	2080	13	2067	0	0	13	0	2067	skip_motif_no_variation	False										Naive_CD8_T	existing_single_source	single_source_no_pooling_correction		
HD_24	Naive_CD8_T	strict_primary	2080	13	2067	0	0	13	0	2067	skip_motif_no_variation	False										Naive_CD8_T	existing_single_source	single_source_no_pooling_correction		
HD_25	Naive_CD8_T	strict_primary	2080	13	2067	0	0	13	0	2067	skip_motif_no_variation	False										Naive_CD8_T	existing_single_source	single_source_no_pooling_correction		
HD_3	Naive_CD8_T	strict_primary	2080	13	2067	0	0	13	0	2067	skip_motif_no_variation	False										Naive_CD8_T	existing_single_source	single_source_no_pooling_correction		
HD_4	Naive_CD8_T	strict_primary	2080	13	2067	0	0	13	0	2067	skip_motif_no_variation	False										Naive_CD8_T	existing_single_source	single_source_no_pooling_correction		
HD_5	Naive_CD8_T	strict_primary	2080	13	2067	0	0	13	0	2067	skip_motif_no_variation	False										Naive_CD8_T	existing_single_source	single_source_no_pooling_correction		
HD_6	Naive_CD8_T	strict_primary	2080	13	2067	0	0	13	0	2067	skip_motif_no_variation	False										Naive_CD8_T	existing_single_source	single_source_no_pooling_correction		
HD_7	Naive_CD8_T	strict_primary	2080	13	2067	0	0	13	0	2067	skip_motif_no_variation	False										Naive_CD8_T	existing_single_source	single_source_no_pooling_correction		
HD_8	Naive_CD8_T	strict_primary	2080	13	2067	0	0	13	0	2067	skip_motif_no_variation	False										Naive_CD8_T	existing_single_source	single_source_no_pooling_correction		
HD_9	Naive_CD8_T	strict_primary	2080	13	2067	0	0	13	0	2067	skip_motif_no_variation	False										Naive_CD8_T	existing_single_source	single_source_no_pooling_correction		
HEN1	Naive_CD8_T	strict_primary	2080	13	2067	0	0	13	0	2067	skip_motif_no_variation	False										Naive_CD8_T	existing_single_source	single_source_no_pooling_correction		
HIC_1	Naive_CD8_T	strict_primary	2080	13	2067	0	0	13	0	2067	skip_motif_no_variation	False										Naive_CD8_T	existing_single_source	single_source_no_pooling_correction		
HIC_2	Naive_CD8_T	strict_primary	2080	13	2067	0	0	13	0	2067	skip_motif_no_variation	False										Naive_CD8_T	existing_single_source	single_source_no_pooling_correction		
HIF	Naive_CD8_T	strict_primary	2080	13	2067	0	0	13	0	2067	skip_motif_no_variation	False										Naive_CD8_T	existing_single_source	single_source_no_pooling_correction		
HINFP1_1	Naive_CD8_T	strict_primary	2080	13	2067	0	0	13	0	2067	skip_motif_no_variation	False										Naive_CD8_T	existing_single_source	single_source_no_pooling_correction		
HINFP1_2	Naive_CD8_T	strict_primary	2080	13	2067	0	0	13	0	2067	skip_motif_no_variation	False										Naive_CD8_T	existing_single_source	single_source_no_pooling_correction		
HINFP1_3	Naive_CD8_T	strict_primary	2080	13	2067	0	0	13	0	2067	skip_motif_no_variation	False										Naive_CD8_T	existing_single_source	single_source_no_pooling_correction		
HLTF	Naive_CD8_T	strict_primary	2080	13	2067	0	0	13	0	2067	skip_motif_no_variation	False										Naive_CD8_T	existing_single_source	single_source_no_pooling_correction		
HOMEZ	Naive_CD8_T	strict_primary	2080	13	2067	0	0	13	0	2067	skip_motif_no_variation	False										Naive_CD8_T	existing_single_source	single_source_no_pooling_correction		
HSF	Naive_CD8_T	strict_primary	2080	13	2067	0	0	13	0	2067	skip_motif_no_variation	False										Naive_CD8_T	existing_single_source	single_source_no_pooling_correction		
HSFY2	Naive_CD8_T	strict_primary	2080	13	2067	0	0	13	0	2067	skip_motif_no_variation	False										Naive_CD8_T	existing_single_source	single_source_no_pooling_correction		
INSM1	Naive_CD8_T	strict_primary	2080	13	2067	0	0	13	0	2067	skip_motif_no_variation	False										Naive_CD8_T	existing_single_source	single_source_no_pooling_correction		
IRF_1	Naive_CD8_T	strict_primary	2080	13	2067	0	0	13	0	2067	skip_motif_no_variation	False										Naive_CD8_T	existing_single_source	single_source_no_pooling_correction		
IRF_2	Naive_CD8_T	strict_primary	2080	13	2067	0	0	13	0	2067	skip_motif_no_variation	False										Naive_CD8_T	existing_single_source	single_source_no_pooling_correction		
IRF_3	Naive_CD8_T	strict_primary	2080	13	2067	0	0	13	0	2067	skip_motif_no_variation	False										Naive_CD8_T	existing_single_source	single_source_no_pooling_correction		
IRF_4	Naive_CD8_T	strict_primary	2080	13	2067	0	0	13	0	2067	skip_motif_no_variation	False										Naive_CD8_T	existing_single_source	single_source_no_pooling_correction		
KAISO	Naive_CD8_T	strict_primary	2080	13	2067	0	0	13	0	2067	skip_motif_no_variation	False										Naive_CD8_T	existing_single_source	single_source_no_pooling_correction		
KLF_SP_1	Naive_CD8_T	strict_primary	2080	13	2067	0	0	13	0	2067	skip_motif_no_variation	False										Naive_CD8_T	existing_single_source	single_source_no_pooling_correction		
KLF_SP_2	Naive_CD8_T	strict_primary	2080	13	2067	3	0	13	3	2064	firth_fit_ok	True	11.0	3.03094910332225		0.170435337047952	20.7168857265551	0.131760622916916	386.696408889476	-76.8552972189425		Naive_CD8_T	existing_single_source	single_source_no_pooling_correction	0.297695275210512	0.204522404457542
KLF_SP_3	Naive_CD8_T	strict_primary	2080	13	2067	0	0	13	0	2067	skip_motif_no_variation	False										Naive_CD8_T	existing_single_source	single_source_no_pooling_correction		
LEF1	Naive_CD8_T	strict_primary	2080	13	2067	0	0	13	0	2067	skip_motif_no_variation	False										Naive_CD8_T	existing_single_source	single_source_no_pooling_correction		
LIN54	Naive_CD8_T	strict_primary	2080	13	2067	0	0	13	0	2067	skip_motif_no_variation	False										Naive_CD8_T	existing_single_source	single_source_no_pooling_correction		
MAF	Naive_CD8_T	strict_primary	2080	13	2067	0	0	13	0	2067	skip_motif_no_variation	False										Naive_CD8_T	existing_single_source	single_source_no_pooling_correction		
MBD2	Naive_CD8_T	strict_primary	2080	13	2067	0	0	13	0	2067	skip_motif_no_variation	False										Naive_CD8_T	existing_single_source	single_source_no_pooling_correction		
MECP2	Naive_CD8_T	strict_primary	2080	13	2067	0	0	13	0	2067	skip_motif_no_variation	False										Naive_CD8_T	existing_single_source	single_source_no_pooling_correction		
MEF2	Naive_CD8_T	strict_primary	2080	13	2067	0	0	13	0	2067	skip_motif_no_variation	False										Naive_CD8_T	existing_single_source	single_source_no_pooling_correction		
MFZ1	Naive_CD8_T	strict_primary	2080	13	2067	0	0	13	0	2067	skip_motif_no_variation	False										Naive_CD8_T	existing_single_source	single_source_no_pooling_correction		
MIES	Naive_CD8_T	strict_primary	2080	13	2067	0	0	13	0	2067	skip_motif_no_variation	False										Naive_CD8_T	existing_single_source	single_source_no_pooling_correction		
MTF1	Naive_CD8_T	strict_primary	2080	13	2067	0	0	13	0	2067	skip_motif_no_variation	False										Naive_CD8_T	existing_single_source	single_source_no_pooling_correction		
MYB_1	Naive_CD8_T	strict_primary	2080	13	2067	0	0	13	0	2067	skip_motif_no_variation	False										Naive_CD8_T	existing_single_source	single_source_no_pooling_correction		
MYB_2	Naive_CD8_T	strict_primary	2080	13	2067	0	0	13	0	2067	skip_motif_no_variation	False										Naive_CD8_T	existing_single_source	single_source_no_pooling_correction		
MYB_3	Naive_CD8_T	strict_primary	2080	13	2067	0	0	13	0	2067	skip_motif_no_variation	False										Naive_CD8_T	existing_single_source	single_source_no_pooling_correction		
MYB_4	Naive_CD8_T	strict_primary	2080	13	2067	0	0	13	0	2067	skip_motif_no_variation	False										Naive_CD8_T	existing_single_source	single_source_no_pooling_correction		
MYB_5	Naive_CD8_T	strict_primary	2080	13	2067	0	0	13	0	2067	skip_motif_no_variation	False										Naive_CD8_T	existing_single_source	single_source_no_pooling_correction		
MZF1	Naive_CD8_T	strict_primary	2080	13	2067	0	0	13	0	2067	skip_motif_no_variation	False										Naive_CD8_T	existing_single_source	single_source_no_pooling_correction		
NFAC_2	Naive_CD8_T	strict_primary	2080	13	2067	0	0	13	0	2067	skip_motif_no_variation	False										Naive_CD8_T	existing_single_source	single_source_no_pooling_correction		
NFAT_1	Naive_CD8_T	strict_primary	2080	13	2067	0	0	13	0	2067	skip_motif_no_variation	False										Naive_CD8_T	existing_single_source	single_source_no_pooling_correction		
NFAT_2	Naive_CD8_T	strict_primary	2080	13	2067	0	0	13	0	2067	skip_motif_no_variation	False										Naive_CD8_T	existing_single_source	single_source_no_pooling_correction		
NFAT_3	Naive_CD8_T	strict_primary	2080	13	2067	0	0	13	0	2067	skip_motif_no_variation	False										Naive_CD8_T	existing_single_source	single_source_no_pooling_correction		
NFAT_4	Naive_CD8_T	strict_primary	2080	13	2067	0	0	13	0	2067	skip_motif_no_variation	False										Naive_CD8_T	existing_single_source	single_source_no_pooling_correction		
NFI_1	Naive_CD8_T	strict_primary	2080	13	2067	0	0	13	0	2067	skip_motif_no_variation	False										Naive_CD8_T	existing_single_source	single_source_no_pooling_correction		
NFI_2	Naive_CD8_T	strict_primary	2080	13	2067	0	0	13	0	2067	skip_motif_no_variation	False										Naive_CD8_T	existing_single_source	single_source_no_pooling_correction		
NFI_3	Naive_CD8_T	strict_primary	2080	13	2067	0	0	13	0	2067	skip_motif_no_variation	False										Naive_CD8_T	existing_single_source	single_source_no_pooling_correction		
NFKB_1	Naive_CD8_T	strict_primary	2080	13	2067	0	0	13	0	2067	skip_motif_no_variation	False										Naive_CD8_T	existing_single_source	single_source_no_pooling_correction		
NFKB_2	Naive_CD8_T	strict_primary	2080	13	2067	0	0	13	0	2067	skip_motif_no_variation	False										Naive_CD8_T	existing_single_source	single_source_no_pooling_correction		
NFKB_3	Naive_CD8_T	strict_primary	2080	13	2067	0	0	13	0	2067	skip_motif_no_variation	False										Naive_CD8_T	existing_single_source	single_source_no_pooling_correction		
NFY	Naive_CD8_T	strict_primary	2080	13	2067	0	0	13	0	2067	skip_motif_no_variation	False										Naive_CD8_T	existing_single_source	single_source_no_pooling_correction		
NR2E3	Naive_CD8_T	strict_primary	2080	13	2067	0	0	13	0	2067	skip_motif_no_variation	False										Naive_CD8_T	existing_single_source	single_source_no_pooling_correction		
NRF1	Naive_CD8_T	strict_primary	2080	13	2067	1	0	13	1	2066	firth_fit_ok	True	11.0	4.0788245725691		0.0993139780379517	59.0759894847703	0.316768228805828	2095.40582124549	-77.3982522699142		Naive_CD8_T	existing_single_source	single_source_no_pooling_correction	0.256460390795695	0.161803930918347
NR_1	Naive_CD8_T	strict_primary	2080	13	2067	1	0	13	1	2066	firth_fit_ok	True	11.0	3.54297244030235		0.125970740376916	34.5695224660684	0.215204249157253	843.324868678239	-77.3945245084557		Naive_CD8_T	existing_single_source	single_source_no_pooling_correction	0.261831745494168	0.161962380484606
NR_10	Naive_CD8_T	strict_primary	2080	13	2067	0	0	13	0	2067	skip_motif_no_variation	False										Naive_CD8_T	existing_single_source	single_source_no_pooling_correction		
NR_11	Naive_CD8_T	strict_primary	2080	13	2067	0	0	13	0	2067	skip_motif_no_variation	False										Naive_CD8_T	existing_single_source	single_source_no_pooling_correction		
NR_12	Naive_CD8_T	strict_primary	2080	13	2067	0	0	13	0	2067	skip_motif_no_variation	False										Naive_CD8_T	existing_single_source	single_source_no_pooling_correction		
NR_13	Naive_CD8_T	strict_primary	2080	13	2067	0	0	13	0	2067	skip_motif_no_variation	False										Naive_CD8_T	existing_single_source	single_source_no_pooling_correction		
NR_14	Naive_CD8_T	strict_primary	2080	13	2067	0	0	13	0	2067	skip_motif_no_variation	False										Naive_CD8_T	existing_single_source	single_source_no_pooling_correction		
NR_15	Naive_CD8_T	strict_primary	2080	13	2067	1	0	13	1	2066	firth_fit_ok	True	11.0	2.01144567628919		0.329414721604755	7.47411469109832	0.0451858069571917	198.705014938911	-77.395429650954		Naive_CD8_T	existing_single_source	single_source_no_pooling_correction	0.430229123053746	0.329414721604755
NR_16	Naive_CD8_T	strict_primary	2080	13	2067	1	0	13	1	2066	firth_fit_ok	True	11.0	4.142997646353		0.0842523335015599	62.9913645494599	0.417413166757328	1290.76244868286	-77.3932700151211		Naive_CD8_T	existing_single_source	single_source_no_pooling_correction	0.253805468428383	0.161803930918347
NR_17	Naive_CD8_T	strict_primary	2080	13	2067	0	0	13	0	2067	skip_motif_no_variation	False										Naive_CD8_T	existing_single_source	single_source_no_pooling_correction		
NR_18	Naive_CD8_T	strict_primary	2080	13	2067	0	0	13	0	2067	skip_motif_no_variation	False										Naive_CD8_T	existing_single_source	single_source_no_pooling_correction		
NR_19	Naive_CD8_T	strict_primary	2080	13	2067	0	0	13	0	2067	skip_motif_no_variation	False										Naive_CD8_T	existing_single_source	single_source_no_pooling_correction		
NR_2	Naive_CD8_T	strict_primary	2080	13	2067	0	0	13	0	2067	skip_motif_no_variation	False										Naive_CD8_T	existing_single_source	single_source_no_pooling_correction		
NR_20	Naive_CD8_T	strict_primary	2080	13	2067	0	0	13	0	2067	skip_motif_no_variation	False										Naive_CD8_T	existing_single_source	single_source_no_pooling_correction		
NR_3	Naive_CD8_T	strict_primary	2080	13	2067	1	0	13	1	2066	firth_fit_ok	True	11.0	3.54297244030235		0.125970740376916	34.5695224660684	0.215204249157253	843.324868678239	-77.3945245084557		Naive_CD8_T	existing_single_source	single_source_no_pooling_correction	0.261831745494168	0.161962380484606
NR_4	Naive_CD8_T	strict_primary	2080	13	2067	0	0	13	0	2067	skip_motif_no_variation	False										Naive_CD8_T	existing_single_source	single_source_no_pooling_correction		
NR_5	Naive_CD8_T	strict_primary	2080	13	2067	0	0	13	0	2067	skip_motif_no_variation	False										Naive_CD8_T	existing_single_source	single_source_no_pooling_correction		
NR_6	Naive_CD8_T	strict_primary	2080	13	2067	0	0	13	0	2067	skip_motif_no_variation	False										Naive_CD8_T	existing_single_source	single_source_no_pooling_correction		
NR_7	Naive_CD8_T	strict_primary	2080	13	2067	0	0	13	0	2067	skip_motif_no_variation	False										Naive_CD8_T	existing_single_source	single_source_no_pooling_correction		
NR_8	Naive_CD8_T	strict_primary	2080	13	2067	0	0	13	0	2067	skip_motif_no_variation	False										Naive_CD8_T	existing_single_source	single_source_no_pooling_correction		
NR_9	Naive_CD8_T	strict_primary	2080	13	2067	0	0	13	0	2067	skip_motif_no_variation	False										Naive_CD8_T	existing_single_source	single_source_no_pooling_correction		
OCT4+SOX2	Naive_CD8_T	strict_primary	2080	13	2067	0	0	13	0	2067	skip_motif_no_variation	False										Naive_CD8_T	existing_single_source	single_source_no_pooling_correction		
OSR2	Naive_CD8_T	strict_primary	2080	13	2067	0	0	13	0	2067	skip_motif_no_variation	False										Naive_CD8_T	existing_single_source	single_source_no_pooling_correction		
OVOL1	Naive_CD8_T	strict_primary	2080	13	2067	0	0	13	0	2067	skip_motif_no_variation	False										Naive_CD8_T	existing_single_source	single_source_no_pooling_correction		
P53-like_1	Naive_CD8_T	strict_primary	2080	13	2067	0	0	13	0	2067	skip_motif_no_variation	False										Naive_CD8_T	existing_single_source	single_source_no_pooling_correction		
P53-like_2	Naive_CD8_T	strict_primary	2080	13	2067	0	0	13	0	2067	skip_motif_no_variation	False										Naive_CD8_T	existing_single_source	single_source_no_pooling_correction		
P53-like_3	Naive_CD8_T	strict_primary	2080	13	2067	0	0	13	0	2067	skip_motif_no_variation	False										Naive_CD8_T	existing_single_source	single_source_no_pooling_correction		
PAX-halfsite	Naive_CD8_T	strict_primary	2080	13	2067	0	0	13	0	2067	skip_motif_no_variation	False										Naive_CD8_T	existing_single_source	single_source_no_pooling_correction		
PAX_1	Naive_CD8_T	strict_primary	2080	13	2067	0	0	13	0	2067	skip_motif_no_variation	False										Naive_CD8_T	existing_single_source	single_source_no_pooling_correction		
PAX_2	Naive_CD8_T	strict_primary	2080	13	2067	1	0	13	1	2066	firth_fit_ok	True	11.0	4.55312126690868		0.0664046247710763	94.9282427684556	0.620290516129889	2023.1131909375	-77.3932662102669		Naive_CD8_T	existing_single_source	single_source_no_pooling_correction	0.253805468428383	0.161803930918347
PLAG1	Naive_CD8_T	strict_primary	2080	13	2067	0	0	13	0	2067	skip_motif_no_variation	False										Naive_CD8_T	existing_single_source	single_source_no_pooling_correction		
POU_1	Naive_CD8_T	strict_primary	2080	13	2067	0	0	13	0	2067	skip_motif_no_variation	False										Naive_CD8_T	existing_single_source	single_source_no_pooling_correction		
POU_2	Naive_CD8_T	strict_primary	2080	13	2067	0	0	13	0	2067	skip_motif_no_variation	False										Naive_CD8_T	existing_single_source	single_source_no_pooling_correction		
POU_3	Naive_CD8_T	strict_primary	2080	13	2067	0	0	13	0	2067	skip_motif_no_variation	False										Naive_CD8_T	existing_single_source	single_source_no_pooling_correction		
PRDM1	Naive_CD8_T	strict_primary	2080	13	2067	0	0	13	0	2067	skip_motif_no_variation	False										Naive_CD8_T	existing_single_source	single_source_no_pooling_correction		
PRDM14	Naive_CD8_T	strict_primary	2080	13	2067	0	0	13	0	2067	skip_motif_no_variation	False										Naive_CD8_T	existing_single_source	single_source_no_pooling_correction		
PRDM16	Naive_CD8_T	strict_primary	2080	13	2067	0	0	13	0	2067	skip_motif_no_variation	False										Naive_CD8_T	existing_single_source	single_source_no_pooling_correction		
PRDM4	Naive_CD8_T	strict_primary	2080	13	2067	0	0	13	0	2067	skip_motif_no_variation	False										Naive_CD8_T	existing_single_source	single_source_no_pooling_correction		
PRDM5	Naive_CD8_T	strict_primary	2080	13	2067	0	0	13	0	2067	skip_motif_no_variation	False										Naive_CD8_T	existing_single_source	single_source_no_pooling_correction		
PRDM9	Naive_CD8_T	strict_primary	2080	13	2067	0	0	13	0	2067	skip_motif_no_variation	False										Naive_CD8_T	existing_single_source	single_source_no_pooling_correction		
PROX1	Naive_CD8_T	strict_primary	2080	13	2067	0	0	13	0	2067	skip_motif_no_variation	False										Naive_CD8_T	existing_single_source	single_source_no_pooling_correction		
RBPJ	Naive_CD8_T	strict_primary	2080	13	2067	0	0	13	0	2067	skip_motif_no_variation	False										Naive_CD8_T	existing_single_source	single_source_no_pooling_correction		
REL-halfsite	Naive_CD8_T	strict_primary	2080	13	2067	0	0	13	0	2067	skip_motif_no_variation	False										Naive_CD8_T	existing_single_source	single_source_no_pooling_correction		
REST_NRSF	Naive_CD8_T	strict_primary	2080	13	2067	0	0	13	0	2067	skip_motif_no_variation	False										Naive_CD8_T	existing_single_source	single_source_no_pooling_correction		
RFX_1	Naive_CD8_T	strict_primary	2080	13	2067	0	0	13	0	2067	skip_motif_no_variation	False										Naive_CD8_T	existing_single_source	single_source_no_pooling_correction		
RFX_2	Naive_CD8_T	strict_primary	2080	13	2067	0	0	13	0	2067	skip_motif_no_variation	False										Naive_CD8_T	existing_single_source	single_source_no_pooling_correction		
RFX_3	Naive_CD8_T	strict_primary	2080	13	2067	0	0	13	0	2067	skip_motif_no_variation	False										Naive_CD8_T	existing_single_source	single_source_no_pooling_correction		
RUNX_1	Naive_CD8_T	strict_primary	2080	13	2067	0	0	13	0	2067	skip_motif_no_variation	False										Naive_CD8_T	existing_single_source	single_source_no_pooling_correction		
RUNX_2	Naive_CD8_T	strict_primary	2080	13	2067	0	0	13	0	2067	skip_motif_no_variation	False										Naive_CD8_T	existing_single_source	single_source_no_pooling_correction		
SCRT1	Naive_CD8_T	strict_primary	2080	13	2067	0	0	13	0	2067	skip_motif_no_variation	False										Naive_CD8_T	existing_single_source	single_source_no_pooling_correction		
SIX_1	Naive_CD8_T	strict_primary	2080	13	2067	0	0	13	0	2067	skip_motif_no_variation	False										Naive_CD8_T	existing_single_source	single_source_no_pooling_correction		
SIX_2	Naive_CD8_T	strict_primary	2080	13	2067	0	0	13	0	2067	skip_motif_no_variation	False										Naive_CD8_T	existing_single_source	single_source_no_pooling_correction		
SMAD_1	Naive_CD8_T	strict_primary	2080	13	2067	0	0	13	0	2067	skip_motif_no_variation	False										Naive_CD8_T	existing_single_source	single_source_no_pooling_correction		
SMAD_2	Naive_CD8_T	strict_primary	2080	13	2067	0	0	13	0	2067	skip_motif_no_variation	False										Naive_CD8_T	existing_single_source	single_source_no_pooling_correction		
SMAD_3	Naive_CD8_T	strict_primary	2080	13	2067	0	0	13	0	2067	skip_motif_no_variation	False										Naive_CD8_T	existing_single_source	single_source_no_pooling_correction		
SMARCA1	Naive_CD8_T	strict_primary	2080	13	2067	0	0	13	0	2067	skip_motif_no_variation	False										Naive_CD8_T	existing_single_source	single_source_no_pooling_correction		
SMARCA5	Naive_CD8_T	strict_primary	2080	13	2067	0	0	13	0	2067	skip_motif_no_variation	False										Naive_CD8_T	existing_single_source	single_source_no_pooling_correction		
SNAI2	Naive_CD8_T	strict_primary	2080	13	2067	0	0	13	0	2067	skip_motif_no_variation	False										Naive_CD8_T	existing_single_source	single_source_no_pooling_correction		
SOX_1	Naive_CD8_T	strict_primary	2080	13	2067	1	0	13	1	2066	firth_fit_ok	True	11.0	4.61616365952208		0.0638940241802255	101.105412381281	0.661647114541857	2145.82674175155	-77.3932217346974		Naive_CD8_T	existing_single_source	single_source_no_pooling_correction	0.253805468428383	0.161803930918347
SOX_2	Naive_CD8_T	strict_primary	2080	13	2067	0	0	13	0	2067	skip_motif_no_variation	False										Naive_CD8_T	existing_single_source	single_source_no_pooling_correction		
SOX_3	Naive_CD8_T	strict_primary	2080	13	2067	0	0	13	0	2067	skip_motif_no_variation	False										Naive_CD8_T	existing_single_source	single_source_no_pooling_correction		
SOX_4	Naive_CD8_T	strict_primary	2080	13	2067	0	0	13	0	2067	skip_motif_no_variation	False										Naive_CD8_T	existing_single_source	single_source_no_pooling_correction		
SOX_5	Naive_CD8_T	strict_primary	2080	13	2067	0	0	13	0	2067	skip_motif_no_variation	False										Naive_CD8_T	existing_single_source	single_source_no_pooling_correction		
SOX_6	Naive_CD8_T	strict_primary	2080	13	2067	0	0	13	0	2067	skip_motif_no_variation	False										Naive_CD8_T	existing_single_source	single_source_no_pooling_correction		
SOX_7	Naive_CD8_T	strict_primary	2080	13	2067	0	0	13	0	2067	skip_motif_no_variation	False										Naive_CD8_T	existing_single_source	single_source_no_pooling_correction		
SOX_8	Naive_CD8_T	strict_primary	2080	13	2067	0	0	13	0	2067	skip_motif_no_variation	False										Naive_CD8_T	existing_single_source	single_source_no_pooling_correction		
SPDEF_1	Naive_CD8_T	strict_primary	2080	13	2067	0	0	13	0	2067	skip_motif_no_variation	False										Naive_CD8_T	existing_single_source	single_source_no_pooling_correction		
SPDEF_2	Naive_CD8_T	strict_primary	2080	13	2067	0	0	13	0	2067	skip_motif_no_variation	False										Naive_CD8_T	existing_single_source	single_source_no_pooling_correction		
SPI	Naive_CD8_T	strict_primary	2080	13	2067	0	0	13	0	2067	skip_motif_no_variation	False										Naive_CD8_T	existing_single_source	single_source_no_pooling_correction		
SPZ1	Naive_CD8_T	strict_primary	2080	13	2067	0	0	13	0	2067	skip_motif_no_variation	False										Naive_CD8_T	existing_single_source	single_source_no_pooling_correction		
SREBF1	Naive_CD8_T	strict_primary	2080	13	2067	0	0	13	0	2067	skip_motif_no_variation	False										Naive_CD8_T	existing_single_source	single_source_no_pooling_correction		
SRF	Naive_CD8_T	strict_primary	2080	13	2067	0	0	13	0	2067	skip_motif_no_variation	False										Naive_CD8_T	existing_single_source	single_source_no_pooling_correction		
STAT_1	Naive_CD8_T	strict_primary	2080	13	2067	0	0	13	0	2067	skip_motif_no_variation	False										Naive_CD8_T	existing_single_source	single_source_no_pooling_correction		
STAT_2	Naive_CD8_T	strict_primary	2080	13	2067	0	0	13	0	2067	skip_motif_no_variation	False										Naive_CD8_T	existing_single_source	single_source_no_pooling_correction		
TATA	Naive_CD8_T	strict_primary	2080	13	2067	0	0	13	0	2067	skip_motif_no_variation	False										Naive_CD8_T	existing_single_source	single_source_no_pooling_correction		
TBX_1	Naive_CD8_T	strict_primary	2080	13	2067	0	0	13	0	2067	skip_motif_no_variation	False										Naive_CD8_T	existing_single_source	single_source_no_pooling_correction		
TBX_2	Naive_CD8_T	strict_primary	2080	13	2067	0	0	13	0	2067	skip_motif_no_variation	False										Naive_CD8_T	existing_single_source	single_source_no_pooling_correction		
TBX_3	Naive_CD8_T	strict_primary	2080	13	2067	0	0	13	0	2067	skip_motif_no_variation	False										Naive_CD8_T	existing_single_source	single_source_no_pooling_correction		
TBX_4	Naive_CD8_T	strict_primary	2080	13	2067	0	0	13	0	2067	skip_motif_no_variation	False										Naive_CD8_T	existing_single_source	single_source_no_pooling_correction		
TCF_LEF	Naive_CD8_T	strict_primary	2080	13	2067	0	0	13	0	2067	skip_motif_no_variation	False										Naive_CD8_T	existing_single_source	single_source_no_pooling_correction		
TEAD	Naive_CD8_T	strict_primary	2080	13	2067	0	0	13	0	2067	skip_motif_no_variation	False										Naive_CD8_T	existing_single_source	single_source_no_pooling_correction		
TFAP2_1	Naive_CD8_T	strict_primary	2080	13	2067	0	0	13	0	2067	skip_motif_no_variation	False										Naive_CD8_T	existing_single_source	single_source_no_pooling_correction		
TFAP2_2	Naive_CD8_T	strict_primary	2080	13	2067	0	0	13	0	2067	skip_motif_no_variation	False										Naive_CD8_T	existing_single_source	single_source_no_pooling_correction		
TFCP2	Naive_CD8_T	strict_primary	2080	13	2067	0	0	13	0	2067	skip_motif_no_variation	False										Naive_CD8_T	existing_single_source	single_source_no_pooling_correction		
THAP1	Naive_CD8_T	strict_primary	2080	13	2067	0	0	13	0	2067	skip_motif_no_variation	False										Naive_CD8_T	existing_single_source	single_source_no_pooling_correction		
YY1	Naive_CD8_T	strict_primary	2080	13	2067	0	0	13	0	2067	skip_motif_no_variation	False										Naive_CD8_T	existing_single_source	single_source_no_pooling_correction		
ZBED1	Naive_CD8_T	strict_primary	2080	13	2067	0	0	13	0	2067	skip_motif_no_variation	False										Naive_CD8_T	existing_single_source	single_source_no_pooling_correction		
ZBTB14	Naive_CD8_T	strict_primary	2080	13	2067	0	0	13	0	2067	skip_motif_no_variation	False										Naive_CD8_T	existing_single_source	single_source_no_pooling_correction		
ZBTB48	Naive_CD8_T	strict_primary	2080	13	2067	0	0	13	0	2067	skip_motif_no_variation	False										Naive_CD8_T	existing_single_source	single_source_no_pooling_correction		
ZBTB49	Naive_CD8_T	strict_primary	2080	13	2067	0	0	13	0	2067	skip_motif_no_variation	False										Naive_CD8_T	existing_single_source	single_source_no_pooling_correction		
ZBTB6	Naive_CD8_T	strict_primary	2080	13	2067	0	0	13	0	2067	skip_motif_no_variation	False										Naive_CD8_T	existing_single_source	single_source_no_pooling_correction		
ZBTB7A	Naive_CD8_T	strict_primary	2080	13	2067	0	0	13	0	2067	skip_motif_no_variation	False										Naive_CD8_T	existing_single_source	single_source_no_pooling_correction		
ZFN121	Naive_CD8_T	strict_primary	2080	13	2067	0	0	13	0	2067	skip_motif_no_variation	False										Naive_CD8_T	existing_single_source	single_source_no_pooling_correction		
ZFX	Naive_CD8_T	strict_primary	2080	13	2067	0	0	13	0	2067	skip_motif_no_variation	False										Naive_CD8_T	existing_single_source	single_source_no_pooling_correction		
ZIC	Naive_CD8_T	strict_primary	2080	13	2067	0	0	13	0	2067	skip_motif_no_variation	False										Naive_CD8_T	existing_single_source	single_source_no_pooling_correction		
ZIC_2	Naive_CD8_T	strict_primary	2080	13	2067	0	0	13	0	2067	skip_motif_no_variation	False										Naive_CD8_T	existing_single_source	single_source_no_pooling_correction		
ZIM3	Naive_CD8_T	strict_primary	2080	13	2067	0	0	13	0	2067	skip_motif_no_variation	False										Naive_CD8_T	existing_single_source	single_source_no_pooling_correction		
ZKSCAN1	Naive_CD8_T	strict_primary	2080	13	2067	0	0	13	0	2067	skip_motif_no_variation	False										Naive_CD8_T	existing_single_source	single_source_no_pooling_correction		
ZNF134	Naive_CD8_T	strict_primary	2080	13	2067	0	0	13	0	2067	skip_motif_no_variation	False										Naive_CD8_T	existing_single_source	single_source_no_pooling_correction		
ZNF136	Naive_CD8_T	strict_primary	2080	13	2067	0	0	13	0	2067	skip_motif_no_variation	False										Naive_CD8_T	existing_single_source	single_source_no_pooling_correction		
ZNF140	Naive_CD8_T	strict_primary	2080	13	2067	0	0	13	0	2067	skip_motif_no_variation	False										Naive_CD8_T	existing_single_source	single_source_no_pooling_correction		
ZNF143_1	Naive_CD8_T	strict_primary	2080	13	2067	0	0	13	0	2067	skip_motif_no_variation	False										Naive_CD8_T	existing_single_source	single_source_no_pooling_correction		
ZNF143_2	Naive_CD8_T	strict_primary	2080	13	2067	0	0	13	0	2067	skip_motif_no_variation	False										Naive_CD8_T	existing_single_source	single_source_no_pooling_correction		
ZNF146	Naive_CD8_T	strict_primary	2080	13	2067	0	0	13	0	2067	skip_motif_no_variation	False										Naive_CD8_T	existing_single_source	single_source_no_pooling_correction		
ZNF232	Naive_CD8_T	strict_primary	2080	13	2067	0	0	13	0	2067	skip_motif_no_variation	False										Naive_CD8_T	existing_single_source	single_source_no_pooling_correction		
ZNF24	Naive_CD8_T	strict_primary	2080	13	2067	0	0	13	0	2067	skip_motif_no_variation	False										Naive_CD8_T	existing_single_source	single_source_no_pooling_correction		
ZNF250	Naive_CD8_T	strict_primary	2080	13	2067	0	0	13	0	2067	skip_motif_no_variation	False										Naive_CD8_T	existing_single_source	single_source_no_pooling_correction		
ZNF257	Naive_CD8_T	strict_primary	2080	13	2067	0	0	13	0	2067	skip_motif_no_variation	False										Naive_CD8_T	existing_single_source	single_source_no_pooling_correction		
ZNF274	Naive_CD8_T	strict_primary	2080	13	2067	0	0	13	0	2067	skip_motif_no_variation	False										Naive_CD8_T	existing_single_source	single_source_no_pooling_correction		
ZNF28	Naive_CD8_T	strict_primary	2080	13	2067	0	0	13	0	2067	skip_motif_no_variation	False										Naive_CD8_T	existing_single_source	single_source_no_pooling_correction		
ZNF282	Naive_CD8_T	strict_primary	2080	13	2067	0	0	13	0	2067	skip_motif_no_variation	False										Naive_CD8_T	existing_single_source	single_source_no_pooling_correction		
ZNF306	Naive_CD8_T	strict_primary	2080	13	2067	0	0	13	0	2067	skip_motif_no_variation	False										Naive_CD8_T	existing_single_source	single_source_no_pooling_correction		
ZNF317	Naive_CD8_T	strict_primary	2080	13	2067	0	0	13	0	2067	skip_motif_no_variation	False										Naive_CD8_T	existing_single_source	single_source_no_pooling_correction		
ZNF320	Naive_CD8_T	strict_primary	2080	13	2067	0	0	13	0	2067	skip_motif_no_variation	False										Naive_CD8_T	existing_single_source	single_source_no_pooling_correction		
ZNF324	Naive_CD8_T	strict_primary	2080	13	2067	0	0	13	0	2067	skip_motif_no_variation	False										Naive_CD8_T	existing_single_source	single_source_no_pooling_correction		
ZNF329	Naive_CD8_T	strict_primary	2080	13	2067	0	0	13	0	2067	skip_motif_no_variation	False										Naive_CD8_T	existing_single_source	single_source_no_pooling_correction		
ZNF331	Naive_CD8_T	strict_primary	2080	13	2067	0	0	13	0	2067	skip_motif_no_variation	False										Naive_CD8_T	existing_single_source	single_source_no_pooling_correction		
ZNF332	Naive_CD8_T	strict_primary	2080	13	2067	1	0	13	1	2066	firth_fit_ok	True	11.0	4.02208046195887		0.107869287278898	55.8171104883358	0.275662809593255	2417.14637905423	-77.40005433436		Naive_CD8_T	existing_single_source	single_source_no_pooling_correction	0.256460390795695	0.161803930918347
ZNF335	Naive_CD8_T	strict_primary	2080	13	2067	1	0	13	1	2066	firth_fit_ok	True	11.0	4.02208046195887		0.107869287278898	55.8171104883358	0.275662809593255	2417.14637905423	-77.40005433436		Naive_CD8_T	existing_single_source	single_source_no_pooling_correction	0.256460390795695	0.161803930918347
ZNF354	Naive_CD8_T	strict_primary	2080	13	2067	1	0	13	1	2066	firth_fit_ok	True	11.0	4.99502018127379		0.0527053485409099	147.675925641688	0.914699763105669	3618.42198225298	-77.3946956542159		Naive_CD8_T	existing_single_source	single_source_no_pooling_correction	0.253805468428383	0.161803930918347
ZNF382	Naive_CD8_T	strict_primary	2080	13	2067	0	0	13	0	2067	skip_motif_no_variation	False										Naive_CD8_T	existing_single_source	single_source_no_pooling_correction		
ZNF384_1	Naive_CD8_T	strict_primary	2080	13	2067	0	0	13	0	2067	skip_motif_no_variation	False										Naive_CD8_T	existing_single_source	single_source_no_pooling_correction		
ZNF384_2	Naive_CD8_T	strict_primary	2080	13	2067	0	0	13	0	2067	skip_motif_no_variation	False										Naive_CD8_T	existing_single_source	single_source_no_pooling_correction		
ZNF41	Naive_CD8_T	strict_primary	2080	13	2067	0	0	13	0	2067	skip_motif_no_variation	False										Naive_CD8_T	existing_single_source	single_source_no_pooling_correction		
ZNF410	Naive_CD8_T	strict_primary	2080	13	2067	0	0	13	0	2067	skip_motif_no_variation	False										Naive_CD8_T	existing_single_source	single_source_no_pooling_correction		
ZNF418	Naive_CD8_T	strict_primary	2080	13	2067	0	0	13	0	2067	skip_motif_no_variation	False										Naive_CD8_T	existing_single_source	single_source_no_pooling_correction		
ZNF423	Naive_CD8_T	strict_primary	2080	13	2067	0	0	13	0	2067	skip_motif_no_variation	False										Naive_CD8_T	existing_single_source	single_source_no_pooling_correction		
ZNF431	Naive_CD8_T	strict_primary	2080	13	2067	0	0	13	0	2067	skip_motif_no_variation	False										Naive_CD8_T	existing_single_source	single_source_no_pooling_correction		
ZNF435	Naive_CD8_T	strict_primary	2080	13	2067	0	0	13	0	2067	skip_motif_no_variation	False										Naive_CD8_T	existing_single_source	single_source_no_pooling_correction		
ZNF436	Naive_CD8_T	strict_primary	2080	13	2067	0	0	13	0	2067	skip_motif_no_variation	False										Naive_CD8_T	existing_single_source	single_source_no_pooling_correction		
ZNF449	Naive_CD8_T	strict_primary	2080	13	2067	0	0	13	0	2067	skip_motif_no_variation	False										Naive_CD8_T	existing_single_source	single_source_no_pooling_correction		
ZNF490	Naive_CD8_T	strict_primary	2080	13	2067	1	0	13	1	2066	firth_fit_ok	True	11.0	4.64874310640761		0.0626770461315204	104.453615954995	0.683325462244663	2218.95376957986	-77.3932122390358		Naive_CD8_T	existing_single_source	single_source_no_pooling_correction	0.253805468428383	0.161803930918347
ZNF524	Naive_CD8_T	strict_primary	2080	13	2067	0	0	13	0	2067	skip_motif_no_variation	False										Naive_CD8_T	existing_single_source	single_source_no_pooling_correction		
ZNF528	Naive_CD8_T	strict_primary	2080	13	2067	0	0	13	0	2067	skip_motif_no_variation	False										Naive_CD8_T	existing_single_source	single_source_no_pooling_correction		
ZNF53	Naive_CD8_T	strict_primary	2080	13	2067	0	0	13	0	2067	skip_motif_no_variation	False										Naive_CD8_T	existing_single_source	single_source_no_pooling_correction		
ZNF547	Naive_CD8_T	strict_primary	2080	13	2067	0	0	13	0	2067	skip_motif_no_variation	False										Naive_CD8_T	existing_single_source	single_source_no_pooling_correction		
ZNF549	Naive_CD8_T	strict_primary	2080	13	2067	0	0	13	0	2067	skip_motif_no_variation	False										Naive_CD8_T	existing_single_source	single_source_no_pooling_correction		
ZNF554	Naive_CD8_T	strict_primary	2080	13	2067	1	0	13	1	2066	firth_fit_ok	True	11.0	4.64874310640761		0.0626770461315204	104.453615954995	0.683325462244663	2218.95376957986	-77.3932122390358		Naive_CD8_T	existing_single_source	single_source_no_pooling_correction	0.253805468428383	0.161803930918347
ZNF563	Naive_CD8_T	strict_primary	2080	13	2067	0	0	13	0	2067	skip_motif_no_variation	False										Naive_CD8_T	existing_single_source	single_source_no_pooling_correction		
ZNF57	Naive_CD8_T	strict_primary	2080	13	2067	0	0	13	0	2067	skip_motif_no_variation	False										Naive_CD8_T	existing_single_source	single_source_no_pooling_correction		
ZNF586	Naive_CD8_T	strict_primary	2080	13	2067	0	0	13	0	2067	skip_motif_no_variation	False										Naive_CD8_T	existing_single_source	single_source_no_pooling_correction		
ZNF652	Naive_CD8_T	strict_primary	2080	13	2067	0	0	13	0	2067	skip_motif_no_variation	False										Naive_CD8_T	existing_single_source	single_source_no_pooling_correction		
ZNF667	Naive_CD8_T	strict_primary	2080	13	2067	0	0	13	0	2067	skip_motif_no_variation	False										Naive_CD8_T	existing_single_source	single_source_no_pooling_correction		
ZNF680	Naive_CD8_T	strict_primary	2080	13	2067	0	0	13	0	2067	skip_motif_no_variation	False										Naive_CD8_T	existing_single_source	single_source_no_pooling_correction		
ZNF708	Naive_CD8_T	strict_primary	2080	13	2067	0	0	13	0	2067	skip_motif_no_variation	False										Naive_CD8_T	existing_single_source	single_source_no_pooling_correction		
ZNF713	Naive_CD8_T	strict_primary	2080	13	2067	0	0	13	0	2067	skip_motif_no_variation	False										Naive_CD8_T	existing_single_source	single_source_no_pooling_correction		
ZNF768	Naive_CD8_T	strict_primary	2080	13	2067	0	0	13	0	2067	skip_motif_no_variation	False										Naive_CD8_T	existing_single_source	single_source_no_pooling_correction		
ZNF784	Naive_CD8_T	strict_primary	2080	13	2067	0	0	13	0	2067	skip_motif_no_variation	False										Naive_CD8_T	existing_single_source	single_source_no_pooling_correction		
ZNF85_1	Naive_CD8_T	strict_primary	2080	13	2067	0	0	13	0	2067	skip_motif_no_variation	False										Naive_CD8_T	existing_single_source	single_source_no_pooling_correction		
ZNF85_2	Naive_CD8_T	strict_primary	2080	13	2067	0	0	13	0	2067	skip_motif_no_variation	False										Naive_CD8_T	existing_single_source	single_source_no_pooling_correction		
ZSCAN3	Naive_CD8_T	strict_primary	2080	13	2067	0	0	13	0	2067	skip_motif_no_variation	False										Naive_CD8_T	existing_single_source	single_source_no_pooling_correction		
ZSCAN4	Naive_CD8_T	strict_primary	2080	13	2067	0	0	13	0	2067	skip_motif_no_variation	False										Naive_CD8_T	existing_single_source	single_source_no_pooling_correction		
AHR	Naive_Tregs	strict_primary	77299	144	77155	5	0	144	5	77150	firth_fit_ok	True	10.0	2.9897856281008		0.158991281589579	19.8814200169359	0.148683244187888	191.577147439138	-1042.68794228661		Naive_Tregs	corrected_consensus_pool	compatible_sources_consensus_discordant_removed	0.290944247369194	0.229878956959106
AIRE	Naive_Tregs	strict_primary	77299	144	77155	0	0	144	0	77155	skip_motif_no_variation	False										Naive_Tregs	corrected_consensus_pool	compatible_sources_consensus_discordant_removed		
AP1_1	Naive_Tregs	strict_primary	77299	144	77155	2	0	144	2	77153	firth_fit_ok	True	10.0	4.24391991464944		0.0759780980140434	69.6804586425992	0.495818127714852	914.373373310042	-1043.14598755413		Naive_Tregs	corrected_consensus_pool	compatible_sources_consensus_discordant_removed	0.253805468428383	0.18438775413478
AP1_2	Naive_Tregs	strict_primary	77299	144	77155	4	0	144	4	77151	firth_fit_ok	True	10.0	3.22319425027087		0.140104577144082	25.1081940809599	0.182012087513259	273.827785938143	-1042.79944645533		Naive_Tregs	corrected_consensus_pool	compatible_sources_consensus_discordant_removed	0.275420528029836	0.225767399883287
ARI5A	Naive_Tregs	strict_primary	77299	144	77155	0	0	144	0	77155	skip_motif_no_variation	False										Naive_Tregs	corrected_consensus_pool	compatible_sources_consensus_discordant_removed		
ARI5B	Naive_Tregs	strict_primary	77299	144	77155	0	0	144	0	77155	skip_motif_no_variation	False										Naive_Tregs	corrected_consensus_pool	compatible_sources_consensus_discordant_removed		
BATF	Naive_Tregs	strict_primary	77299	144	77155	2	0	144	2	77153	firth_fit_ok	True	10.0	4.04439036980369		0.0854979704239285	57.0763799410918	0.407756767135025	738.488351181458	-1043.14599668296		Naive_Tregs	corrected_consensus_pool	compatible_sources_consensus_discordant_removed	0.253805468428383	0.18438775413478
BCL6_1	Naive_Tregs	strict_primary	77299	144	77155	0	0	144	0	77155	skip_motif_no_variation	False										Naive_Tregs	corrected_consensus_pool	compatible_sources_consensus_discordant_removed		
BCL6_2	Naive_Tregs	strict_primary	77299	144	77155	2	0	144	2	77153	firth_fit_ok	True	10.0	4.72554754942585		0.0567385080544756	112.7922407957	0.807909815604546	1449.03352260618	-1043.14597365437		Naive_Tregs	corrected_consensus_pool	compatible_sources_consensus_discordant_removed	0.253805468428383	0.18438775413478
CCAAT_CEBP	Naive_Tregs	strict_primary	77299	144	77155	2	0	144	2	77153	firth_fit_ok	True	10.0	4.72849110438055		0.0571252753155358	113.124740079826	0.798705132747564	1544.69609663346	-1043.1459696623		Naive_Tregs	corrected_consensus_pool	compatible_sources_consensus_discordant_removed	0.253805468428383	0.18438775413478
CENBP	Naive_Tregs	strict_primary	77299	144	77155	2	0	144	2	77153	firth_fit_ok	True	10.0	4.56770102293435		0.0621242091280077	96.3224120153281	0.693801818045534	1212.37074369258	-1043.1460475114		Naive_Tregs	corrected_consensus_pool	compatible_sources_consensus_discordant_removed	0.253805468428383	0.18438775413478
CPEB1	Naive_Tregs	strict_primary	77299	144	77155	2	0	144	2	77153	firth_fit_ok	True	10.0	4.43249479458346		0.0690490258475256	84.1410699664734	0.581292155558372	1310.92116916196	-1043.14600202347		Naive_Tregs	corrected_consensus_pool	compatible_sources_consensus_discordant_removed	0.253805468428383	0.18438775413478
CREB3_XBP1	Naive_Tregs	strict_primary	77299	144	77155	0	0	144	0	77155	skip_motif_no_variation	False										Naive_Tregs	corrected_consensus_pool	compatible_sources_consensus_discordant_removed		
CREB_ATF_1	Naive_Tregs	strict_primary	77299	144	77155	0	0	144	0	77155	skip_motif_no_variation	False										Naive_Tregs	corrected_consensus_pool	compatible_sources_consensus_discordant_removed		
CREB_ATF_2	Naive_Tregs	strict_primary	77299	144	77155	1	0	144	1	77154	firth_fit_ok	True	10.0	4.63957488299799		0.0614321707100053	103.500338475834	0.70683383969466	1956.99320542427	-1043.49254330895		Naive_Tregs	corrected_consensus_pool	compatible_sources_consensus_discordant_removed	0.253805468428383	0.18438775413478
CREB_ATF_3	Naive_Tregs	strict_primary	77299	144	77155	0	0	144	0	77155	skip_motif_no_variation	False										Naive_Tregs	corrected_consensus_pool	compatible_sources_consensus_discordant_removed		
CTCF	Naive_Tregs	strict_primary	77299	144	77155	14	1	143	13	77142	firth_fit_ok	True	10.0	2.80917379181921		0.0252020939881462	16.5962006360419	1.55367477785967	85.0624198804269	-1042.17348590848		Naive_Tregs	corrected_consensus_pool	compatible_sources_consensus_discordant_removed	0.253805468428383	0.18438775413478
CUX_1	Naive_Tregs	strict_primary	77299	144	77155	0	0	144	0	77155	skip_motif_no_variation	False										Naive_Tregs	corrected_consensus_pool	compatible_sources_consensus_discordant_removed		
CUX_2	Naive_Tregs	strict_primary	77299	144	77155	0	0	144	0	77155	skip_motif_no_variation	False										Naive_Tregs	corrected_consensus_pool	compatible_sources_consensus_discordant_removed		
CUX_3	Naive_Tregs	strict_primary	77299	144	77155	0	0	144	0	77155	skip_motif_no_variation	False										Naive_Tregs	corrected_consensus_pool	compatible_sources_consensus_discordant_removed		
CUX_4	Naive_Tregs	strict_primary	77299	144	77155	0	0	144	0	77155	skip_motif_no_variation	False										Naive_Tregs	corrected_consensus_pool	compatible_sources_consensus_discordant_removed		
DDIT3+CEBPA	Naive_Tregs	strict_primary	77299	144	77155	0	0	144	0	77155	skip_motif_no_variation	False										Naive_Tregs	corrected_consensus_pool	compatible_sources_consensus_discordant_removed		
DMRT1	Naive_Tregs	strict_primary	77299	144	77155	0	0	144	0	77155	skip_motif_no_variation	False										Naive_Tregs	corrected_consensus_pool	compatible_sources_consensus_discordant_removed		
DMRT3	Naive_Tregs	strict_primary	77299	144	77155	0	0	144	0	77155	skip_motif_no_variation	False										Naive_Tregs	corrected_consensus_pool	compatible_sources_consensus_discordant_removed		
E2F_1	Naive_Tregs	strict_primary	77299	144	77155	1	0	144	1	77154	firth_fit_ok	True	10.0	5.5072897795992		0.0368243090867679	246.482199920421	1.68333229583997	4660.24113504899	-1043.4925317193		Naive_Tregs	corrected_consensus_pool	compatible_sources_consensus_discordant_removed	0.253805468428383	0.18438775413478
E2F_2	Naive_Tregs	strict_primary	77299	144	77155	13	0	144	13	77142	firth_fit_ok	True	10.0	2.70861020880255		0.18645069616069	15.0084024680089	0.115444558068657	121.894977099086	-1042.21080760728		Naive_Tregs	corrected_consensus_pool	compatible_sources_consensus_discordant_removed	0.313030519671805	0.251363160749967
E2F_3	Naive_Tregs	strict_primary	77299	144	77155	1	0	144	1	77154	firth_fit_ok	True	10.0	5.34787313755204		0.0405256754112016	210.160838997122	1.42909334068661	4016.42353383677	-1043.49256662075		Naive_Tregs	corrected_consensus_pool	compatible_sources_consensus_discordant_removed	0.253805468428383	0.18438775413478
E2F_4	Naive_Tregs	strict_primary	77299	144	77155	0	0	144	0	77155	skip_motif_no_variation	False										Naive_Tregs	corrected_consensus_pool	compatible_sources_consensus_discordant_removed		
EBF1	Naive_Tregs	strict_primary	77299	144	77155	6	0	144	6	77149	firth_fit_ok	True	10.0	2.72210849608654		0.189608243002224	15.2123636627311	0.112095896874995	155.518167848748	-1042.59673718243		Naive_Tregs	corrected_consensus_pool	compatible_sources_consensus_discordant_removed	0.313030519671805	0.253740442841212
EGR	Naive_Tregs	strict_primary	77299	144	77155	9	0	144	9	77146	firth_fit_ok	True	10.0	2.94157708840378		0.161436281362102	18.9457018103135	0.145258596200451	157.839075657389	-1042.39434396353		Naive_Tregs	corrected_consensus_pool	compatible_sources_consensus_discordant_removed	0.290944247369194	0.229878956959106
ETS_1	Naive_Tregs	strict_primary	77299	144	77155	9	0	144	9	77146	firth_fit_ok	True	10.0	3.20924798223798		0.136986743386131	24.7604589165312	0.189099595831375	208.232152032052	-1042.39420423274		Naive_Tregs	corrected_consensus_pool	compatible_sources_consensus_discordant_removed	0.275420528029836	0.225767399883287
ETS_2	Naive_Tregs	strict_primary	77299	144	77155	22	0	144	22	77133	firth_fit_ok	True	10.0	2.22590327569233		0.251325013617719	9.2618450261205	0.0720730543038214	70.8349383229877	-1041.94774382242		Naive_Tregs	corrected_consensus_pool	compatible_sources_consensus_discordant_removed	0.362754638436306	0.29553580612066
EVI1_MECOM	Naive_Tregs	strict_primary	77299	144	77155	0	0	144	0	77155	skip_motif_no_variation	False										Naive_Tregs	corrected_consensus_pool	compatible_sources_consensus_discordant_removed		
EWSR1_FLI1	Naive_Tregs	strict_primary	77299	144	77155	9	0	144	9	77146	firth_fit_ok	True	10.0	2.14957805744613		0.272795755326508	8.5812368441986	0.062901983977656	84.7911271068596	-1042.39419058404		Naive_Tregs	corrected_consensus_pool	compatible_sources_consensus_discordant_removed	0.374171372472774	0.308377810369096
Ebox_CACCTG	Naive_Tregs	strict_primary	77299	144	77155	6	0	144	6	77149	firth_fit_ok	True	11.0	1.95206568625805		0.322466288114253	7.04322165018243	0.0477381748177536	111.043785727179	-1042.59676337075		Naive_Tregs	corrected_consensus_pool	compatible_sources_consensus_discordant_removed	0.424608751103323	0.347271387199965
Ebox_CACGTG_1	Naive_Tregs	strict_primary	77299	144	77155	4	0	144	4	77151	firth_fit_ok	True	10.0	3.30775555229096		0.13070608793987	27.3237299151079	0.203846689679432	269.000266701508	-1042.79952857779		Naive_Tregs	corrected_consensus_pool	compatible_sources_consensus_discordant_removed	0.268347600954101	0.220263963009781
Ebox_CACGTG_2	Naive_Tregs	strict_primary	77299	144	77155	5	0	144	5	77150	firth_fit_ok	True	11.0	1.90248625866256		0.330021156188274	6.70253798675818	0.0460953653521028	92.9075971398381	-1042.68807754089		Naive_Tregs	corrected_consensus_pool	compatible_sources_consensus_discordant_removed	0.430229123053746	0.353055493491994
Ebox_CAGATGG	Naive_Tregs	strict_primary	77299	144	77155	12	0	144	12	77143	firth_fit_ok	True	10.0	2.24190099604318		0.251692582135727	9.41120495655703	0.071748119001453	78.7894238116753	-1042.25038641069		Naive_Tregs	corrected_consensus_pool	compatible_sources_consensus_discordant_removed	0.362754638436306	0.29553580612066
Ebox_CAGCTG	Naive_Tregs	strict_primary	77299	144	77155	9	0	144	9	77146	firth_fit_ok	True	10.0	2.96799526147493		0.158694048220012	19.4528825365121	0.149306385005686	160.749670405273	-1042.39412001665		Naive_Tregs	corrected_consensus_pool	compatible_sources_consensus_discordant_removed	0.290944247369194	0.229878956959106
Ebox_CATATG	Naive_Tregs	strict_primary	77299	144	77155	0	0	144	0	77155	skip_motif_no_variation	False										Naive_Tregs	corrected_consensus_pool	compatible_sources_consensus_discordant_removed		
FEZF1	Naive_Tregs	strict_primary	77299	144	77155	1	0	144	1	77154	firth_fit_ok	True	10.0	6.12224873583251		0.02587492521213	455.888715982365	3.0929802150667	8762.0568415707	-1043.49256468432		Naive_Tregs	corrected_consensus_pool	compatible_sources_consensus_discordant_removed	0.253805468428383	0.18438775413478
FOX_1	Naive_Tregs	strict_primary	77299	144	77155	1	0	144	1	77154	firth_fit_ok	True	10.0	6.01258232831491		0.0275015557315728	408.536935794799	2.78282484937053	7774.33220313087	-1043.49253871273		Naive_Tregs	corrected_consensus_pool	compatible_sources_consensus_discordant_removed	0.253805468428383	0.18438775413478
FOX_2	Naive_Tregs	strict_primary	77299	144	77155	0	0	144	0	77155	skip_motif_no_variation	False										Naive_Tregs	corrected_consensus_pool	compatible_sources_consensus_discordant_removed		
FOX_3	Naive_Tregs	strict_primary	77299	144	77155	0	0	144	0	77155	skip_motif_no_variation	False										Naive_Tregs	corrected_consensus_pool	compatible_sources_consensus_discordant_removed		
FOX_4	Naive_Tregs	strict_primary	77299	144	77155	4	0	144	4	77151	firth_fit_ok	True	10.0	3.57572628767506		0.110936597108881	35.7205547954452	0.266064244401896	350.598930290005	-1042.7994909013		Naive_Tregs	corrected_consensus_pool	compatible_sources_consensus_discordant_removed	0.256460390795695	0.200535058759573
FOX_5	Naive_Tregs	strict_primary	77299	144	77155	20	0	144	20	77135	firth_fit_ok	True	10.0	2.42423866843122		0.22123474528497	11.2936279499256	0.0881288730458087	85.1488424196995	-1041.99489554387		Naive_Tregs	corrected_consensus_pool	compatible_sources_consensus_discordant_removed	0.332182319039821	0.272058943526112
FOX_6	Naive_Tregs	strict_primary	77299	144	77155	0	0	144	0	77155	skip_motif_no_variation	False										Naive_Tregs	corrected_consensus_pool	compatible_sources_consensus_discordant_removed		
FOX_7	Naive_Tregs	strict_primary	77299	144	77155	5	0	144	5	77150	firth_fit_ok	True	11.0	3.08358406387308		0.155850448454316	21.836525816197	0.153074126401207	273.392875980702	-1042.68788748984		Naive_Tregs	corrected_consensus_pool	compatible_sources_consensus_discordant_removed	0.288437821772955	0.229878956959106
FOX_8	Naive_Tregs	strict_primary	77299	144	77155	0	0	144	0	77155	skip_motif_no_variation	False										Naive_Tregs	corrected_consensus_pool	compatible_sources_consensus_discordant_removed		
FOX_9	Naive_Tregs	strict_primary	77299	144	77155	0	0	144	0	77155	skip_motif_no_variation	False										Naive_Tregs	corrected_consensus_pool	compatible_sources_consensus_discordant_removed		
GATA	Naive_Tregs	strict_primary	77299	144	77155	2	0	144	2	77153	firth_fit_ok	True	10.0	4.55618653507077		0.0624637441456407	95.2196697113771	0.687500276233163	1186.96677862303	-1043.14596974326		Naive_Tregs	corrected_consensus_pool	compatible_sources_consensus_discordant_removed	0.253805468428383	0.18438775413478
GC-tract	Naive_Tregs	strict_primary	77299	144	77155	142	2	142	140	77015	firth_fit_ok	True	10.0	1.40334411174845		0.0774802285955286	4.06878370881266	0.826396946890027	12.2923054648661	-1041.01890831155		Naive_Tregs	corrected_consensus_pool	compatible_sources_consensus_discordant_removed	0.253805468428383	0.18438775413478
GCM	Naive_Tregs	strict_primary	77299	144	77155	1	0	144	1	77154	firth_fit_ok	True	10.0	4.90339683357431		0.052491338336262	134.74671534509	0.921085620853954	2541.83644762369	-1043.49253940261		Naive_Tregs	corrected_consensus_pool	compatible_sources_consensus_discordant_removed	0.253805468428383	0.18438775413478
GFI	Naive_Tregs	strict_primary	77299	144	77155	2	0	144	2	77153	firth_fit_ok	True	10.0	4.05107964461792		0.0850033778601322	57.4594593652403	0.411699590037754	735.529091778675	-1043.14598231681		Naive_Tregs	corrected_consensus_pool	compatible_sources_consensus_discordant_removed	0.253805468428383	0.18438775413478
GLI	Naive_Tregs	strict_primary	77299	144	77155	8	0	144	8	77147	firth_fit_ok	True	10.0	2.55785279190343		0.205721811401419	12.9080712228451	0.0987126903191335	108.84540730234	-1042.45301443881		Naive_Tregs	corrected_consensus_pool	compatible_sources_consensus_discordant_removed	0.325402739417968	0.263645406494391
GLIS	Naive_Tregs	strict_primary	77299	144	77155	3	0	144	3	77152	firth_fit_ok	True	10.0	3.22199523136787		0.1401742647627	25.0781069227768	0.181876028966318	286.581546971212	-1042.94338750254		Naive_Tregs	corrected_consensus_pool	compatible_sources_consensus_discordant_removed	0.275420528029836	0.225767399883287
GMEB2_1	Naive_Tregs	strict_primary	77299	144	77155	0	0	144	0	77155	skip_motif_no_variation	False										Naive_Tregs	corrected_consensus_pool	compatible_sources_consensus_discordant_removed		
GMEB2_2	Naive_Tregs	strict_primary	77299	144	77155	1	0	144	1	77154	firth_fit_ok	True	10.0	5.04532629043926		0.0489914539256051	155.294962193913	1.03510720989169	3119.24202120716	-1043.49269423842		Naive_Tregs	corrected_consensus_pool	compatible_sources_consensus_discordant_removed	0.253805468428383	0.18438775413478
GMEB2_3	Naive_Tregs	strict_primary	77299	144	77155	1	0	144	1	77154	firth_fit_ok	True	10.0	4.8508228340311		0.0542675050080443	127.845542241492	0.870777978344069	2433.40319220018	-1043.49255869161		Naive_Tregs	corrected_consensus_pool	compatible_sources_consensus_discordant_removed	0.253805468428383	0.18438775413478
GRHL	Naive_Tregs	strict_primary	77299	144	77155	0	0	144	0	77155	skip_motif_no_variation	False										Naive_Tregs	corrected_consensus_pool	compatible_sources_consensus_discordant_removed		
HAND1	Naive_Tregs	strict_primary	77299	144	77155	1	0	144	1	77154	firth_fit_ok	True	10.0	5.22432367573467		0.0434320267646867	185.735510604561	1.2699667708099	3501.35949113246	-1043.492531082		Naive_Tregs	corrected_consensus_pool	compatible_sources_consensus_discordant_removed	0.253805468428383	0.18438775413478
HD_1	Naive_Tregs	strict_primary	77299	144	77155	0	0	144	0	77155	skip_motif_no_variation	False										Naive_Tregs	corrected_consensus_pool	compatible_sources_consensus_discordant_removed		
HD_10	Naive_Tregs	strict_primary	77299	144	77155	0	0	144	0	77155	skip_motif_no_variation	False										Naive_Tregs	corrected_consensus_pool	compatible_sources_consensus_discordant_removed		
HD_11	Naive_Tregs	strict_primary	77299	144	77155	1	0	144	1	77154	firth_fit_ok	True	10.0	5.55997650019099		0.0357871020376687	259.816730607662	1.76782850054007	4957.93789060511	-1043.49254692093		Naive_Tregs	corrected_consensus_pool	compatible_sources_consensus_discordant_removed	0.253805468428383	0.18438775413478
HD_12	Naive_Tregs	strict_primary	77299	144	77155	4	0	144	4	77151	firth_fit_ok	True	11.0	3.11855448288276		0.153597814771092	22.6136675623901	0.156640502878938	314.176314240656	-1042.79947798638		Naive_Tregs	corrected_consensus_pool	compatible_sources_consensus_discordant_removed	0.288437821772955	0.229878956959106
HD_13	Naive_Tregs	strict_primary	77299	144	77155	0	0	144	0	77155	skip_motif_no_variation	False										Naive_Tregs	corrected_consensus_pool	compatible_sources_consensus_discordant_removed		
HD_14	Naive_Tregs	strict_primary	77299	144	77155	0	0	144	0	77155	skip_motif_no_variation	False										Naive_Tregs	corrected_consensus_pool	compatible_sources_consensus_discordant_removed		
HD_15	Naive_Tregs	strict_primary	77299	144	77155	0	0	144	0	77155	skip_motif_no_variation	False										Naive_Tregs	corrected_consensus_pool	compatible_sources_consensus_discordant_removed		
HD_16	Naive_Tregs	strict_primary	77299	144	77155	1	0	144	1	77154	firth_fit_ok	True	10.0	4.429680451354		0.0697393989777906	83.9046010243569	0.571678043397892	1595.71015316093	-1043.49255786554		Naive_Tregs	corrected_consensus_pool	compatible_sources_consensus_discordant_removed	0.253805468428383	0.18438775413478
HD_17	Naive_Tregs	strict_primary	77299	144	77155	0	0	144	0	77155	skip_motif_no_variation	False										Naive_Tregs	corrected_consensus_pool	compatible_sources_consensus_discordant_removed		
HD_18	Naive_Tregs	strict_primary	77299	144	77155	4	0	144	4	77151	firth_fit_ok	True	10.0	3.39489253822246		0.125254788553948	29.8114497114231	0.21829041871578	318.950648574182	-1042.79947766007		Naive_Tregs	corrected_consensus_pool	compatible_sources_consensus_discordant_removed	0.261831745494168	0.213050201091762
HD_19	Naive_Tregs	strict_primary	77299	144	77155	0	0	144	0	77155	skip_motif_no_variation	False										Naive_Tregs	corrected_consensus_pool	compatible_sources_consensus_discordant_removed		
HD_2	Naive_Tregs	strict_primary	77299	144	77155	4	0	144	4	77151	firth_fit_ok	True	10.0	3.99494400510868		0.0855215885195116	54.322798739437	0.407804898399529	519.782000075983	-1042.79945361269		Naive_Tregs	corrected_consensus_pool	compatible_sources_consensus_discordant_removed	0.253805468428383	0.18438775413478
HD_20	Naive_Tregs	strict_primary	77299	144	77155	0	0	144	0	77155	skip_motif_no_variation	False										Naive_Tregs	corrected_consensus_pool	compatible_sources_consensus_discordant_removed		
HD_21	Naive_Tregs	strict_primary	77299	144	77155	0	0	144	0	77155	skip_motif_no_variation	False										Naive_Tregs	corrected_consensus_pool	compatible_sources_consensus_discordant_removed		
HD_22	Naive_Tregs	strict_primary	77299	144	77155	6	0	144	6	77149	firth_fit_ok	True	10.0	2.96755726619992		0.163545889796608	19.4443641315225	0.14191568759243	200.511371278143	-1042.59673938165		Naive_Tregs	corrected_consensus_pool	compatible_sources_consensus_discordant_removed	0.291714831800333	0.229878956959106
HD_23	Naive_Tregs	strict_primary	77299	144	77155	0	0	144	0	77155	skip_motif_no_variation	False										Naive_Tregs	corrected_consensus_pool	compatible_sources_consensus_discordant_removed		
HD_24	Naive_Tregs	strict_primary	77299	144	77155	0	0	144	0	77155	skip_motif_no_variation	False										Naive_Tregs	corrected_consensus_pool	compatible_sources_consensus_discordant_removed		
HD_25	Naive_Tregs	strict_primary	77299	144	77155	0	0	144	0	77155	skip_motif_no_variation	False										Naive_Tregs	corrected_consensus_pool	compatible_sources_consensus_discordant_removed		
HD_3	Naive_Tregs	strict_primary	77299	144	77155	0	0	144	0	77155	skip_motif_no_variation	False										Naive_Tregs	corrected_consensus_pool	compatible_sources_consensus_discordant_removed		
HD_4	Naive_Tregs	strict_primary	77299	144	77155	1	0	144	1	77154	firth_fit_ok	True	10.0	5.66415417853373		0.0337085619760249	288.343990408116	1.9590719274982	5522.33143039573	-1043.49256293935		Naive_Tregs	corrected_consensus_pool	compatible_sources_consensus_discordant_removed	0.253805468428383	0.18438775413478
HD_5	Naive_Tregs	strict_primary	77299	144	77155	2	0	144	2	77153	firth_fit_ok	True	10.0	5.22460675573139		0.0422454346862854	185.788096054887	1.33118846916917	2380.08599956812	-1043.14597081263		Naive_Tregs	corrected_consensus_pool	compatible_sources_consensus_discordant_removed	0.253805468428383	0.18438775413478
HD_6	Naive_Tregs	strict_primary	77299	144	77155	3	0	144	3	77152	firth_fit_ok	True	10.0	3.39755179238876		0.124997427052513	29.8908314345808	0.219032247397189	330.855605447973	-1042.94331476373		Naive_Tregs	corrected_consensus_pool	compatible_sources_consensus_discordant_removed	0.261831745494168	0.213050201091762
HD_7	Naive_Tregs	strict_primary	77299	144	77155	0	0	144	0	77155	skip_motif_no_variation	False										Naive_Tregs	corrected_consensus_pool	compatible_sources_consensus_discordant_removed		
HD_8	Naive_Tregs	strict_primary	77299	144	77155	0	0	144	0	77155	skip_motif_no_variation	False										Naive_Tregs	corrected_consensus_pool	compatible_sources_consensus_discordant_removed		
HD_9	Naive_Tregs	strict_primary	77299	144	77155	0	0	144	0	77155	skip_motif_no_variation	False										Naive_Tregs	corrected_consensus_pool	compatible_sources_consensus_discordant_removed		
HEN1	Naive_Tregs	strict_primary	77299	144	77155	6	0	144	6	77149	firth_fit_ok	True	10.0	3.02995597379918		0.153726254339627	20.6963213889296	0.157040807797186	183.667691136751	-1042.59694336942		Naive_Tregs	corrected_consensus_pool	compatible_sources_consensus_discordant_removed	0.288437821772955	0.229878956959106
HIC_1	Naive_Tregs	strict_primary	77299	144	77155	10	0	144	10	77145	firth_fit_ok	True	10.0	2.51062145075396		0.210935126978741	12.3125793451546	0.0949355329169699	99.5382932698154	-1042.34139911442		Naive_Tregs	corrected_consensus_pool	compatible_sources_consensus_discordant_removed	0.329504251150021	0.266598563264798
HIC_2	Naive_Tregs	strict_primary	77299	144	77155	0	0	144	0	77155	skip_motif_no_variation	False										Naive_Tregs	corrected_consensus_pool	compatible_sources_consensus_discordant_removed		
HIF	Naive_Tregs	strict_primary	77299	144	77155	2	0	144	2	77153	firth_fit_ok	True	10.0	4.68114018660215		0.0582966078569174	107.893020642811	0.771925391586479	1378.35183783951	-1043.14611397138		Naive_Tregs	corrected_consensus_pool	compatible_sources_consensus_discordant_removed	0.253805468428383	0.18438775413478
HINFP1_1	Naive_Tregs	strict_primary	77299	144	77155	0	0	144	0	77155	skip_motif_no_variation	False										Naive_Tregs	corrected_consensus_pool	compatible_sources_consensus_discordant_removed		
HINFP1_2	Naive_Tregs	strict_primary	77299	144	77155	1	0	144	1	77154	firth_fit_ok	True	10.0	4.49947174819058		0.0681527497553692	89.9695921454616	0.593949803432748	1850.80090669705	-1043.49275374275		Naive_Tregs	corrected_consensus_pool	compatible_sources_consensus_discordant_removed	0.253805468428383	0.18438775413478
HINFP1_3	Naive_Tregs	strict_primary	77299	144	77155	2	0	144	2	77153	firth_fit_ok	True	10.0	4.44216229529787		0.0680659895519526	84.9584484580156	0.595410384485521	1172.66132329441	-1043.14635179234		Naive_Tregs	corrected_consensus_pool	compatible_sources_consensus_discordant_removed	0.253805468428383	0.18438775413478
HLTF	Naive_Tregs	strict_primary	77299	144	77155	0	0	144	0	77155	skip_motif_no_variation	False										Naive_Tregs	corrected_consensus_pool	compatible_sources_consensus_discordant_removed		
HOMEZ	Naive_Tregs	strict_primary	77299	144	77155	1	0	144	1	77154	firth_fit_ok	True	10.0	5.18529815914432		0.0445834691274123	178.626701035092	1.21469347006818	3413.70861314219	-1043.49255169307		Naive_Tregs	corrected_consensus_pool	compatible_sources_consensus_discordant_removed	0.253805468428383	0.18438775413478
HSF	Naive_Tregs	strict_primary	77299	144	77155	1	0	144	1	77154	firth_fit_ok	True	10.0	5.24328845333211		0.0430528068461054	189.291556483928	1.28907696946564	3604.44874688509	-1043.49254509111		Naive_Tregs	corrected_consensus_pool	compatible_sources_consensus_discordant_removed	0.253805468428383	0.18438775413478
HSFY2	Naive_Tregs	strict_primary	77299	144	77155	0	0	144	0	77155	skip_motif_no_variation	False										Naive_Tregs	corrected_consensus_pool	compatible_sources_consensus_discordant_removed		
INSM1	Naive_Tregs	strict_primary	77299	144	77155	9	0	144	9	77146	firth_fit_ok	True	10.0	2.19985785244571		0.259198056333	9.02373070701284	0.0684730145140143	78.9568854964421	-1042.39420901137		Naive_Tregs	corrected_consensus_pool	compatible_sources_consensus_discordant_removed	0.368301480210269	0.300471632182204
IRF_1	Naive_Tregs	strict_primary	77299	144	77155	2	0	144	2	77153	firth_fit_ok	True	10.0	4.73462931922084		0.0560804643291581	113.821259544309	0.823944515762275	1406.14310848884	-1043.14596478093		Naive_Tregs	corrected_consensus_pool	compatible_sources_consensus_discordant_removed	0.253805468428383	0.18438775413478
IRF_2	Naive_Tregs	strict_primary	77299	144	77155	27	0	144	27	77128	firth_fit_ok	True	10.0	1.88356013489285		0.31118713554949	6.57687780424795	0.0516246890876711	48.043954670839	-1041.84492496475		Naive_Tregs	corrected_consensus_pool	compatible_sources_consensus_discordant_removed	0.416295556333493	0.341181076325345
IRF_3	Naive_Tregs	strict_primary	77299	144	77155	0	0	144	0	77155	skip_motif_no_variation	False										Naive_Tregs	corrected_consensus_pool	compatible_sources_consensus_discordant_removed		
IRF_4	Naive_Tregs	strict_primary	77299	144	77155	0	0	144	0	77155	skip_motif_no_variation	False										Naive_Tregs	corrected_consensus_pool	compatible_sources_consensus_discordant_removed		
KAISO	Naive_Tregs	strict_primary	77299	144	77155	0	0	144	0	77155	skip_motif_no_variation	False										Naive_Tregs	corrected_consensus_pool	compatible_sources_consensus_discordant_removed		
KLF_SP_1	Naive_Tregs	strict_primary	77299	144	77155	22	0	144	22	77133	firth_fit_ok	True	10.0	1.66042859773823		0.361143166088535	5.26156545630572	0.0408288438453555	40.7766382351995	-1041.94794161405		Naive_Tregs	corrected_consensus_pool	compatible_sources_consensus_discordant_removed	0.459518563561915	0.377747449586858
KLF_SP_2	Naive_Tregs	strict_primary	77299	144	77155	156	1	143	155	77000	firth_fit_ok	True	10.0	0.629721664143271		0.493582956556845	1.87708804563846	0.209686529650483	7.14707617632445	-1040.97314312948		Naive_Tregs	corrected_consensus_pool	compatible_sources_consensus_discordant_removed	0.570740752064582	0.493582956556845
KLF_SP_3	Naive_Tregs	strict_primary	77299	144	77155	2	0	144	2	77153	firth_fit_ok	True	10.0	4.66027842403861		0.058900153660669	105.665497876108	0.75869031579534	1344.60916113715	-1043.14605308651		Naive_Tregs	corrected_consensus_pool	compatible_sources_consensus_discordant_removed	0.253805468428383	0.18438775413478
LEF1	Naive_Tregs	strict_primary	77299	144	77155	1	0	144	1	77154	firth_fit_ok	True	10.0	4.543508237637		0.0650011382666891	94.0200669461203	0.643020726632967	1771.31359374602	-1043.49254268944		Naive_Tregs	corrected_consensus_pool	compatible_sources_consensus_discordant_removed	0.253805468428383	0.18438775413478
LIN54	Naive_Tregs	strict_primary	77299	144	77155	0	0	144	0	77155	skip_motif_no_variation	False										Naive_Tregs	corrected_consensus_pool	compatible_sources_consensus_discordant_removed		
MAF	Naive_Tregs	strict_primary	77299	144	77155	4	0	144	4	77151	firth_fit_ok	True	10.0	3.49665743118721		0.116544016710045	33.0049460714078	0.245525800113367	333.593736309873	-1042.79944750252		Naive_Tregs	corrected_consensus_pool	compatible_sources_consensus_discordant_removed	0.256929107238217	0.205407074202905
MBD2	Naive_Tregs	strict_primary	77299	144	77155	2	0	144	2	77153	firth_fit_ok	True	10.0	4.32623227582287		0.0719487711995236	75.6586878110956	0.542886771436333	960.816455736051	-1043.14607669152		Naive_Tregs	corrected_consensus_pool	compatible_sources_consensus_discordant_removed	0.253805468428383	0.18438775413478
MECP2	Naive_Tregs	strict_primary	77299	144	77155	3	0	144	3	77152	firth_fit_ok	True	10.0	2.98764604747356		0.160977999576322	19.8389275900225	0.145625233085902	215.629679959217	-1042.94337417786		Naive_Tregs	corrected_consensus_pool	compatible_sources_consensus_discordant_removed	0.290944247369194	0.229878956959106
MEF2	Naive_Tregs	strict_primary	77299	144	77155	1	0	144	1	77154	firth_fit_ok	True	10.0	4.91593031378349		0.0525633385552103	136.44618854478	0.918944794587429	2670.96815331479	-1043.49258695001		Naive_Tregs	corrected_consensus_pool	compatible_sources_consensus_discordant_removed	0.253805468428383	0.18438775413478
MFZ1	Naive_Tregs	strict_primary	77299	144	77155	2	0	144	2	77153	firth_fit_ok	True	10.0	4.01527187896963		0.0871282794263245	55.4383658795216	0.395222489212213	726.286340150708	-1043.14609130032		Naive_Tregs	corrected_consensus_pool	compatible_sources_consensus_discordant_removed	0.253805468428383	0.18438775413478
MIES	Naive_Tregs	strict_primary	77299	144	77155	10	0	144	10	77145	firth_fit_ok	True	10.0	2.90057728782395		0.166236793460128	18.1846401112273	0.138555972695533	152.867726383765	-1042.34132685547		Naive_Tregs	corrected_consensus_pool	compatible_sources_consensus_discordant_removed	0.29442643348748	0.230954934425521
MTF1	Naive_Tregs	strict_primary	77299	144	77155	0	0	144	0	77155	skip_motif_no_variation	False										Naive_Tregs	corrected_consensus_pool	compatible_sources_consensus_discordant_removed		
MYB_1	Naive_Tregs	strict_primary	77299	144	77155	0	0	144	0	77155	skip_motif_no_variation	False										Naive_Tregs	corrected_consensus_pool	compatible_sources_consensus_discordant_removed		
MYB_2	Naive_Tregs	strict_primary	77299	144	77155	0	0	144	0	77155	skip_motif_no_variation	False										Naive_Tregs	corrected_consensus_pool	compatible_sources_consensus_discordant_removed		
MYB_3	Naive_Tregs	strict_primary	77299	144	77155	0	0	144	0	77155	skip_motif_no_variation	False										Naive_Tregs	corrected_consensus_pool	compatible_sources_consensus_discordant_removed		
MYB_4	Naive_Tregs	strict_primary	77299	144	77155	0	0	144	0	77155	skip_motif_no_variation	False										Naive_Tregs	corrected_consensus_pool	compatible_sources_consensus_discordant_removed		
MYB_5	Naive_Tregs	strict_primary	77299	144	77155	1	0	144	1	77154	firth_fit_ok	True	10.0	4.58320065366069		0.064911389178988	97.8270040208456	0.644385011477681	2023.5507561885	-1043.49276797174		Naive_Tregs	corrected_consensus_pool	compatible_sources_consensus_discordant_removed	0.253805468428383	0.18438775413478
MZF1	Naive_Tregs	strict_primary	77299	144	77155	13	0	144	13	77142	firth_fit_ok	True	10.0	1.70733426937039		0.354708680534767	5.51424238295022	0.0418111783887313	47.6825058855092	-1042.21050990345		Naive_Tregs	corrected_consensus_pool	compatible_sources_consensus_discordant_removed	0.456913110980354	0.37316173327935
NFAC_2	Naive_Tregs	strict_primary	77299	144	77155	13	1	143	12	77143	firth_fit_ok	True	10.0	3.68587428151835		0.0052768205838161	39.8799735366264	4.10226952420885	183.084733462168	-1042.21020354402		Naive_Tregs	corrected_consensus_pool	compatible_sources_consensus_discordant_removed	0.253805468428383	0.18438775413478
NFAT_1	Naive_Tregs	strict_primary	77299	144	77155	3	0	144	3	77152	firth_fit_ok	True	10.0	3.99389458542214		0.0862231099951298	54.2658212269025	0.402285176310969	566.597585849463	-1042.94325496524		Naive_Tregs	corrected_consensus_pool	compatible_sources_consensus_discordant_removed	0.253805468428383	0.18438775413478
NFAT_2	Naive_Tregs	strict_primary	77299	144	77155	2	0	144	2	77153	firth_fit_ok	True	10.0	5.64979371600873		0.0329914293927022	284.23282709399	2.03245026074657	3651.02207771032	-1043.14602080939		Naive_Tregs	corrected_consensus_pool	compatible_sources_consensus_discordant_removed	0.253805468428383	0.18438775413478
NFAT_3	Naive_Tregs	strict_primary	77299	144	77155	0	0	144	0	77155	skip_motif_no_variation	False										Naive_Tregs	corrected_consensus_pool	compatible_sources_consensus_discordant_removed		
NFAT_4	Naive_Tregs	strict_primary	77299	144	77155	0	0	144	0	77155	skip_motif_no_variation	False										Naive_Tregs	corrected_consensus_pool	compatible_sources_consensus_discordant_removed		
NFI_1	Naive_Tregs	strict_primary	77299	144	77155	4	0	144	4	77151	firth_fit_ok	True	10.0	3.76570290321485		0.0987399396681532	43.194056432982	0.321895857415499	427.684037626244	-1042.79948304071		Naive_Tregs	corrected_consensus_pool	compatible_sources_consensus_discordant_removed	0.256460390795695	0.193233000210794
NFI_2	Naive_Tregs	strict_primary	77299	144	77155	0	0	144	0	77155	skip_motif_no_variation	False										Naive_Tregs	corrected_consensus_pool	compatible_sources_consensus_discordant_removed		
NFI_3	Naive_Tregs	strict_primary	77299	144	77155	7	0	144	7	77148	firth_fit_ok	True	10.0	2.94254107841555		0.161957036308895	18.9639740833541	0.144466154415711	163.300526427804	-1042.51975168419		Naive_Tregs	corrected_consensus_pool	compatible_sources_consensus_discordant_removed	0.290944247369194	0.229878956959106
NFKB_1	Naive_Tregs	strict_primary	77299	144	77155	1	0	144	1	77154	firth_fit_ok	True	10.0	5.02748818849401		0.0490065035037174	152.549355833254	1.03456321248457	2934.98476067657	-1043.49258561573		Naive_Tregs	corrected_consensus_pool	compatible_sources_consensus_discordant_removed	0.253805468428383	0.18438775413478
NFKB_2	Naive_Tregs	strict_primary	77299	144	77155	1	0	144	1	77154	firth_fit_ok	True	10.0	4.30376424755016		0.0753581668320722	73.9777407700675	0.50243786923645	1418.24642562947	-1043.49257155261		Naive_Tregs	corrected_consensus_pool	compatible_sources_consensus_discordant_removed	0.253805468428383	0.18438775413478
NFKB_3	Naive_Tregs	strict_primary	77299	144	77155	2	0	144	2	77153	firth_fit_ok	True	10.0	4.0667506686064		0.0847057494096823	58.3670004072115	0.414044452725523	777.704699501624	-1043.14602862475		Naive_Tregs	corrected_consensus_pool	compatible_sources_consensus_discordant_removed	0.253805468428383	0.18438775413478
NFY	Naive_Tregs	strict_primary	77299	144	77155	1	0	144	1	77154	firth_fit_ok	True	10.0	4.47389858675122		0.0677955258204805	87.697955506451	0.599318297475827	1655.4071001874	-1043.49254581376		Naive_Tregs	corrected_consensus_pool	compatible_sources_consensus_discordant_removed	0.253805468428383	0.18438775413478
NR2E3	Naive_Tregs	strict_primary	77299	144	77155	0	0	144	0	77155	skip_motif_no_variation	False										Naive_Tregs	corrected_consensus_pool	compatible_sources_consensus_discordant_removed		
NRF1	Naive_Tregs	strict_primary	77299	144	77155	4	0	144	4	77151	firth_fit_ok	True	10.0	2.65773435463517		0.199590332687481	14.2639354423423	0.103171018122496	169.328342257862	-1042.79955227964		Naive_Tregs	corrected_consensus_pool	compatible_sources_consensus_discordant_removed	0.320747403647933	0.259467432493725
NR_1	Naive_Tregs	strict_primary	77299	144	77155	10	0	144	10	77145	firth_fit_ok	True	10.0	2.32176846911184		0.240049846132251	10.1936855932842	0.0772729455142092	89.2340929403374	-1042.34141010499		Naive_Tregs	corrected_consensus_pool	compatible_sources_consensus_discordant_removed	0.351003118036402	0.289331602622978
NR_10	Naive_Tregs	strict_primary	77299	144	77155	0	0	144	0	77155	skip_motif_no_variation	False										Naive_Tregs	corrected_consensus_pool	compatible_sources_consensus_discordant_removed		
NR_11	Naive_Tregs	strict_primary	77299	144	77155	3	0	144	3	77152	firth_fit_ok	True	11.0	2.54242581645344		0.220446307014565	12.710466862788	0.0877364271862416	181.473815732801	-1042.94334498865		Naive_Tregs	corrected_consensus_pool	compatible_sources_consensus_discordant_removed	0.332136540104305	0.272058943526112
NR_12	Naive_Tregs	strict_primary	77299	144	77155	14	0	144	14	77141	firth_fit_ok	True	10.0	1.80801509103286		0.333656840003423	6.09833077953357	0.045986809930317	54.07941542954	-1042.17319776024		Naive_Tregs	corrected_consensus_pool	compatible_sources_consensus_discordant_removed	0.43143802190674	0.353055493491994
NR_13	Naive_Tregs	strict_primary	77299	144	77155	7	0	144	7	77148	firth_fit_ok	True	10.0	2.7951309293247		0.18211575968817	16.3647712413443	0.119464562745693	165.555359516879	-1042.51965836984		Naive_Tregs	corrected_consensus_pool	compatible_sources_consensus_discordant_removed	0.309473740280911	0.247351255695873
NR_14	Naive_Tregs	strict_primary	77299	144	77155	0	0	144	0	77155	skip_motif_no_variation	False										Naive_Tregs	corrected_consensus_pool	compatible_sources_consensus_discordant_removed		
NR_15	Naive_Tregs	strict_primary	77299	144	77155	6	0	144	6	77149	firth_fit_ok	True	10.0	2.47025656988299		0.224178067586613	11.8254805246097	0.0857483158005347	122.147209368613	-1042.59691794809		Naive_Tregs	corrected_consensus_pool	compatible_sources_consensus_discordant_removed	0.335599904750197	0.273828243629286
NR_16	Naive_Tregs	strict_primary	77299	144	77155	17	0	144	17	77138	firth_fit_ok	True	10.0	2.22747220851306		0.250965524041667	9.27638764397463	0.0722406992112479	70.5864364047928	-1042.07623276776		Naive_Tregs	corrected_consensus_pool	compatible_sources_consensus_discordant_removed	0.362754638436306	0.29553580612066
NR_17	Naive_Tregs	strict_primary	77299	144	77155	9	0	144	9	77146	firth_fit_ok	True	10.0	1.605159187238		0.378227852971857	4.97865207753528	0.0378153279009759	43.3192244282449	-1042.39434146921		Naive_Tregs	corrected_consensus_pool	compatible_sources_consensus_discordant_removed	0.469749654431714	0.388912255598181
NR_18	Naive_Tregs	strict_primary	77299	144	77155	13	0	144	13	77142	firth_fit_ok	True	10.0	1.4234720913058		0.428665555488879	4.1515098664079	0.0308761788297807	37.7757564685114	-1042.21050276426		Naive_Tregs	corrected_consensus_pool	compatible_sources_consensus_discordant_removed	0.512158609052034	0.433428506105422
NR_19	Naive_Tregs	strict_primary	77299	144	77155	4	1	143	3	77152	firth_fit_ok	True	11.0	3.93213548491006		0.0053541902854651	51.0158049099388	4.16632107057258	406.103724164724	-1042.79952921588		Naive_Tregs	corrected_consensus_pool	compatible_sources_consensus_discordant_removed	0.253805468428383	0.18438775413478
NR_2	Naive_Tregs	strict_primary	77299	144	77155	0	0	144	0	77155	skip_motif_no_variation	False										Naive_Tregs	corrected_consensus_pool	compatible_sources_consensus_discordant_removed		
NR_20	Naive_Tregs	strict_primary	77299	144	77155	2	0	144	2	77153	firth_fit_ok	True	10.0	3.16243274575958		0.146058625586676	23.6280070013221	0.170160522424424	296.917368590758	-1043.1460606261		Naive_Tregs	corrected_consensus_pool	compatible_sources_consensus_discordant_removed	0.281946729446362	0.228447228541916
NR_3	Naive_Tregs	strict_primary	77299	144	77155	25	0	144	25	77130	firth_fit_ok	True	10.0	1.56875166799556		0.38370278716972	4.80065164462165	0.037104080514562	37.7193381021835	-1041.88363365994		Naive_Tregs	corrected_consensus_pool	compatible_sources_consensus_discordant_removed	0.473045347907768	0.39232532171286
NR_4	Naive_Tregs	strict_primary	77299	144	77155	0	0	144	0	77155	skip_motif_no_variation	False										Naive_Tregs	corrected_consensus_pool	compatible_sources_consensus_discordant_removed		
NR_5	Naive_Tregs	strict_primary	77299	144	77155	0	0	144	0	77155	skip_motif_no_variation	False										Naive_Tregs	corrected_consensus_pool	compatible_sources_consensus_discordant_removed		
NR_6	Naive_Tregs	strict_primary	77299	144	77155	1	0	144	1	77154	firth_fit_ok	True	10.0	5.44015209755173		0.0383526684055923	230.477235818182	1.57017211730353	4384.34553296109	-1043.49254239705		Naive_Tregs	corrected_consensus_pool	compatible_sources_consensus_discordant_removed	0.253805468428383	0.18438775413478
NR_7	Naive_Tregs	strict_primary	77299	144	77155	2	0	144	2	77153	firth_fit_ok	True	10.0	4.76103954366268		0.0555984495708827	116.867351489069	0.835989741632017	1508.48779490522	-1043.14597502405		Naive_Tregs	corrected_consensus_pool	compatible_sources_consensus_discordant_removed	0.253805468428383	0.18438775413478
NR_8	Naive_Tregs	strict_primary	77299	144	77155	1	0	144	1	77154	firth_fit_ok	True	10.0	5.59545620658521		0.0351425596575569	269.200433093248	1.82383938632671	5191.72462943845	-1043.4925934337		Naive_Tregs	corrected_consensus_pool	compatible_sources_consensus_discordant_removed	0.253805468428383	0.18438775413478
NR_9	Naive_Tregs	strict_primary	77299	144	77155	0	0	144	0	77155	skip_motif_no_variation	False										Naive_Tregs	corrected_consensus_pool	compatible_sources_consensus_discordant_removed		
OCT4+SOX2	Naive_Tregs	strict_primary	77299	144	77155	1	0	144	1	77154	firth_fit_ok	True	10.0	5.2137264388551		0.043761537322817	183.777619840635	1.25374350841863	3484.03537782184	-1043.49254018139		Naive_Tregs	corrected_consensus_pool	compatible_sources_consensus_discordant_removed	0.253805468428383	0.18438775413478
OSR2	Naive_Tregs	strict_primary	77299	144	77155	3	0	144	3	77152	firth_fit_ok	True	10.0	3.8892933674021		0.0921031241255759	48.8763367053738	0.360822185362609	518.951288447237	-1042.94329453002		Naive_Tregs	corrected_consensus_pool	compatible_sources_consensus_discordant_removed	0.256460390795695	0.186252984342831
OVOL1	Naive_Tregs	strict_primary	77299	144	77155	0	0	144	0	77155	skip_motif_no_variation	False										Naive_Tregs	corrected_consensus_pool	compatible_sources_consensus_discordant_removed		
P53-like_1	Naive_Tregs	strict_primary	77299	144	77155	6	0	144	6	77149	firth_fit_ok	True	10.0	3.45822934424932		0.118107743494675	31.7606894494466	0.240360557437652	284.676152427701	-1042.59682673468		Naive_Tregs	corrected_consensus_pool	compatible_sources_consensus_discordant_removed	0.256929107238217	0.205407074202905
P53-like_2	Naive_Tregs	strict_primary	77299	144	77155	0	0	144	0	77155	skip_motif_no_variation	False										Naive_Tregs	corrected_consensus_pool	compatible_sources_consensus_discordant_removed		
P53-like_3	Naive_Tregs	strict_primary	77299	144	77155	1	0	144	1	77154	firth_fit_ok	True	10.0	4.24706671978196		0.0779078768000647	69.9000748309392	0.475415468822533	1335.23374120356	-1043.49256848588		Naive_Tregs	corrected_consensus_pool	compatible_sources_consensus_discordant_removed	0.253805468428383	0.18438775413478
PAX-halfsite	Naive_Tregs	strict_primary	77299	144	77155	0	0	144	0	77155	skip_motif_no_variation	False										Naive_Tregs	corrected_consensus_pool	compatible_sources_consensus_discordant_removed		
PAX_1	Naive_Tregs	strict_primary	77299	144	77155	0	0	144	0	77155	skip_motif_no_variation	False										Naive_Tregs	corrected_consensus_pool	compatible_sources_consensus_discordant_removed		
PAX_2	Naive_Tregs	strict_primary	77299	144	77155	18	0	144	18	77137	firth_fit_ok	True	10.0	2.0558426993		0.27993433434951	7.81341946220736	0.0608595679950079	59.4829309182873	-1042.04770838025		Naive_Tregs	corrected_consensus_pool	compatible_sources_consensus_discordant_removed	0.382010844562573	0.312908857275163
PLAG1	Naive_Tregs	strict_primary	77299	144	77155	7	0	144	7	77148	firth_fit_ok	True	10.0	1.91682599628374		0.316096739107682	6.79934304362816	0.0498586167268948	71.6828724700945	-1042.5198214347		Naive_Tregs	corrected_consensus_pool	compatible_sources_consensus_discordant_removed	0.419967270174684	0.343710787717518
POU_1	Naive_Tregs	strict_primary	77299	144	77155	0	0	144	0	77155	skip_motif_no_variation	False										Naive_Tregs	corrected_consensus_pool	compatible_sources_consensus_discordant_removed		
POU_2	Naive_Tregs	strict_primary	77299	144	77155	3	0	144	3	77152	firth_fit_ok	True	10.0	5.2191053097591		0.0416461114912009	184.768799256109	1.36390639436183	1960.44745771827	-1042.94328076		Naive_Tregs	corrected_consensus_pool	compatible_sources_consensus_discordant_removed	0.253805468428383	0.18438775413478
POU_3	Naive_Tregs	strict_primary	77299	144	77155	0	0	144	0	77155	skip_motif_no_variation	False										Naive_Tregs	corrected_consensus_pool	compatible_sources_consensus_discordant_removed		
PRDM1	Naive_Tregs	strict_primary	77299	144	77155	1	0	144	1	77154	firth_fit_ok	True	10.0	5.07054372409078		0.0480984627963537	159.260897792793	1.06788030136461	3151.55735497862	-1043.49266104371		Naive_Tregs	corrected_consensus_pool	compatible_sources_consensus_discordant_removed	0.253805468428383	0.18438775413478
PRDM14	Naive_Tregs	strict_primary	77299	144	77155	0	0	144	0	77155	skip_motif_no_variation	False										Naive_Tregs	corrected_consensus_pool	compatible_sources_consensus_discordant_removed		
PRDM16	Naive_Tregs	strict_primary	77299	144	77155	1	0	144	1	77154	firth_fit_ok	True	10.0	5.43038980127336		0.0385112855985346	228.23819562571	1.55911550279225	4312.64937870503	-1043.4925341344		Naive_Tregs	corrected_consensus_pool	compatible_sources_consensus_discordant_removed	0.253805468428383	0.18438775413478
PRDM4	Naive_Tregs	strict_primary	77299	144	77155	1	0	144	1	77154	firth_fit_ok	True	10.0	5.51398739397771		0.0367153023739535	248.138583363598	1.69191223225255	4710.31264863806	-1043.49254863106		Naive_Tregs	corrected_consensus_pool	compatible_sources_consensus_discordant_removed	0.253805468428383	0.18438775413478
PRDM5	Naive_Tregs	strict_primary	77299	144	77155	5	0	144	5	77150	firth_fit_ok	True	11.0	1.9840255294066		0.310850284740098	7.27195762277194	0.050821358854993	91.5031449410733	-1042.68806582499		Naive_Tregs	corrected_consensus_pool	compatible_sources_consensus_discordant_removed	0.416295556333493	0.341181076325345
PRDM9	Naive_Tregs	strict_primary	77299	144	77155	5	0	144	5	77150	firth_fit_ok	True	10.0	3.46036517629013		0.118504081270907	31.828597441829	0.239009631679114	300.972966261247	-1042.68801128291		Naive_Tregs	corrected_consensus_pool	compatible_sources_consensus_discordant_removed	0.256929107238217	0.205407074202905
PROX1	Naive_Tregs	strict_primary	77299	144	77155	0	0	144	0	77155	skip_motif_no_variation	False										Naive_Tregs	corrected_consensus_pool	compatible_sources_consensus_discordant_removed		
RBPJ	Naive_Tregs	strict_primary	77299	144	77155	4	0	144	4	77151	firth_fit_ok	True	10.0	3.7909649271819		0.0973516894938151	44.2991250894347	0.32944615034687	438.894036555022	-1042.79947622003		Naive_Tregs	corrected_consensus_pool	compatible_sources_consensus_discordant_removed	0.256460390795695	0.192587037911678
REL-halfsite	Naive_Tregs	strict_primary	77299	144	77155	15	0	144	15	77140	firth_fit_ok	True	10.0	2.15703513578565		0.265090081091331	8.64546698655512	0.0661482225736273	70.7902503448408	-1042.13871860138		Naive_Tregs	corrected_consensus_pool	compatible_sources_consensus_discordant_removed	0.370389752191499	0.304744957097188
REST_NRSF	Naive_Tregs	strict_primary	77299	144	77155	4	0	144	4	77151	firth_fit_ok	True	10.0	2.71990005053377		0.195791911419115	15.1788050556707	0.106130118616618	196.87289442012	-1042.79951442209		Naive_Tregs	corrected_consensus_pool	compatible_sources_consensus_discordant_removed	0.316666660591045	0.258218317958543
RFX_1	Naive_Tregs	strict_primary	77299	144	77155	5	0	144	5	77150	firth_fit_ok	True	10.0	2.63826342042363		0.198766336627995	13.9888896821925	0.1040476698759	137.266604678225	-1042.68800913351		Naive_Tregs	corrected_consensus_pool	compatible_sources_consensus_discordant_removed	0.320447010653466	0.259467432493725
RFX_2	Naive_Tregs	strict_primary	77299	144	77155	0	0	144	0	77155	skip_motif_no_variation	False										Naive_Tregs	corrected_consensus_pool	compatible_sources_consensus_discordant_removed		
RFX_3	Naive_Tregs	strict_primary	77299	144	77155	3	0	144	3	77152	firth_fit_ok	True	10.0	2.49779895839021		0.220543945118962	12.155709272505	0.0880260199461571	145.475189951711	-1042.94337674868		Naive_Tregs	corrected_consensus_pool	compatible_sources_consensus_discordant_removed	0.332136540104305	0.272058943526112
RUNX_1	Naive_Tregs	strict_primary	77299	144	77155	4	0	144	4	77151	firth_fit_ok	True	10.0	3.93496781137439		0.090169672161151	51.1605031438717	0.37358432805048	544.008466679916	-1042.79940494388		Naive_Tregs	corrected_consensus_pool	compatible_sources_consensus_discordant_removed	0.256460390795695	0.18489707378736
RUNX_2	Naive_Tregs	strict_primary	77299	144	77155	0	0	144	0	77155	skip_motif_no_variation	False										Naive_Tregs	corrected_consensus_pool	compatible_sources_consensus_discordant_removed		
SCRT1	Naive_Tregs	strict_primary	77299	144	77155	0	0	144	0	77155	skip_motif_no_variation	False										Naive_Tregs	corrected_consensus_pool	compatible_sources_consensus_discordant_removed		
SIX_1	Naive_Tregs	strict_primary	77299	144	77155	2	0	144	2	77153	firth_fit_ok	True	10.0	4.24127841822584		0.0759356720965981	69.4966408442107	0.49629405805392	901.261081316676	-1043.14597573884		Naive_Tregs	corrected_consensus_pool	compatible_sources_consensus_discordant_removed	0.253805468428383	0.18438775413478
SIX_2	Naive_Tregs	strict_primary	77299	144	77155	0	0	144	0	77155	skip_motif_no_variation	False										Naive_Tregs	corrected_consensus_pool	compatible_sources_consensus_discordant_removed		
SMAD_1	Naive_Tregs	strict_primary	77299	144	77155	4	0	144	4	77151	firth_fit_ok	True	11.0	2.35247452671564		0.251150445069378	10.5115486766891	0.0711436377942457	180.770114973102	-1042.79945246072		Naive_Tregs	corrected_consensus_pool	compatible_sources_consensus_discordant_removed	0.362754638436306	0.29553580612066
SMAD_2	Naive_Tregs	strict_primary	77299	144	77155	7	0	144	7	77148	firth_fit_ok	True	10.0	3.0858116874487		0.148733841870175	21.8852235959381	0.165569905890735	193.18558764699	-1042.51969107786		Naive_Tregs	corrected_consensus_pool	compatible_sources_consensus_discordant_removed	0.284460541675658	0.229403044240439
SMAD_3	Naive_Tregs	strict_primary	77299	144	77155	0	0	144	0	77155	skip_motif_no_variation	False										Naive_Tregs	corrected_consensus_pool	compatible_sources_consensus_discordant_removed		
SMARCA1	Naive_Tregs	strict_primary	77299	144	77155	1	0	144	1	77154	firth_fit_ok	True	10.0	5.09911089600438		0.0468934266812461	163.876139577686	1.11482273142288	3128.64177271696	-1043.49256631906		Naive_Tregs	corrected_consensus_pool	compatible_sources_consensus_discordant_removed	0.253805468428383	0.18438775413478
SMARCA5	Naive_Tregs	strict_primary	77299	144	77155	4	0	144	4	77151	firth_fit_ok	True	10.0	2.72931979182143		0.191995955011076	15.3224610110853	0.109672316146548	181.954081419761	-1042.79948353799		Naive_Tregs	corrected_consensus_pool	compatible_sources_consensus_discordant_removed	0.313551835618738	0.255060319795736
SNAI2	Naive_Tregs	strict_primary	77299	144	77155	0	0	144	0	77155	skip_motif_no_variation	False										Naive_Tregs	corrected_consensus_pool	compatible_sources_consensus_discordant_removed		
SOX_1	Naive_Tregs	strict_primary	77299	144	77155	9	0	144	9	77146	firth_fit_ok	True	10.0	2.85250663928908		0.170449779842202	17.3311704308044	0.133187954793922	142.711432168633	-1042.39401928972		Naive_Tregs	corrected_consensus_pool	compatible_sources_consensus_discordant_removed	0.297695275210512	0.233247067152487
SOX_2	Naive_Tregs	strict_primary	77299	144	77155	3	0	144	3	77152	firth_fit_ok	True	10.0	4.00621750418755		0.0858234256644703	54.9386717602681	0.405359109426766	586.018492392422	-1042.94326512532		Naive_Tregs	corrected_consensus_pool	compatible_sources_consensus_discordant_removed	0.253805468428383	0.18438775413478
SOX_3	Naive_Tregs	strict_primary	77299	144	77155	2	0	144	2	77153	firth_fit_ok	True	10.0	5.20239163647316		0.0430228294419104	181.706298025755	1.29051691701023	2390.9756057654	-1043.14610856241		Naive_Tregs	corrected_consensus_pool	compatible_sources_consensus_discordant_removed	0.253805468428383	0.18438775413478
SOX_4	Naive_Tregs	strict_primary	77299	144	77155	1	0	144	1	77154	firth_fit_ok	True	10.0	5.19638456565772		0.044276458793636	180.618047297944	1.22904861961352	3446.01254285857	-1043.49254813414		Naive_Tregs	corrected_consensus_pool	compatible_sources_consensus_discordant_removed	0.253805468428383	0.18438775413478
SOX_5	Naive_Tregs	strict_primary	77299	144	77155	0	0	144	0	77155	skip_motif_no_variation	False										Naive_Tregs	corrected_consensus_pool	compatible_sources_consensus_discordant_removed		
SOX_6	Naive_Tregs	strict_primary	77299	144	77155	0	0	144	0	77155	skip_motif_no_variation	False										Naive_Tregs	corrected_consensus_pool	compatible_sources_consensus_discordant_removed		
SOX_7	Naive_Tregs	strict_primary	77299	144	77155	0	0	144	0	77155	skip_motif_no_variation	False										Naive_Tregs	corrected_consensus_pool	compatible_sources_consensus_discordant_removed		
SOX_8	Naive_Tregs	strict_primary	77299	144	77155	2	0	144	2	77153	firth_fit_ok	True	11.0	3.31259296134268		0.138138656346167	27.4562261844791	0.185797480757204	501.034520056079	-1043.14601330578		Naive_Tregs	corrected_consensus_pool	compatible_sources_consensus_discordant_removed	0.275420528029836	0.225767399883287
SPDEF_1	Naive_Tregs	strict_primary	77299	144	77155	2	0	144	2	77153	firth_fit_ok	True	11.0	2.08210171642809		0.298215305565917	8.02130972922128	0.0540510100741934	151.286090106472	-1043.14611135219		Naive_Tregs	corrected_consensus_pool	compatible_sources_consensus_discordant_removed	0.402150934851625	0.330946253737786
SPDEF_2	Naive_Tregs	strict_primary	77299	144	77155	1	0	144	1	77154	firth_fit_ok	True	10.0	5.3027244284391		0.0416176875329047	200.88335745397	1.36572802462922	3841.24438909105	-1043.49255164176		Naive_Tregs	corrected_consensus_pool	compatible_sources_consensus_discordant_removed	0.253805468428383	0.18438775413478
SPI	Naive_Tregs	strict_primary	77299	144	77155	10	0	144	10	77145	firth_fit_ok	True	10.0	2.57101108420231		0.207149962245593	13.0790417704074	0.0974336226450688	120.831808557948	-1042.34141295772		Naive_Tregs	corrected_consensus_pool	compatible_sources_consensus_discordant_removed	0.326602265747741	0.263645406494391
SPZ1	Naive_Tregs	strict_primary	77299	144	77155	1	0	144	1	77154	firth_fit_ok	True	10.0	6.22590546594635		0.0243691346883748	505.680711887856	3.43232133465812	9708.08167277985	-1043.49256472711		Naive_Tregs	corrected_consensus_pool	compatible_sources_consensus_discordant_removed	0.253805468428383	0.18438775413478
SREBF1	Naive_Tregs	strict_primary	77299	144	77155	6	0	144	6	77149	firth_fit_ok	True	10.0	3.10343237957283		0.146827756292645	22.2742739852924	0.169068174423296	197.294700954988	-1042.59680699758		Naive_Tregs	corrected_consensus_pool	compatible_sources_consensus_discordant_removed	0.281946729446362	0.228447228541916
SRF	Naive_Tregs	strict_primary	77299	144	77155	1	1	143	0	77155	firth_fit_ok	True	10.0	7.10180736090022		7.28548816452124e-05	1214.15951706605	64.1555373447633	177863.366546608	-1043.49254461045		Naive_Tregs	corrected_consensus_pool	compatible_sources_consensus_discordant_removed	0.0183230027337709	0.0066297942297143
STAT_1	Naive_Tregs	strict_primary	77299	144	77155	0	0	144	0	77155	skip_motif_no_variation	False										Naive_Tregs	corrected_consensus_pool	compatible_sources_consensus_discordant_removed		
STAT_2	Naive_Tregs	strict_primary	77299	144	77155	0	0	144	0	77155	skip_motif_no_variation	False										Naive_Tregs	corrected_consensus_pool	compatible_sources_consensus_discordant_removed		
TATA	Naive_Tregs	strict_primary	77299	144	77155	0	0	144	0	77155	skip_motif_no_variation	False										Naive_Tregs	corrected_consensus_pool	compatible_sources_consensus_discordant_removed		
TBX_1	Naive_Tregs	strict_primary	77299	144	77155	2	0	144	2	77153	firth_fit_ok	True	10.0	3.67477055594855		0.107674075977934	39.4396066358465	0.279054966893925	530.152403765815	-1043.1460000385		Naive_Tregs	corrected_consensus_pool	compatible_sources_consensus_discordant_removed	0.256460390795695	0.200535058759573
TBX_2	Naive_Tregs	strict_primary	77299	144	77155	6	0	144	6	77149	firth_fit_ok	True	10.0	3.6430196358471		0.104933300351517	38.2070340404953	0.29150929871786	330.63198534252	-1042.59670748374		Naive_Tregs	corrected_consensus_pool	compatible_sources_consensus_discordant_removed	0.256460390795695	0.200535058759573
TBX_3	Naive_Tregs	strict_primary	77299	144	77155	8	0	144	8	77147	firth_fit_ok	True	10.0	3.15087830761868		0.14319210480727	23.3565698278932	0.17597459968996	208.825560419663	-1042.45296156108		Naive_Tregs	corrected_consensus_pool	compatible_sources_consensus_discordant_removed	0.278091230571648	0.228447228541916
TBX_4	Naive_Tregs	strict_primary	77299	144	77155	19	0	144	19	77136	firth_fit_ok	True	10.0	1.54116987400875		0.396912609586864	4.67005044714398	0.0349160899736453	41.0387536791178	-1042.02062593488		Naive_Tregs	corrected_consensus_pool	compatible_sources_consensus_discordant_removed	0.484580200539302	0.403564776227985
TCF_LEF	Naive_Tregs	strict_primary	77299	144	77155	2	0	144	2	77153	firth_fit_ok	True	10.0	4.19529507745761		0.0776928292558637	66.373313956729	0.477832858628338	836.37852819598	-1043.14599548841		Naive_Tregs	corrected_consensus_pool	compatible_sources_consensus_discordant_removed	0.253805468428383	0.18438775413478
TEAD	Naive_Tregs	strict_primary	77299	144	77155	1	0	144	1	77154	firth_fit_ok	True	10.0	4.26735748849751		0.0768202638880328	71.332888367643	0.486662892022427	1352.15147197639	-1043.49255592169		Naive_Tregs	corrected_consensus_pool	compatible_sources_consensus_discordant_removed	0.253805468428383	0.18438775413478
TFAP2_1	Naive_Tregs	strict_primary	77299	144	77155	13	0	144	13	77142	firth_fit_ok	True	10.0	2.13816112237664		0.268121320656988	8.48382256471541	0.0649906287508088	70.4594009387722	-1042.21063872927		Naive_Tregs	corrected_consensus_pool	compatible_sources_consensus_discordant_removed	0.372008196271279	0.304988002247324
TFAP2_2	Naive_Tregs	strict_primary	77299	144	77155	4	0	144	4	77151	firth_fit_ok	True	10.0	3.23567437315732		0.138595798573711	25.423510932444	0.185257291192451	271.611762253303	-1042.79952557883		Naive_Tregs	corrected_consensus_pool	compatible_sources_consensus_discordant_removed	0.275420528029836	0.225767399883287
TFCP2	Naive_Tregs	strict_primary	77299	144	77155	2	0	144	2	77153	firth_fit_ok	True	10.0	1.99365359816435		0.317271496354632	7.34231066927729	0.0488523596545066	147.179824724382	-1043.14618168282		Naive_Tregs	corrected_consensus_pool	compatible_sources_consensus_discordant_removed	0.419967270174684	0.343710787717518
THAP1	Naive_Tregs	strict_primary	77299	144	77155	1	0	144	1	77154	firth_fit_ok	True	10.0	5.11673410658487		0.0467773651819252	166.789761573163	1.11953505951772	3292.51312849716	-1043.49264557059		Naive_Tregs	corrected_consensus_pool	compatible_sources_consensus_discordant_removed	0.253805468428383	0.18438775413478
YY1	Naive_Tregs	strict_primary	77299	144	77155	3	0	144	3	77152	firth_fit_ok	True	10.0	3.7509218676759		0.10103293034043	42.5602988847145	0.309881126813958	484.563652538637	-1042.94345309581		Naive_Tregs	corrected_consensus_pool	compatible_sources_consensus_discordant_removed	0.256460390795695	0.195616950233599
ZBED1	Naive_Tregs	strict_primary	77299	144	77155	0	0	144	0	77155	skip_motif_no_variation	False										Naive_Tregs	corrected_consensus_pool	compatible_sources_consensus_discordant_removed		
ZBTB14	Naive_Tregs	strict_primary	77299	144	77155	0	0	144	0	77155	skip_motif_no_variation	False										Naive_Tregs	corrected_consensus_pool	compatible_sources_consensus_discordant_removed		
ZBTB48	Naive_Tregs	strict_primary	77299	144	77155	1	0	144	1	77154	firth_fit_ok	True	10.0	4.9636987441787		0.0507822690295843	143.122190465248	0.974078681393496	2729.40287286337	-1043.49255116529		Naive_Tregs	corrected_consensus_pool	compatible_sources_consensus_discordant_removed	0.253805468428383	0.18438775413478
ZBTB49	Naive_Tregs	strict_primary	77299	144	77155	0	0	144	0	77155	skip_motif_no_variation	False										Naive_Tregs	corrected_consensus_pool	compatible_sources_consensus_discordant_removed		
ZBTB6	Naive_Tregs	strict_primary	77299	144	77155	1	0	144	1	77154	firth_fit_ok	True	10.0	4.59083920996708		0.0633574892188971	98.5771223626466	0.671184345614548	1877.99077278037	-1043.49255821415		Naive_Tregs	corrected_consensus_pool	compatible_sources_consensus_discordant_removed	0.253805468428383	0.18438775413478
ZBTB7A	Naive_Tregs	strict_primary	77299	144	77155	1	0	144	1	77154	firth_fit_ok	True	10.0	4.28428966798291		0.0759576168220766	72.5509931185518	0.495891364310883	1368.8975194809	-1043.4925505515		Naive_Tregs	corrected_consensus_pool	compatible_sources_consensus_discordant_removed	0.253805468428383	0.18438775413478
ZFN121	Naive_Tregs	strict_primary	77299	144	77155	21	0	144	21	77134	firth_fit_ok	True	10.0	2.13022167032784		0.266233231749741	8.41673234448398	0.0658801595183849	62.464837307037	-1041.9705496142		Naive_Tregs	corrected_consensus_pool	compatible_sources_consensus_discordant_removed	0.370956552825816	0.304744957097188
ZFX	Naive_Tregs	strict_primary	77299	144	77155	15	0	144	15	77140	firth_fit_ok	True	10.0	1.6552484843965		0.364673885577857	5.23438042245469	0.0401149184465544	43.1687124748749	-1042.13920979157		Naive_Tregs	corrected_consensus_pool	compatible_sources_consensus_discordant_removed	0.45972672793399	0.379260841000971
ZIC	Naive_Tregs	strict_primary	77299	144	77155	7	1	143	6	77149	firth_fit_ok	True	10.0	3.7474131208709		0.0051791433099093	42.4112272522289	4.16714234339891	225.815870096747	-1042.51977364311		Naive_Tregs	corrected_consensus_pool	compatible_sources_consensus_discordant_removed	0.253805468428383	0.18438775413478
ZIC_2	Naive_Tregs	strict_primary	77299	144	77155	13	0	144	13	77142	firth_fit_ok	True	11.0	2.10679694805675		0.280242547999184	8.22186400580021	0.0602690080017033	77.8172857768873	-1042.21033305914		Naive_Tregs	corrected_consensus_pool	compatible_sources_consensus_discordant_removed	0.382010844562573	0.312908857275163
ZIM3	Naive_Tregs	strict_primary	77299	144	77155	1	0	144	1	77154	firth_fit_ok	True	10.0	5.4462189541127		0.0382112302900213	231.87975829796	1.5801239422024	4408.30657837662	-1043.49254210434		Naive_Tregs	corrected_consensus_pool	compatible_sources_consensus_discordant_removed	0.253805468428383	0.18438775413478
ZKSCAN1	Naive_Tregs	strict_primary	77299	144	77155	4	0	144	4	77151	firth_fit_ok	True	10.0	3.93396711438082		0.0895008613085028	51.1093325895661	0.378265309651781	514.812121858014	-1042.79942236222		Naive_Tregs	corrected_consensus_pool	compatible_sources_consensus_discordant_removed	0.256460390795695	0.18489707378736
ZNF134	Naive_Tregs	strict_primary	77299	144	77155	3	0	144	3	77152	firth_fit_ok	True	11.0	1.91504532384406		0.331866599890365	6.78724641412611	0.045531353525404	154.383228730228	-1042.94332032919		Naive_Tregs	corrected_consensus_pool	compatible_sources_consensus_discordant_removed	0.430229123053746	0.353055493491994
ZNF136	Naive_Tregs	strict_primary	77299	144	77155	1	0	144	1	77154	firth_fit_ok	True	10.0	4.81696088526678		0.0552532015453448	123.588918550845	0.844753845626531	2331.78422282678	-1043.4925382085		Naive_Tregs	corrected_consensus_pool	compatible_sources_consensus_discordant_removed	0.253805468428383	0.18438775413478
ZNF140	Naive_Tregs	strict_primary	77299	144	77155	3	0	144	3	77152	firth_fit_ok	True	10.0	4.01196141726271		0.0860384004344943	55.255142736114	0.403641048836368	623.491226976568	-1042.94355669749		Naive_Tregs	corrected_consensus_pool	compatible_sources_consensus_discordant_removed	0.253805468428383	0.18438775413478
ZNF143_1	Naive_Tregs	strict_primary	77299	144	77155	0	0	144	0	77155	skip_motif_no_variation	False										Naive_Tregs	corrected_consensus_pool	compatible_sources_consensus_discordant_removed		
ZNF143_2	Naive_Tregs	strict_primary	77299	144	77155	15	0	144	15	77140	firth_fit_ok	True	10.0	2.44340129251951		0.219268578546435	11.5121303503593	0.0893385731531074	89.3856394559674	-1042.13884939178		Naive_Tregs	corrected_consensus_pool	compatible_sources_consensus_discordant_removed	0.332136540104305	0.272058943526112
ZNF146	Naive_Tregs	strict_primary	77299	144	77155	0	0	144	0	77155	skip_motif_no_variation	False										Naive_Tregs	corrected_consensus_pool	compatible_sources_consensus_discordant_removed		
ZNF232	Naive_Tregs	strict_primary	77299	144	77155	0	0	144	0	77155	skip_motif_no_variation	False										Naive_Tregs	corrected_consensus_pool	compatible_sources_consensus_discordant_removed		
ZNF24	Naive_Tregs	strict_primary	77299	144	77155	3	0	144	3	77152	firth_fit_ok	True	10.0	5.22346727553111		0.0418797419690126	185.576514767222	1.35101123265313	2068.88994487506	-1042.94333211478		Naive_Tregs	corrected_consensus_pool	compatible_sources_consensus_discordant_removed	0.253805468428383	0.18438775413478
ZNF250	Naive_Tregs	strict_primary	77299	144	77155	0	0	144	0	77155	skip_motif_no_variation	False										Naive_Tregs	corrected_consensus_pool	compatible_sources_consensus_discordant_removed		
ZNF257	Naive_Tregs	strict_primary	77299	144	77155	1	0	144	1	77154	firth_fit_ok	True	10.0	5.35911098698118		0.0401529890221191	212.535915240778	1.45178917713518	4016.41726339733	-1043.49253256248		Naive_Tregs	corrected_consensus_pool	compatible_sources_consensus_discordant_removed	0.253805468428383	0.18438775413478
ZNF274	Naive_Tregs	strict_primary	77299	144	77155	1	0	144	1	77154	firth_fit_ok	True	10.0	4.69964158588713		0.0592126132275058	109.907772894947	0.751887383419251	2069.20606835003	-1043.49253711037		Naive_Tregs	corrected_consensus_pool	compatible_sources_consensus_discordant_removed	0.253805468428383	0.18438775413478
ZNF28	Naive_Tregs	strict_primary	77299	144	77155	8	0	144	8	77147	firth_fit_ok	True	10.0	3.49063462002615		0.115488888581775	32.8067609287678	0.249311570295064	286.392913343343	-1042.45292131457		Naive_Tregs	corrected_consensus_pool	compatible_sources_consensus_discordant_removed	0.256929107238217	0.205407074202905
ZNF282	Naive_Tregs	strict_primary	77299	144	77155	1	0	144	1	77154	firth_fit_ok	True	10.0	5.34787313755204		0.0405256754112016	210.160838997122	1.42909334068661	4016.42353383677	-1043.49256662075		Naive_Tregs	corrected_consensus_pool	compatible_sources_consensus_discordant_removed	0.253805468428383	0.18438775413478
ZNF306	Naive_Tregs	strict_primary	77299	144	77155	0	0	144	0	77155	skip_motif_no_variation	False										Naive_Tregs	corrected_consensus_pool	compatible_sources_consensus_discordant_removed		
ZNF317	Naive_Tregs	strict_primary	77299	144	77155	1	0	144	1	77154	firth_fit_ok	True	10.0	5.22545190162154		0.043571370121172	185.945180470982	1.26307888265278	3563.30223746748	-1043.49256253413		Naive_Tregs	corrected_consensus_pool	compatible_sources_consensus_discordant_removed	0.253805468428383	0.18438775413478
ZNF320	Naive_Tregs	strict_primary	77299	144	77155	11	0	144	11	77144	firth_fit_ok	True	10.0	2.20904346490979		0.256173526137744	9.10700105936375	0.0698300250418157	75.4858614793737	-1042.2939873288		Naive_Tregs	corrected_consensus_pool	compatible_sources_consensus_discordant_removed	0.366066146725242	0.298869113827368
ZNF324	Naive_Tregs	strict_primary	77299	144	77155	7	0	144	7	77148	firth_fit_ok	True	10.0	2.61994332652901		0.201742855909077	13.7349451560042	0.1015637546758	132.636995719509	-1042.51987901377		Naive_Tregs	corrected_consensus_pool	compatible_sources_consensus_discordant_removed	0.322225095031269	0.260405672166326
ZNF329	Naive_Tregs	strict_primary	77299	144	77155	1	0	144	1	77154	firth_fit_ok	True	10.0	5.05713494450498		0.0481874013086734	157.139656925618	1.06453524222985	3031.42232546067	-1043.49259375532		Naive_Tregs	corrected_consensus_pool	compatible_sources_consensus_discordant_removed	0.253805468428383	0.18438775413478
ZNF331	Naive_Tregs	strict_primary	77299	144	77155	2	0	144	2	77153	firth_fit_ok	True	10.0	3.01089742212703		0.162798225626604	20.305614458674	0.142718998584645	277.623132931345	-1043.14606183661		Naive_Tregs	corrected_consensus_pool	compatible_sources_consensus_discordant_removed	0.291414617402782	0.229878956959106
ZNF332	Naive_Tregs	strict_primary	77299	144	77155	12	0	144	12	77143	firth_fit_ok	True	10.0	1.62578082348157		0.372851786917663	5.08238593453533	0.0386927657237156	43.4750170607334	-1042.25056358707		Naive_Tregs	corrected_consensus_pool	compatible_sources_consensus_discordant_removed	0.465557391204129	0.385562643289856
ZNF335	Naive_Tregs	strict_primary	77299	144	77155	12	0	144	12	77143	firth_fit_ok	True	10.0	2.39370162055843		0.228446351469244	10.9539664172444	0.0836153765626151	92.2759359541064	-1042.25056983248		Naive_Tregs	corrected_consensus_pool	compatible_sources_consensus_discordant_removed	0.340974821332432	0.277181573116016
ZNF354	Naive_Tregs	strict_primary	77299	144	77155	15	0	144	15	77140	firth_fit_ok	True	10.0	2.84877238346355		0.170006231112154	17.2665720950824	0.133800933788234	135.240954375944	-1042.13869181756		Naive_Tregs	corrected_consensus_pool	compatible_sources_consensus_discordant_removed	0.297695275210512	0.233247067152487
ZNF382	Naive_Tregs	strict_primary	77299	144	77155	1	0	144	1	77154	firth_fit_ok	True	10.0	4.59826250636843		0.0631403250001679	99.3116123559427	0.67505203185269	1899.97854972646	-1043.49257201767		Naive_Tregs	corrected_consensus_pool	compatible_sources_consensus_discordant_removed	0.253805468428383	0.18438775413478
ZNF384_1	Naive_Tregs	strict_primary	77299	144	77155	0	0	144	0	77155	skip_motif_no_variation	False										Naive_Tregs	corrected_consensus_pool	compatible_sources_consensus_discordant_removed		
ZNF384_2	Naive_Tregs	strict_primary	77299	144	77155	13	2	142	11	77144	firth_fit_ok	True	10.0	4.9202605612065		1.39789404669521e-05	137.038315403758	25.5555505764271	496.854830694806	-1042.21025468683		Naive_Tregs	corrected_consensus_pool	compatible_sources_consensus_discordant_removed	0.0070314070548769	0.0025441671649852
ZNF41	Naive_Tregs	strict_primary	77299	144	77155	0	0	144	0	77155	skip_motif_no_variation	False										Naive_Tregs	corrected_consensus_pool	compatible_sources_consensus_discordant_removed		
ZNF410	Naive_Tregs	strict_primary	77299	144	77155	0	0	144	0	77155	skip_motif_no_variation	False										Naive_Tregs	corrected_consensus_pool	compatible_sources_consensus_discordant_removed		
ZNF418	Naive_Tregs	strict_primary	77299	144	77155	0	0	144	0	77155	skip_motif_no_variation	False										Naive_Tregs	corrected_consensus_pool	compatible_sources_consensus_discordant_removed		
ZNF423	Naive_Tregs	strict_primary	77299	144	77155	1	0	144	1	77154	firth_fit_ok	True	10.0	3.66150687326026		0.111285939201741	38.9199461325177	0.264175173448104	747.229883624718	-1043.49259171343		Naive_Tregs	corrected_consensus_pool	compatible_sources_consensus_discordant_removed	0.256460390795695	0.200535058759573
ZNF431	Naive_Tregs	strict_primary	77299	144	77155	1	0	144	1	77154	firth_fit_ok	True	10.0	4.22212991433223		0.0789686642126284	68.1785442104423	0.464873137233599	1294.24837950763	-1043.49255989938		Naive_Tregs	corrected_consensus_pool	compatible_sources_consensus_discordant_removed	0.253805468428383	0.18438775413478
ZNF435	Naive_Tregs	strict_primary	77299	144	77155	0	0	144	0	77155	skip_motif_no_variation	False										Naive_Tregs	corrected_consensus_pool	compatible_sources_consensus_discordant_removed		
ZNF436	Naive_Tregs	strict_primary	77299	144	77155	3	0	144	3	77152	firth_fit_ok	True	10.0	3.62903613742974		0.108270519668955	37.6764841573871	0.276760105712771	405.941370064984	-1042.94328392599		Naive_Tregs	corrected_consensus_pool	compatible_sources_consensus_discordant_removed	0.256460390795695	0.200535058759573
ZNF449	Naive_Tregs	strict_primary	77299	144	77155	3	0	144	3	77152	firth_fit_ok	True	10.0	3.60637523223745		0.109777466099424	36.8323020125143	0.270585391709301	398.008222085018	-1042.94327437085		Naive_Tregs	corrected_consensus_pool	compatible_sources_consensus_discordant_removed	0.256460390795695	0.200535058759573
ZNF490	Naive_Tregs	strict_primary	77299	144	77155	2	0	144	2	77153	firth_fit_ok	True	10.0	4.81407459604735		0.0540699617637155	123.232719481639	0.876190079381332	1616.06059480629	-1043.14597550067		Naive_Tregs	corrected_consensus_pool	compatible_sources_consensus_discordant_removed	0.253805468428383	0.18438775413478
ZNF524	Naive_Tregs	strict_primary	77299	144	77155	2	0	144	2	77153	firth_fit_ok	True	10.0	3.86812213975629		0.0947296223163032	47.8524414581564	0.344386132142993	601.501150601557	-1043.14602527291		Naive_Tregs	corrected_consensus_pool	compatible_sources_consensus_discordant_removed	0.256460390795695	0.189459244632606
ZNF528	Naive_Tregs	strict_primary	77299	144	77155	3	0	144	3	77152	firth_fit_ok	True	10.0	3.92293598944113		0.0904167009179947	50.548637391284	0.371949548194924	542.002707591106	-1042.94327899921		Naive_Tregs	corrected_consensus_pool	compatible_sources_consensus_discordant_removed	0.256460390795695	0.18489707378736
ZNF53	Naive_Tregs	strict_primary	77299	144	77155	8	0	144	8	77147	firth_fit_ok	True	11.0	1.30753708005403		0.477936004315309	3.69705693460637	0.0253720830697	52.9112309538783	-1042.45305066712		Naive_Tregs	corrected_consensus_pool	compatible_sources_consensus_discordant_removed	0.557776821741532	0.480576534725891
ZNF547	Naive_Tregs	strict_primary	77299	144	77155	2	0	144	2	77153	firth_fit_ok	True	10.0	3.61133688529361		0.110945251991978	37.0155052359353	0.26582383734989	470.471192589007	-1043.14605154299		Naive_Tregs	corrected_consensus_pool	compatible_sources_consensus_discordant_removed	0.256460390795695	0.200535058759573
ZNF549	Naive_Tregs	strict_primary	77299	144	77155	0	0	144	0	77155	skip_motif_no_variation	False										Naive_Tregs	corrected_consensus_pool	compatible_sources_consensus_discordant_removed		
ZNF554	Naive_Tregs	strict_primary	77299	144	77155	6	0	144	6	77149	firth_fit_ok	True	10.0	2.94994381540695		0.16419925497079	19.104880298152	0.141093699707431	185.328781342869	-1042.5967969238		Naive_Tregs	corrected_consensus_pool	compatible_sources_consensus_discordant_removed	0.29184531890568	0.229878956959106
ZNF563	Naive_Tregs	strict_primary	77299	144	77155	5	0	144	5	77150	firth_fit_ok	True	10.0	3.11510481515886		0.146858932634089	22.5357923223597	0.168924716276834	212.658411098492	-1042.68807526023		Naive_Tregs	corrected_consensus_pool	compatible_sources_consensus_discordant_removed	0.281946729446362	0.228447228541916
ZNF57	Naive_Tregs	strict_primary	77299	144	77155	1	0	144	1	77154	firth_fit_ok	True	10.0	4.74349807323721		0.0582541620269765	114.835201853561	0.772762683463791	2252.58946863007	-1043.49263558818		Naive_Tregs	corrected_consensus_pool	compatible_sources_consensus_discordant_removed	0.253805468428383	0.18438775413478
ZNF586	Naive_Tregs	strict_primary	77299	144	77155	1	0	144	1	77154	firth_fit_ok	True	10.0	4.07654354269157		0.0862571572262335	58.9413889599819	0.401631405830672	1120.7130105846	-1043.49256232499		Naive_Tregs	corrected_consensus_pool	compatible_sources_consensus_discordant_removed	0.253805468428383	0.18438775413478
ZNF652	Naive_Tregs	strict_primary	77299	144	77155	0	0	144	0	77155	skip_motif_no_variation	False										Naive_Tregs	corrected_consensus_pool	compatible_sources_consensus_discordant_removed		
ZNF667	Naive_Tregs	strict_primary	77299	144	77155	2	0	144	2	77153	firth_fit_ok	True	10.0	3.13275026087714		0.153366376119803	22.9369755414886	0.156944166078913	367.488701516572	-1043.14602596726		Naive_Tregs	corrected_consensus_pool	compatible_sources_consensus_discordant_removed	0.288437821772955	0.229878956959106
ZNF680	Naive_Tregs	strict_primary	77299	144	77155	0	0	144	0	77155	skip_motif_no_variation	False										Naive_Tregs	corrected_consensus_pool	compatible_sources_consensus_discordant_removed		
ZNF708	Naive_Tregs	strict_primary	77299	144	77155	0	0	144	0	77155	skip_motif_no_variation	False										Naive_Tregs	corrected_consensus_pool	compatible_sources_consensus_discordant_removed		
ZNF713	Naive_Tregs	strict_primary	77299	144	77155	1	0	144	1	77154	firth_fit_ok	True	10.0	4.39216654333737		0.0711849835280455	80.8153193391314	0.552460811807076	1524.26683711275	-1043.49254549669		Naive_Tregs	corrected_consensus_pool	compatible_sources_consensus_discordant_removed	0.253805468428383	0.18438775413478
ZNF768	Naive_Tregs	strict_primary	77299	144	77155	1	0	144	1	77154	firth_fit_ok	True	10.0	4.30653046962032		0.0750592379259667	74.1826629287133	0.505787882203511	1408.40738042261	-1043.49255912233		Naive_Tregs	corrected_consensus_pool	compatible_sources_consensus_discordant_removed	0.253805468428383	0.18438775413478
ZNF784	Naive_Tregs	strict_primary	77299	144	77155	0	0	144	0	77155	skip_motif_no_variation	False										Naive_Tregs	corrected_consensus_pool	compatible_sources_consensus_discordant_removed		
ZNF85_1	Naive_Tregs	strict_primary	77299	144	77155	0	0	144	0	77155	skip_motif_no_variation	False										Naive_Tregs	corrected_consensus_pool	compatible_sources_consensus_discordant_removed		
ZNF85_2	Naive_Tregs	strict_primary	77299	144	77155	0	0	144	0	77155	skip_motif_no_variation	False										Naive_Tregs	corrected_consensus_pool	compatible_sources_consensus_discordant_removed		
ZSCAN3	Naive_Tregs	strict_primary	77299	144	77155	2	0	144	2	77153	firth_fit_ok	True	10.0	4.86560526210754		0.0529734841489872	129.749447274162	0.906985664931625	1765.18635796399	-1043.14620597445		Naive_Tregs	corrected_consensus_pool	compatible_sources_consensus_discordant_removed	0.253805468428383	0.18438775413478
ZSCAN4	Naive_Tregs	strict_primary	77299	144	77155	0	0	144	0	77155	skip_motif_no_variation	False										Naive_Tregs	corrected_consensus_pool	compatible_sources_consensus_discordant_removed		
