motif_archetype	calderon_celltype	analysis_set	n_total	n_high	n_low	n_overlap	n_high_overlap	n_low_overlap	model_status	converged	coefficient	standard_error	z_value	p_value	odds_ratio	ci_lower_95	ci_upper_95	vif_motif_overlap	vif_splice_distance	vif_tss_distance	vif_gc_fraction	valid_primary_model	p_adj_global_bh	p_adj_celltype_bh	significant_global_fdr	significant_celltype_fdr	effect_direction	max_vif
ZNF384_2	Naive_Tregs	strict_primary	77304	149	77155	13	2	11	fit_ok	True	4.72718185916382	0.794677331354617	5.94855505832261	2.7051989435629e-09	112.976728967545	23.798303335425	536.329884879088	1.00024531251803	2.07758605532728	2.08088054888103	1.00603108809734	True	1.94774323936529e-07	2.16415915485032e-08	True	True	enrichment	2.08088054888103
SMAD_1	Monocytes	strict_primary	96771	1256	95515	22	5	17	fit_ok	True	2.21798334531708	0.574946713100634	3.8577198456457	0.0001144497221822	9.18878156902406	2.97751121147733	28.3571414937992	1.00056812454732	1.72695131764501	1.74288411922138	1.02246757522534	True	0.0041201899985615	0.0073247822196649	True	True	enrichment	1.74288411922138
NFAC_2	Naive_Tregs	strict_primary	77304	149	77155	13	1	12	fit_ok	True	3.28594834502662	1.07958147977933	3.04372426405302	0.002336692042669	26.7343256615987	3.22189161343487	221.833709613355	1.00014286881086	2.0774246086355	2.08041323152987	1.00603227379709	True	0.0420783763310354	0.0062338335305237	True	True	enrichment	2.08041323152987
ZIC	Naive_Tregs	strict_primary	77304	149	77155	7	1	6	fit_ok	True	3.40563047909441	1.11894954451973	3.04359610830902	0.0023376875739464	30.1332881443473	3.36184312214762	270.094415889996	1.0003214895368	2.07743245400984	2.08039761007588	1.00620894522653	True	0.0420783763310354	0.0062338335305237	True	True	enrichment	2.08039761007588
CREB_ATF_3	Monocytes	strict_primary	96771	1256	95515	3	1	2	fit_ok	True	3.57533143400608	1.23267242013444	2.90047167082406	0.0037260151678941	35.7064531875452	3.18768035403713	399.961933956037	1.00001848190271	1.72684849013988	1.74288127212821	1.02210455669611	True	0.0446792638432541	0.0926681027860085	True	False	enrichment	1.74288127212821
NR_19	Naive_Tregs	strict_primary	77304	149	77155	4	1	3	fit_ok	True	3.6286992839174	1.26989760617814	2.85747391463967	0.0042702773200752	37.6637948387069	3.12583039974778	453.819068931784	1.00025557226407	2.07769671635672	2.08040767689083	1.00605437278789	True	0.0446792638432541	0.0085405546401505	True	True	enrichment	2.08040767689083
CENBP	Monocytes	strict_primary	96771	1256	95515	3	1	2	fit_ok	True	3.63281977277934	1.27375708503668	2.85205068961381	0.0043438173180941	37.8193082614703	3.11508327711207	459.153078790921	1.00009466309055	1.7268455579195	1.74292094195229	1.022166956496	True	0.0446792638432541	0.0926681027860085	True	False	enrichment	1.74292094195229
ZNF85_2	Monocytes	strict_primary	96771	1256	95515	2	1	1	fit_ok	True	4.17248422641004	1.52925247856969	2.72844692742467	0.0063633328839767	64.87641979998	3.23862665623677	1299.60946191741	1.00001242672892	1.72683842790619	1.74288145619516	1.02210460484064	True	0.0572699959557908	0.101813326143628	False	False	enrichment	1.74288145619516
NFI_3	Monocytes	strict_primary	96771	1256	95515	12	2	10	fit_ok	True	2.07868802379098	0.796791466495374	2.60882315034563	0.0090854182996132	7.99397412747564	1.67695013786131	38.1070497613299	1.00039791294007	1.72683785622424	1.74292877379664	1.02237784874178	True	0.068698643421762	0.11629335423505	False	False	enrichment	1.74292877379664
NR_15	Naive_Tregs	strict_primary	77304	149	77155	7	1	6	fit_ok	True	3.01080642549006	1.16156849193619	2.59201798808387	0.0095414782530225	20.3037668001132	2.08367295729407	197.844361722068	1.00057122046929	2.0773782863311	2.0807008422273	1.00616516663905	True	0.068698643421762	0.015266365204836	False	True	enrichment	2.0807008422273
ZNF547	Monocytes	strict_primary	96771	1256	95515	3	1	2	fit_ok	True	3.15281091545568	1.27131356832242	2.47996323960895	0.0131395928290446	23.40175256398	1.93679844068687	282.756332079412	1.00008914468144	1.72685438063357	1.74289361560327	1.02217762944265	True	0.0860046076082919	0.140155656843142	False	False	enrichment	1.74289361560327
MFZ1	Monocytes	strict_primary	96771	1256	95515	5	1	4	fit_ok	True	2.71689907927767	1.13115401483839	2.40188254087206	0.0163109448518791	15.1333221785344	1.64845289752982	138.928713403034	1.0002065306864	1.72685678689937	1.74300598393506	1.02221098550933	True	0.0978656691112746	0.149128638645752	False	False	enrichment	1.74300598393506
TEAD	Monocytes	strict_primary	96771	1256	95515	5	1	4	fit_ok	True	2.59534517731106	1.14750004261774	2.26173863261078	0.0237135563538066	13.4012123575866	1.41374907446356	127.032792379566	1.00006543536723	1.72683197022856	1.74291671988439	1.02211436473752	True	0.126273835487652	0.174600858945889	False	False	enrichment	1.74291671988439
ZNF490	Monocytes	strict_primary	96771	1256	95515	3	2	1	fit_ok	True	3.45694837593022	1.53754222097619	2.24835996616431	0.0245532457892657	31.7200310590838	1.55794184930909	645.82665318057	1.00025553500942	1.72714108416228	1.74288810585822	1.02210475039769	True	0.126273835487652	0.174600858945889	False	False	enrichment	1.74288810585822
CTCF	Naive_Tregs	strict_primary	77304	149	77155	14	1	13	fit_ok	True	2.40736759434928	1.12778857047873	2.13459123222662	0.0327944142572461	11.1046905857277	1.21762470302372	101.274352186288	1.00080283884931	2.07737170080298	2.08073308246933	1.00645918836752	True	0.157413188434781	0.0437258856763281	False	True	enrichment	2.08073308246933
IRF_2	Monocytes	strict_primary	96771	1256	95515	66	4	62	fit_ok	True	1.10888405231557	0.540369082261712	2.05208641411227	0.0401612650415618	3.03097409791184	1.05101950588739	8.74085012766337	1.00077242153469	1.72683855418649	1.74347142406939	1.02213957254659	True	0.175053289912427	0.240477246748384	False	False	enrichment	1.74347142406939
TBX_1	Monocytes	strict_primary	96771	1256	95515	8	1	7	fit_ok	True	2.28651880507043	1.12074159769196	2.04018375848568	0.0413320267848785	9.84062086460784	1.09402687946647	88.5150272068089	1.00002207805033	1.72686806306366	1.74289469609194	1.02210325959252	True	0.175053289912427	0.240477246748384	False	False	enrichment	1.74289469609194
POU_3	Monocytes	strict_primary	96771	1256	95515	4	1	3	fit_ok	True	2.30646062141451	1.20716196532402	1.9106471937222	0.0560499351672837	10.038830479917	0.942163143831382	106.964614424088	1.00013521842921	1.72705116537195	1.74293227830503	1.02210614979004	True	0.220184407613835	0.286051538096606	False	False	enrichment	1.74293227830503
ZFN121	Monocytes	strict_primary	96771	1256	95515	44	3	41	fit_ok	True	1.18702406285291	0.62642740546524	1.89491081088849	0.0581042186758731	3.27731360141195	0.96004641007663	11.1877762671311	1.00050116402064	1.72686307528714	1.74297806473681	1.02233820527783	True	0.220184407613835	0.286051538096606	False	False	enrichment	1.74297806473681
NR_15	Monocytes	strict_primary	96771	1256	95515	22	2	20	fit_ok	True	1.45887728168182	0.787802545810335	1.8518311338804	0.0640500753968749	4.30112786151333	0.918314175223493	20.1452851107127	1.00035051363258	1.7268348470061	1.74305754395486	1.02219428775661	True	0.23058027142875	0.292800344671428	False	False	enrichment	1.74305754395486
ETS_2	Monocytes	strict_primary	96771	1256	95515	55	4	51	fit_ok	True	0.941729758062443	0.547994361617746	1.7185026416738	0.0857049730262039	2.56441339884929	0.87604379876247	7.50672065653286	1.00100284752499	1.72692633704311	1.74299821441625	1.02263318588463	True	0.283333413740584	0.346296394571825	False	False	enrichment	1.74299821441625
NFAC_2	Monocytes	strict_primary	96771	1256	95515	14	1	13	fit_ok	True	1.8296839475593	1.06764740775573	1.71375299960259	0.0865740986429562	6.23191673474728	0.76881495306258	50.5151285548187	1.00008970931343	1.72683917079865	1.74300382064837	1.02211181373833	True	0.283333413740584	0.346296394571825	False	False	enrichment	1.74300382064837
ETS_1	Monocytes	strict_primary	96771	1256	95515	19	2	17	fit_ok	True	1.27897676678275	0.780369359326131	1.63893770494421	0.101226234133493	3.59296140654164	0.778374757375144	16.5850338112595	1.00075773110471	1.72683143081092	1.74309168280401	1.0225357570931	True	0.301075176438248	0.3521347092845	False	False	enrichment	1.74309168280401
EGR	Monocytes	strict_primary	96771	1256	95515	17	2	15	fit_ok	True	1.34887528455309	0.825345811502571	1.63431529639366	0.102192663457137	3.85308946349527	0.764294184265743	19.424848074647	1.00055658828712	1.72683904417897	1.74295422265378	1.02248375107213	True	0.301075176438248	0.3521347092845	False	False	enrichment	1.74295422265378
TBX_2	Monocytes	strict_primary	96771	1256	95515	11	1	10	fit_ok	True	1.75376930810283	1.08041868242803	1.62323119418999	0.104539991818836	5.77633447769917	0.694994526174609	48.0090687647709	1.00011712810209	1.72683062799228	1.7429398191344	1.02215275094357	True	0.301075176438248	0.3521347092845	False	False	enrichment	1.7429398191344
NFI_1	Monocytes	strict_primary	96771	1256	95515	9	1	8	fit_ok	True	1.70834005519913	1.09611571052278	1.55853988661868	0.119105320429551	5.51979131984852	0.644006321182282	47.3102440341596	1.00012686226436	1.72683963864199	1.74291825769022	1.02214376295973	True	0.311298097265326	0.367723103442149	False	False	enrichment	1.74291825769022
ZNF449	Monocytes	strict_primary	96771	1256	95515	8	1	7	fit_ok	True	1.76662249698206	1.13827824952391	1.55201287358426	0.120659143316955	5.85105798472684	0.628510294202234	54.4698787855017	1.00019335037162	1.72683136041656	1.74289152669817	1.02226577398176	True	0.311298097265326	0.367723103442149	False	False	enrichment	1.74289152669817
GC-tract	Naive_Tregs	strict_primary	77304	149	77155	142	2	140	fit_ok	True	1.13554246719565	0.732448243567813	1.55033816678205	0.121060371158738	3.11286171033847	0.740776669206913	13.0807413765683	1.00678106377708	2.0777484120791	2.08506423667053	1.00922531507336	True	0.311298097265326	0.138354709895701	False	False	enrichment	2.08506423667053
ZSCAN4	Monocytes	strict_primary	96771	1256	95515	5	1	4	fit_ok	True	1.72266445331435	1.18729495024111	1.45091533739323	0.146803436547784	5.59942802042297	0.546383783945028	57.383829969325	1.00017230184833	1.72689816208749	1.74288311879831	1.02217265034481	True	0.364477497635878	0.427064542684463	False	False	enrichment	1.74288311879831
LEF1	Monocytes	strict_primary	96771	1256	95515	6	1	5	fit_ok	True	1.74818215962042	1.24509384596577	1.40405654182992	0.16030201319252	5.74415122930185	0.500472924560433	65.9281885709797	1.00010589908108	1.72696264850462	1.74289752343369	1.02211567051782	True	0.384724831662048	0.446057775840056	False	False	enrichment	1.74289752343369
ZNF528	Monocytes	strict_primary	96771	1256	95515	6	1	5	fit_ok	True	1.5564290657597	1.18791459120371	1.31021967175484	0.190121532751068	4.74185811255116	0.462141788717354	48.6543716853081	1.00023454176268	1.72684686210702	1.74294527032091	1.02218540338258	True	0.441572592196029	0.506990754002848	False	False	enrichment	1.74294527032091
SPDEF_1	Monocytes	strict_primary	96771	1256	95515	3	1	2	fit_ok	True	1.75556440491048	1.45347665075311	1.20783805092489	0.227109562033601	5.7867128696022	0.335125620605289	99.920876758807	1.00020772585472	1.72687152476805	1.74290054309807	1.02218873613147	True	0.510996514575602	0.581400478806019	False	False	enrichment	1.74290054309807
HD_18	Monocytes	strict_primary	96771	1256	95515	19	1	18	fit_ok	True	1.18261718432218	1.04990112611865	1.1264081492075	0.259992799002134	3.26290265543006	0.416783230669695	25.5445347973945	1.00016913918018	1.72685104103293	1.74295790328086	1.0221463672964	True	0.567257016004656	0.639982274466791	False	False	enrichment	1.74295790328086
CTCF	Monocytes	strict_primary	96771	1256	95515	39	3	36	fit_ok	True	0.695444810600384	0.641672105354369	1.08380090827903	0.278453082424167	2.00460054323015	0.569935252965464	7.05066639940256	1.00185773388751	1.72685687387414	1.74312445587101	1.02338343458112	True	0.581770309821873	0.646411455357637	False	False	enrichment	1.74312445587101
TBX_3	Monocytes	strict_primary	96771	1256	95515	43	3	40	fit_ok	True	0.683299125803298	0.636195571288277	1.07403942536041	0.282805011718966	1.98040055708297	0.569131255518014	6.89118077503019	1.0010675365928	1.72693896365472	1.7431241607739	1.02247619999369	True	0.581770309821873	0.646411455357637	False	False	enrichment	1.7431241607739
MECP2	Monocytes	strict_primary	96771	1256	95515	8	1	7	fit_ok	True	1.09231957252786	1.10736446598627	0.986413783428556	0.323930104053792	2.98118112459927	0.340236341497726	26.1213745085087	1.00029981328913	1.72700404282903	1.74288569763694	1.02223441172739	True	0.631077329615943	0.691847739134515	False	False	enrichment	1.74288569763694
Ebox_CAGCTG	Monocytes	strict_primary	96771	1256	95515	31	2	29	fit_ok	True	0.785313896776501	0.796745135564208	0.985652577872833	0.324303627719304	2.19309523822622	0.460102232820737	10.4534739908651	1.00069135451824	1.72683076697013	1.74317720935791	1.02239357670281	True	0.631077329615943	0.691847739134515	False	False	enrichment	1.74317720935791
ZNF53	Monocytes	strict_primary	96771	1256	95515	16	2	14	fit_ok	True	0.771354659232953	0.862962309816975	0.893845131424742	0.37140475814219	2.16269398367206	0.398498530631014	11.7371706731391	1.0006070755715	1.72696387900897	1.74290012226912	1.02242429630913	True	0.703714278585202	0.766771113583876	False	False	enrichment	1.74290012226912
NR_3	Monocytes	strict_primary	96771	1256	95515	68	2	66	fit_ok	True	-0.608166194797182	0.745925205270682	-0.815317930671735	0.4148903477101	0.544348182885308	0.126163121136033	2.34866529570904	1.00236221751878	1.72725351720993	1.74298669454872	1.02339260624944	True	0.765951411157108	0.829617935413122	False	False	depletion	1.74298669454872
ZNF134	Monocytes	strict_primary	96771	1256	95515	9	1	8	fit_ok	True	0.884394962175414	1.11523749542617	0.793010426749913	0.427771747947391	2.42151883768277	0.27213132169162	21.5475140634394	1.00034065477495	1.72686161786002	1.74295067903074	1.02223964568496	True	0.769989146305304	0.829617935413122	False	False	enrichment	1.74295067903074
ZSCAN3	Monocytes	strict_primary	96771	1256	95515	11	1	10	fit_ok	True	0.839329251145426	1.12341603889122	0.747122367928643	0.454989699405962	2.31481379723958	0.2560029822692	20.9308613063582	1.00045766873794	1.72685510738902	1.74289617051915	1.02245436905211	True	0.799006301395836	0.856451198881811	False	False	enrichment	1.74289617051915
GLI	Monocytes	strict_primary	96771	1256	95515	14	1	13	fit_ok	True	0.759731270154941	1.05170861144905	0.722378101580984	0.470062046611797	2.13770167906106	0.272091299716491	16.7949819543	1.00054339927372	1.7268884267439	1.7429309041018	1.02240420896174	True	0.805820651334509	0.859542028090143	False	False	enrichment	1.7429309041018
KLF_SP_2	Monocytes	strict_primary	96771	1256	95515	400	14	386	fit_ok	True	-0.196623549391607	0.288189349415324	-0.682272088786472	0.495066918555578	0.821499829221017	0.466977279633279	1.44517088698648	1.0154266596618	1.72698898455014	1.7459078566968	1.03161242445249	True	0.813527904161789	0.859945412207056	False	False	depletion	1.7459078566968
KLF_SP_1	Monocytes	strict_primary	96771	1256	95515	57	1	56	fit_ok	True	-0.701232584946469	1.03278653018178	-0.67897146646853	0.497155941432204	0.495973597288877	0.0655138188291053	3.75477744396707	1.00180420045891	1.72683024344089	1.743355482535	1.023223846328	True	0.813527904161789	0.859945412207056	False	False	depletion	1.743355482535
REL-halfsite	Monocytes	strict_primary	96771	1256	95515	19	1	18	fit_ok	True	0.689658667006501	1.05948097028878	0.650940117233556	0.515085143442998	1.99303512848084	0.249842631140806	15.8987639748318	1.00054398559234	1.72683769772932	1.74317177247003	1.0223420541092	True	0.824136229508797	0.867511820535576	False	False	enrichment	1.74317177247003
ZNF320	Monocytes	strict_primary	96771	1256	95515	39	2	37	fit_ok	True	0.460107988030859	0.778296574853978	0.591173086065789	0.55440445392304	1.58424505526146	0.344606084382084	7.28319234299299	1.00131952220419	1.72683148376291	1.74330140208112	1.02287218980136	True	0.867763493096932	0.909791924386527	False	False	enrichment	1.74330140208112
REST_NRSF	Monocytes	strict_primary	96771	1256	95515	16	1	15	fit_ok	True	0.577483733415916	1.06186798720217	0.543837595987312	0.586553234886054	1.7815499314276	0.222288871165114	14.2783583430594	1.00065236637743	1.72683310675399	1.74302316405775	1.02250726042438	True	0.884693038423007	0.910557830670593	False	False	enrichment	1.74302316405775
TFAP2_1	Monocytes	strict_primary	96771	1256	95515	21	1	20	fit_ok	True	-0.543449222197253	1.08845482431963	-0.499285050747926	0.617578585083424	0.580741686701285	0.0687814853967799	4.90336759561233	1.00096232221096	1.72691161390876	1.74300891394288	1.02260588140633	True	0.884693038423007	0.910557830670593	False	False	depletion	1.74300891394288
SMARCA5	Monocytes	strict_primary	96771	1256	95515	13	1	12	fit_ok	True	0.575762552303256	1.17318427691191	0.490769066406853	0.623589790999393	1.77848619871016	0.178408639834364	17.72903577954	1.00026797668627	1.72688729339635	1.74290686274676	1.02220689342971	True	0.884693038423007	0.910557830670593	False	False	enrichment	1.74290686274676
GC-tract	Monocytes	strict_primary	96771	1256	95515	377	12	365	fit_ok	True	-0.14969135103055	0.305784829504251	-0.489531646397354	0.624465355451507	0.860973674056519	0.472825151752611	1.56775853541359	1.01321079053363	1.72690178960077	1.74601841629667	1.02988713690717	True	0.884693038423007	0.910557830670593	False	False	depletion	1.74601841629667
P53-like_1	Monocytes	strict_primary	96771	1256	95515	15	1	14	fit_ok	True	0.570056870621103	1.17190347692808	0.486436709032898	0.626657568882963	1.76836761673881	0.177839478070291	17.583969891626	1.00041618058213	1.72683814826225	1.74293681135717	1.02238202739625	True	0.884693038423007	0.910557830670593	False	False	enrichment	1.74293681135717
Ebox_CAGATGG	Monocytes	strict_primary	96771	1256	95515	44	2	42	fit_ok	True	0.341057665318986	0.738608311086561	0.461757145431059	0.644255485865593	1.40643434100872	0.330676532569533	5.98185042100834	1.00118423183731	1.72693252683308	1.74301991041169	1.02274826923006	True	0.88908241013591	0.910557830670593	False	False	enrichment	1.74301991041169
HEN1	Monocytes	strict_primary	96771	1256	95515	19	1	18	fit_ok	True	0.488834433967178	1.09219620680005	0.447570162690256	0.654463440794489	1.63041475597076	0.191691085691366	13.8673755584396	1.00084764093478	1.72683330421278	1.74310658188685	1.02266219491023	True	0.88908241013591	0.910557830670593	False	False	enrichment	1.74310658188685
ZNF332	Monocytes	strict_primary	96771	1256	95515	21	1	20	fit_ok	True	0.387525526879768	1.04608429640846	0.370453440712441	0.711044661599875	1.47333056267112	0.1896073936114	11.4484087648484	1.00077460019554	1.7268314253023	1.74304699342368	1.02260333271417	True	0.939572329668909	0.949807322366828	False	False	enrichment	1.74304699342368
ZIC_2	Monocytes	strict_primary	96771	1256	95515	22	1	21	fit_ok	True	0.353269598159118	1.05138402404015	0.336004342924681	0.736867591505261	1.42371492262044	0.181328842094984	11.1783881564212	1.00069898801778	1.72683400771353	1.74305417694806	1.02250673611069	True	0.939572329668909	0.949807322366828	False	False	enrichment	1.74305417694806
PRDM5	Monocytes	strict_primary	96771	1256	95515	16	1	15	fit_ok	True	0.35739321916916	1.09326157973834	0.326905496171097	0.743739363945359	1.42959790464551	0.167730043300761	12.1847590851815	1.00058545643669	1.72683355603097	1.7431071346182	1.02234891716237	True	0.939572329668909	0.949807322366828	False	False	enrichment	1.7431071346182
RFX_1	Monocytes	strict_primary	96771	1256	95515	22	1	21	fit_ok	True	0.34135241485487	1.04823816280182	0.325643949026311	0.744693756557763	1.40684894797759	0.180288959583907	10.9780652514361	1.00109899276957	1.72685428975133	1.74333840005581	1.02272820897444	True	0.939572329668909	0.949807322366828	False	False	enrichment	1.74333840005581
ZNF335	Monocytes	strict_primary	96771	1256	95515	45	3	42	fit_ok	True	0.200171165869979	0.646582165502839	0.30958349386935	0.756877710011066	1.22161183851907	0.343994407669502	4.33825507257582	1.00184669006449	1.72709876352788	1.74291572494012	1.02333541481425	True	0.939572329668909	0.949807322366828	False	False	enrichment	1.74291572494012
ZNF436	Monocytes	strict_primary	96771	1256	95515	18	1	17	fit_ok	True	0.260230001003792	1.08843903067969	0.239085510229533	0.811039277168579	1.29722841619428	0.153645005115938	10.952530233652	1.00057994956477	1.72690144853855	1.74289483091427	1.02249961431196	True	0.967458792643345	0.967458792643345	False	False	enrichment	1.74289483091427
INSM1	Monocytes	strict_primary	96771	1256	95515	14	1	13	fit_ok	True	0.264291579889137	1.14504891908258	0.230812479261488	0.817460485935226	1.3025079260541	0.138068643405591	12.2875611405121	1.00057272138924	1.72686692001113	1.7429134532433	1.02250269447064	True	0.967458792643345	0.967458792643345	False	False	enrichment	1.7429134532433
KLF_SP_2	Naive_Tregs	strict_primary	77304	149	77155	156	1	155	fit_ok	True	0.172527589470659	1.01919167951141	0.169278844145753	0.865577315755942	1.18830460485777	0.161203441098639	8.75953902908403	1.00911627888001	2.07797546844932	2.08669259778581	1.01045875771055	True	0.967458792643345	0.865577315755942	False	False	enrichment	2.08669259778581
TBX_4	Monocytes	strict_primary	96771	1256	95515	26	1	25	fit_ok	True	0.144239186868708	1.06279460000145	0.135716898513138	0.892045088245742	1.15516037467685	0.143870997856872	9.27494429802363	1.00034152747606	1.72697491471167	1.74289236971364	1.02220105019269	True	0.967458792643345	0.967458792643345	False	False	enrichment	1.74289236971364
SREBF1	Monocytes	strict_primary	96771	1256	95515	22	1	21	fit_ok	True	0.150192280381252	1.13929081126132	0.131829624970795	0.89511905370691	1.16205766213832	0.124578690604456	10.83955854394	1.00066642838668	1.72683454265758	1.74305047708486	1.02247870462375	True	0.967458792643345	0.967458792643345	False	False	enrichment	1.74305047708486
Ebox_CACCTG	Monocytes	strict_primary	96771	1256	95515	19	1	18	fit_ok	True	-0.122040567696273	1.12337203020096	-0.108637712543405	0.91348984747971	0.885112460800808	0.0978959844745386	8.00261698648753	1.00058364405539	1.72686095602609	1.74300090101529	1.02238391576462	True	0.967458792643345	0.967458792643345	False	False	depletion	1.74300090101529
MZF1	Monocytes	strict_primary	96771	1256	95515	26	1	25	fit_ok	True	0.0970092723336993	1.05942240256922	0.0915680771885139	0.927041215573972	1.10187059048545	0.138144003164478	8.78879119154524	1.00099232796127	1.72683422455324	1.74306164468204	1.02276436600134	True	0.967458792643345	0.967458792643345	False	False	enrichment	1.74306164468204
NR_16	Monocytes	strict_primary	96771	1256	95515	32	1	31	fit_ok	True	0.0896287191872735	1.03827093777	0.0863249812036329	0.931208080468261	1.09376811319422	0.142932567077181	8.36988175546053	1.00064817540893	1.72686129777692	1.74295664314518	1.02250662697857	True	0.967458792643345	0.967458792643345	False	False	enrichment	1.74295664314518
SPI	Monocytes	strict_primary	96771	1256	95515	34	1	33	fit_ok	True	-0.061864270931073	1.03239601091098	-0.0599230046195977	0.952216957777947	0.940010464878045	0.124262321450732	7.11092198957978	1.00070623003077	1.72683554866391	1.74317485420537	1.02236946090342	True	0.967458792643345	0.967458792643345	False	False	depletion	1.74317485420537
PAX_2	Monocytes	strict_primary	96771	1256	95515	49	2	47	fit_ok	True	0.0427478521525811	0.764262285720119	0.0559334837676863	0.95539479638414	1.04367470134082	0.233352235206758	4.66786564634245	1.00154720194376	1.72683383677177	1.74348138158967	1.02278854448553	True	0.967458792643345	0.967458792643345	False	False	enrichment	1.74348138158967
ZNF354	Monocytes	strict_primary	96771	1256	95515	29	1	28	fit_ok	True	0.0579377010376884	1.05679632696518	0.0548239046250937	0.956278755902538	1.05964897862213	0.133536143519086	8.40862951635589	1.00041762368851	1.72689240957496	1.74296571398535	1.02223033449791	True	0.967458792643345	0.967458792643345	False	False	enrichment	1.74296571398535
ZNF143_2	Monocytes	strict_primary	96771	1256	95515	47	1	46	fit_ok	True	0.0542179071707692	1.03327103596002	0.0524721058501318	0.958152521013282	1.05571462487942	0.139318399246565	7.99990076839595	1.00074965568413	1.72683934388494	1.74321655512492	1.02248838475179	True	0.967458792643345	0.967458792643345	False	False	enrichment	1.74321655512492
ZIC	Monocytes	strict_primary	96771	1256	95515	22	1	21	fit_ok	True	-0.0489514698897974	1.06177235228549	-0.0461035454393101	0.963227720163221	0.952227340274955	0.118834289639701	7.63026320362828	1.00092349574594	1.72683816697344	1.74313495225344	1.02259066629976	True	0.967458792643345	0.967458792643345	False	False	depletion	1.74313495225344
ZFX	Monocytes	strict_primary	96771	1256	95515	33	1	32	fit_ok	True	-0.0420534438599945	1.03083110444905	-0.040795668348086	0.967458792643345	0.958818536239538	0.127137969449766	7.23098685164836	1.00118125471849	1.72683076787184	1.74308305510578	1.02294395751698	True	0.967458792643345	0.967458792643345	False	False	depletion	1.74308305510578
ZNF680	Monocytes	strict_primary	96771	1256	95515	1	1	0	fit_complete_or_quasi_separation_risk	True	14.3435209416223	119.468047362004	0.120061566739762	0.904434377404373	1695555.44557828	3.43603104577703e-96	8.36694497438691e+107	1.00001756137431	1.7268386152805	1.74288400767216	1.02210311394983	False			False	False	enrichment	1.74288400767216
ZBTB7A	Monocytes	strict_primary	96771	1256	95515	7	0	7	fit_complete_or_quasi_separation_risk	True	-10.4648472958524	106.17997179988	-0.0985576386813859	0.92148950563469	2.85216446978786e-05	1.1829269234022901e-95	6.876876332582881e+85	1.00033545489384	1.72693570945476	1.74289068996623	1.02224516587778	False			False	False	depletion	1.74289068996623
Ebox_CACGTG_2	Monocytes	strict_primary	96771	1256	95515	20	0	20	fit_complete_or_quasi_separation_risk	True	-10.2652794780258	108.001490107372	-0.0950475726568248	0.92427704041596	3.4821363076418e-05	4.06556990802214e-97	2.98242891877766e+87	1.00051167526942	1.72683655630881	1.74296616080444	1.02243457116075	False			False	False	depletion	1.74296616080444
EWSR1_FLI1	Monocytes	strict_primary	96771	1256	95515	18	0	18	fit_complete_or_quasi_separation_risk	True	-10.9467538196208	117.044130012139	-0.09352672208752	0.925485121575344	1.76151043964917e-05	4.12962300598385e-105	7.51380700973621e+94	1.00068407757928	1.72729278688279	1.74288151388248	1.0222774821677	False			False	False	depletion	1.74288151388248
MEF2	Monocytes	strict_primary	96771	1256	95515	1	1	0	fit_complete_or_quasi_separation_risk	True	11.164379939673	119.468065866123	0.0934507465131643	0.925545476978505	70571.3786462744	1.43007209987676e-97	3.48256530874563e+106	1.00026171516557	1.72723263127088	1.74296453513055	1.02211148153731	False			False	False	enrichment	1.74296453513055
SMARCA1	Monocytes	strict_primary	96771	1256	95515	3	0	3	fit_complete_or_quasi_separation_risk	True	-9.75310869834182	106.399647012271	-0.0916648595386506	0.926964317832786	5.81137245947046e-05	1.5670063129352e-95	2.1551955205230298e+86	1.00024535824547	1.72699586307587	1.74288169387639	1.02217139243212	False			False	False	depletion	1.74288169387639
NR_19	Monocytes	strict_primary	96771	1256	95515	20	0	20	fit_complete_or_quasi_separation_risk	True	-10.1295767374353	112.149223589946	-0.0903223081995853	0.928031093223547	3.98823480214823e-05	1.37225356405097e-100	1.15911645294701e+91	1.00041444015908	1.72694157388216	1.74288366677209	1.02239310102951	False			False	False	depletion	1.74288366677209
NR_11	Monocytes	strict_primary	96771	1256	95515	22	0	22	fit_complete_or_quasi_separation_risk	True	-9.61599113108583	109.196636562832	-0.0880612391898424	0.929828003297794	6.66542910820399e-05	7.477812623299081e-98	5.94130228110651e+88	1.00030229867297	1.72683245524798	1.74304869054692	1.02222305991737	False			False	False	depletion	1.74304869054692
NR_1	Monocytes	strict_primary	96771	1256	95515	19	0	19	fit_complete_or_quasi_separation_risk	True	-10.2317631784379	116.717995721143	-0.0876622590648593	0.930145117002938	3.60082248179357e-05	1.59969802891176e-104	8.10523130681741e+94	1.00054377279571	1.72698358717594	1.74288450166418	1.02247658892343	False			False	False	depletion	1.74288450166418
EBF1	Monocytes	strict_primary	96771	1256	95515	9	0	9	fit_complete_or_quasi_separation_risk	True	-8.93644468619679	105.944175198639	-0.0843505050602499	0.932777758213072	0.0001315077613787	8.6586234840384e-95	1.9973488089328498e+86	1.00035708501829	1.72683171743733	1.74306908220092	1.02224773038127	False			False	False	depletion	1.74306908220092
HD_2	Monocytes	strict_primary	96771	1256	95515	9	0	9	fit_complete_or_quasi_separation_risk	True	-8.86942687008662	105.280762517492	-0.0842454657242156	0.932861270225308	0.0001406231599225	3.39830690022029e-94	5.8190368578284403e+85	1.00024104499673	1.72684004942555	1.74306249968584	1.02210539880636	False			False	False	depletion	1.74306249968584
ZNF708	Monocytes	strict_primary	96771	1256	95515	9	0	9	fit_complete_or_quasi_separation_risk	True	-8.88040156899233	105.602946372055	-0.0840923655454208	0.932982994557238	0.0001390883007969	1.78750766416196e-94	1.08226419424322e+86	1.0002159811992	1.72684104598979	1.74291962125679	1.02221656950285	False			False	False	depletion	1.74291962125679
FOX_5	Monocytes	strict_primary	96771	1256	95515	22	0	22	fit_complete_or_quasi_separation_risk	True	-9.2947134769996	111.190728770764	-0.0835925223240694	0.933380412449048	9.19088275662625e-05	2.06965585268578e-99	4.081467251496331e+90	1.00016975292571	1.72683573573851	1.74300732025713	1.02212475883549	False			False	False	depletion	1.74300732025713
NRF1	Monocytes	strict_primary	96771	1256	95515	8	0	8	fit_complete_or_quasi_separation_risk	True	-8.92763968816206	108.18795834775	-0.0825197168382258	0.934233440034038	0.0001326707997203	1.07479600166345e-96	1.6376634329865e+88	1.00026644866473	1.72683837750321	1.74299315425796	1.02225811662261	False			False	False	depletion	1.74299315425796
NR_17	Monocytes	strict_primary	96771	1256	95515	17	0	17	fit_complete_or_quasi_separation_risk	True	-10.2200238365075	124.808196109629	-0.0818858388717549	0.934737495561927	3.64334286045262e-05	2.10193239762165e-111	6.315116134957729e+101	1.00070797291869	1.72684993805725	1.74297488318436	1.02256084365216	False			False	False	depletion	1.74297488318436
ZNF586	Monocytes	strict_primary	96771	1256	95515	8	0	8	fit_complete_or_quasi_separation_risk	True	-8.91241132359474	110.03626247208	-0.0809952203334437	0.935445753638916	0.0001347066207961	2.91495197502189e-98	6.225102108644401e+89	1.00011886651591	1.72688949599727	1.74288590798859	1.02217077352736	False			False	False	depletion	1.74288590798859
RUNX_2	Monocytes	strict_primary	96771	1256	95515	3	0	3	fit_complete_or_quasi_separation_risk	True	-8.74375905673578	108.690591424404	-0.0804463288141842	0.935882281210387	0.0001594533656698	4.82319114297908e-97	5.27148418333973e+88	1.0001447050702	1.72684655970992	1.74292620304323	1.02213527829721	False			False	False	depletion	1.74292620304323
ZBTB6	Monocytes	strict_primary	96771	1256	95515	7	0	7	fit_complete_or_quasi_separation_risk	True	-9.19625641771298	115.366476346237	-0.0797134203016938	0.936465185563838	0.0001014183600401	6.370732926369409e-103	1.61452126028651e+94	1.00026012183234	1.72683532672803	1.7428953018061	1.02231026949368	False			False	False	depletion	1.7428953018061
HINFP1_2	Monocytes	strict_primary	96771	1256	95515	6	0	6	fit_complete_or_quasi_separation_risk	True	-9.89105235655898	124.200591243173	-0.0796377236014381	0.936525391389443	5.06256417254832e-05	9.609326421991761e-111	2.66715427030497e+101	1.00037264644776	1.72684467249143	1.74297591308104	1.02227113259744	False			False	False	depletion	1.74297591308104
TFCP2	Monocytes	strict_primary	96771	1256	95515	3	0	3	fit_complete_or_quasi_separation_risk	True	-8.6762978860879	109.057006920033	-0.0795574546846848	0.936589234151404	0.000170581411894	2.51613141972586e-97	1.1564585957487899e+89	1.00013780846375	1.72692444326078	1.74289479598849	1.02217070199046	False			False	False	depletion	1.74289479598849
PRDM14	Monocytes	strict_primary	96771	1256	95515	3	0	3	fit_complete_or_quasi_separation_risk	True	-8.28133663162912	105.58497986911	-0.0784329043950685	0.937483700219194	0.0002531985405758	3.37063639019223e-94	1.90199990530889e+86	1.0000958409744	1.72683025858072	1.74292375971778	1.02214294101666	False			False	False	depletion	1.74292375971778
ZNF274	Monocytes	strict_primary	96771	1256	95515	4	0	4	fit_complete_or_quasi_separation_risk	True	-10.8189956584549	138.450912215405	-0.0781431879742511	0.93771415316919	2.00156586457394e-05	2.81562099000346e-123	1.42287116215263e+113	1.00019356916531	1.72693506978321	1.74288280563161	1.0221549986229	False			False	False	depletion	1.74288280563161
NR_12	Monocytes	strict_primary	96771	1256	95515	35	0	35	fit_complete_or_quasi_separation_risk	True	-11.0769623066644	141.761185460828	-0.0781381890300659	0.937718129591074	1.54645181979487e-05	3.30962836735785e-126	7.22592679750378e+115	1.00070658024231	1.72693784525202	1.74293753579741	1.02246040550259	False			False	False	depletion	1.74293753579741
FOX_4	Monocytes	strict_primary	96771	1256	95515	9	0	9	fit_complete_or_quasi_separation_risk	True	-8.28805969714045	106.264850116709	-0.0779943667923851	0.937832533992371	0.0002515019796357	8.83232165854339e-95	7.16156501156227e+86	1.00005424964227	1.72683074106216	1.74292436536847	1.02210489433226	False			False	False	depletion	1.74292436536847
HD_12	Monocytes	strict_primary	96771	1256	95515	8	0	8	fit_complete_or_quasi_separation_risk	True	-8.46151895523347	110.015750776815	-0.0769118866661107	0.93869364136713	0.0002114506425578	4.76333777443874e-98	9.3865638666349e+89	1.00015383424411	1.72684714993733	1.74296060351697	1.02219223793519	False			False	False	depletion	1.74296060351697
ZNF384_2	Monocytes	strict_primary	96771	1256	95515	19	0	19	fit_complete_or_quasi_separation_risk	True	-9.23334588923064	120.82276580475	-0.0764205804074358	0.939084496684724	9.77257091982352e-05	1.39185596595223e-107	6.86156791501371e+98	1.00014663344603	1.72683072148407	1.74301964531253	1.02210872504073	False			False	False	depletion	1.74301964531253
MAF	Monocytes	strict_primary	96771	1256	95515	16	0	16	fit_complete_or_quasi_separation_risk	True	-9.63105922726784	126.52992802196	-0.0761168474354643	0.939326136709765	6.56574667956527e-05	1.2966866303788402e-112	3.32455262900542e+103	1.00024630752952	1.72683871283939	1.74302093496663	1.02221610209572	False			False	False	depletion	1.74302093496663
ZNF524	Monocytes	strict_primary	96771	1256	95515	7	0	7	fit_complete_or_quasi_separation_risk	True	-8.79749269119215	115.965071995883	-0.0758632969374131	0.939527857478017	0.0001511114836576	2.9365363519921096e-103	7.77605919222354e+94	1.00008828015535	1.72685926583067	1.74288619764875	1.02216855327816	False			False	False	depletion	1.74288619764875
MYB_5	Monocytes	strict_primary	96771	1256	95515	3	0	3	fit_complete_or_quasi_separation_risk	True	-8.21672526131255	108.512976602748	-0.0757211304910836	0.939640964553998	0.0002700981189904	1.15720721008527e-96	6.3042291169983094e+88	1.00010952339678	1.72683260031587	1.74290179751096	1.02216738323176	False			False	False	depletion	1.74290179751096
NFAT_1	Monocytes	strict_primary	96771	1256	95515	8	0	8	fit_complete_or_quasi_separation_risk	True	-8.41652562460764	111.44175242761	-0.0755239884627159	0.939797812005287	0.000221181787962	3.04519160511984e-99	1.60651248492381e+91	1.00016260056072	1.72683476189688	1.74308059953356	1.02211112130625	False			False	False	depletion	1.74308059953356
HINFP1_3	Monocytes	strict_primary	96771	1256	95515	3	0	3	fit_complete_or_quasi_separation_risk	True	-8.47134057560049	112.70304988769	-0.0751651404646306	0.940083319744267	0.0002093840200241	2.43316029163735e-100	1.80184051137768e+92	1.00034647577437	1.72684148014151	1.74318681719042	1.0221725251047	False			False	False	depletion	1.74318681719042
GCM	Monocytes	strict_primary	96771	1256	95515	3	0	3	fit_complete_or_quasi_separation_risk	True	-8.27182705001431	110.728149243661	-0.0747039222322039	0.940450286906094	0.0002556178377825	1.4252390382978302e-98	4.58452773442563e+90	1.00014082471345	1.7268309971855	1.74295892154319	1.02213899113906	False			False	False	depletion	1.74295892154319
NR_13	Monocytes	strict_primary	96771	1256	95515	14	0	14	fit_complete_or_quasi_separation_risk	True	-10.1603974752167	136.045460821274	-0.0746838403419036	0.940466265300951	3.86718939919342e-05	6.06961737318894e-121	2.46393683979073e+111	1.00024013416996	1.72701634382333	1.74289202953706	1.02218577649527	False			False	False	depletion	1.74289202953706
NR_18	Monocytes	strict_primary	96771	1256	95515	25	0	25	fit_complete_or_quasi_separation_risk	True	-11.7973584276696	157.983473042917	-0.0746746365328024	0.940473588429134	7.52440795373098e-06	2.50164227794329e-140	2.26318189268512e+129	1.00127864207702	1.72684408267601	1.74314826114669	1.02286777364983	False			False	False	depletion	1.74314826114669
HINFP1_1	Monocytes	strict_primary	96771	1256	95515	1	0	1	fit_complete_or_quasi_separation_risk	True	-8.82644706090659	119.46805469097	-0.07388123196396	0.941104889752823	0.000146798881517	2.97482615549256e-106	7.24409107902544e+97	1.00013713025326	1.727032827679	1.74290549056395	1.0221033621212	False			False	False	depletion	1.74290549056395
ZNF554	Monocytes	strict_primary	96771	1256	95515	13	0	13	fit_complete_or_quasi_separation_risk	True	-10.1261114384722	137.497824802236	-0.0736456118708548	0.94129237663042	4.00207920171018e-05	3.6456449631096196e-122	4.39336196992114e+112	1.00030860767924	1.72683709745796	1.74293403116714	1.02229053121905	False			False	False	depletion	1.74293403116714
ZNF41	Monocytes	strict_primary	96771	1256	95515	11	0	11	fit_complete_or_quasi_separation_risk	True	-10.8528239981855	148.087678539004	-0.0732864753182491	0.941578153890869	1.93498866151946e-05	1.7056960153566999e-131	2.1951045710955797e+121	1.00039744766133	1.72707125478712	1.74288340500654	1.02225047555787	False			False	False	depletion	1.74288340500654
NR_20	Monocytes	strict_primary	96771	1256	95515	5	0	5	fit_complete_or_quasi_separation_risk	True	-9.65293973888214	133.692813615734	-0.072202383043767	0.942440848731087	6.42364508023074e-05	1.01428765419573e-118	4.06819662509758e+109	1.00018499283942	1.72686049884613	1.74288512758721	1.02222061753358	False			False	False	depletion	1.74288512758721
RBPJ	Monocytes	strict_primary	96771	1256	95515	10	0	10	fit_complete_or_quasi_separation_risk	True	-10.8242738637519	150.520093408311	-0.0719124843643913	0.942671554688365	1.99102902129885e-05	1.4920640415727001e-133	2.65685416523791e+123	1.00025612598958	1.72698340140294	1.74288384003314	1.0222062749331	False			False	False	depletion	1.74288384003314
ZNF563	Monocytes	strict_primary	96771	1256	95515	27	0	27	fit_complete_or_quasi_separation_risk	True	-11.3205969943936	157.458824739174	-0.0718956019971943	0.942684990091766	1.21206858045073e-05	1.1268593681229e-139	1.30372101903274e+129	1.00125690021985	1.72683050399778	1.74319558341695	1.0229135585553	False			False	False	depletion	1.74319558341695
MTF1	Monocytes	strict_primary	96771	1256	95515	6	0	6	fit_complete_or_quasi_separation_risk	True	-9.05051674093526	125.945824889649	-0.0718603951251668	0.942713008639657	0.0001173303918351	7.28048070318168e-112	1.89086701956036e+103	1.00031991134241	1.72685170270279	1.74309515242854	1.02223792041797	False			False	False	depletion	1.74309515242854
AHR	Monocytes	strict_primary	96771	1256	95515	5	0	5	fit_complete_or_quasi_separation_risk	True	-9.543614931488	132.812721300163	-0.0718576868093755	0.942715163991006	7.16573425094752e-05	6.35023800617523e-118	8.08595635396189e+108	1.00025885258903	1.72683272504382	1.74305557432145	1.02218123788785	False			False	False	depletion	1.74305557432145
ZBTB48	Monocytes	strict_primary	96771	1256	95515	6	0	6	fit_complete_or_quasi_separation_risk	True	-9.23608042489618	128.824930862727	-0.0716948215150832	0.942844777391141	9.74588398092211e-05	2.14203365848232e-114	4.4342092475283506e+105	1.00026776615183	1.7268406709239	1.74292381569562	1.02225804009412	False			False	False	depletion	1.74292381569562
FOX_7	Monocytes	strict_primary	96771	1256	95515	14	0	14	fit_complete_or_quasi_separation_risk	True	-9.69401873646868	136.082401774406	-0.0712363877332146	0.943209621743296	6.16511462003802e-05	9.00040915505078e-121	4.22299004672193e+111	1.00030814057495	1.72684012531546	1.74301220035222	1.02228178266554	False			False	False	depletion	1.74301220035222
HIC_1	Monocytes	strict_primary	96771	1256	95515	14	0	14	fit_complete_or_quasi_separation_risk	True	-9.8277634665473	138.567343426458	-0.0709240952704212	0.943458166409444	5.39332457165844e-05	6.03882741108524e-123	4.8168208751683495e+113	1.00035870207107	1.72684186506729	1.74289843747108	1.02238197631678	False			False	False	depletion	1.74289843747108
ZNF331	Monocytes	strict_primary	96771	1256	95515	11	0	11	fit_complete_or_quasi_separation_risk	True	-10.7796403138811	152.190797351118	-0.0708297774996966	0.943533232317194	2.08190877062497e-05	5.90254982997532e-135	7.34317244929228e+124	1.00058431117411	1.72700263403053	1.74288286690984	1.02248559151054	False			False	False	depletion	1.74288286690984
HSF	Monocytes	strict_primary	96771	1256	95515	3	0	3	fit_complete_or_quasi_separation_risk	True	-7.89997439691673	112.164219022622	-0.0704322150660488	0.943849650992823	0.0003707530327583	1.23872239908961e-99	1.10967405934158e+92	1.00009169822142	1.72683081092423	1.7429308467634	1.02212688420624	False			False	False	depletion	1.7429308467634
MIES	Monocytes	strict_primary	96771	1256	95515	13	0	13	fit_complete_or_quasi_separation_risk	True	-9.88650619427149	140.826995450616	-0.0702032033179206	0.94403192473941	5.08563180574027e-05	6.79182271594943e-125	3.80805741628405e+115	1.00020650776113	1.72683597356191	1.74295214541	1.02218059206778	False			False	False	depletion	1.74295214541
THAP1	Monocytes	strict_primary	96771	1256	95515	1	0	1	fit_complete_or_quasi_separation_risk	True	-8.34031781993597	119.468050813995	-0.069812119333238	0.944343200881903	0.000238696468384	4.83713421971986e-106	1.1778875968906601e+98	1.00008710665205	1.72692605735838	1.74288718886585	1.02211445973205	False			False	False	depletion	1.74288718886585
Ebox_CACGTG_1	Monocytes	strict_primary	96771	1256	95515	24	0	24	fit_complete_or_quasi_separation_risk	True	-11.4051765917185	164.20078962686	-0.0694587195203892	0.944624490308365	1.11376801332436e-05	1.8891258781890402e-145	6.56641890213051e+134	1.00058907176032	1.72691251512806	1.74292175618644	1.0224254142319	False			False	False	depletion	1.74292175618644
SOX_1	Monocytes	strict_primary	96771	1256	95515	14	0	14	fit_complete_or_quasi_separation_risk	True	-9.63182911821069	138.779350030182	-0.069403907109494	0.944668118997345	6.56069371602866e-05	4.84821822373473e-123	8.87804551057931e+113	1.00012233699699	1.72686672256454	1.74288599281002	1.02215328320333	False			False	False	depletion	1.74288599281002
OSR2	Monocytes	strict_primary	96771	1256	95515	14	0	14	fit_complete_or_quasi_separation_risk	True	-9.62200346502359	138.786383312457	-0.0693295929713876	0.944727270618159	6.62547455298806e-05	4.82905927120964e-123	9.09015826622858e+113	1.00062043460999	1.72688800776605	1.7431116416579	1.02252835491219	False			False	False	depletion	1.7431116416579
E2F_4	Monocytes	strict_primary	96771	1256	95515	1	0	1	fit_complete_or_quasi_separation_risk	True	-8.27635284948038	119.468071450792	-0.0692766925001328	0.94476937784697	0.0002544635766562	5.15644281247872e-106	1.2557438179662401e+98	1.00014558239122	1.7268338779327	1.74294046587254	1.02214879189345	False			False	False	depletion	1.74294046587254
SOX_8	Monocytes	strict_primary	96771	1256	95515	1	0	1	fit_complete_or_quasi_separation_risk	True	-8.21902629223076	119.468066047097	-0.0687968472595063	0.945151327666146	0.0002694773293697	5.46073891396089e-106	1.3298206009918401e+98	1.00011004425819	1.72685665912657	1.74292178989482	1.02210312390137	False			False	False	depletion	1.74292178989482
E2F_2	Monocytes	strict_primary	96771	1256	95515	28	0	28	fit_complete_or_quasi_separation_risk	True	-11.0101720972199	160.171719199082	-0.0687398009603373	0.945196736529328	1.65326706192179e-05	7.54089954334277e-142	3.6246232459738605e+131	1.00094688853617	1.7268302777294	1.74322002631059	1.02258733482324	False			False	False	depletion	1.74322002631059
CREB3_XBP1	Monocytes	strict_primary	96771	1256	95515	4	0	4	fit_complete_or_quasi_separation_risk	True	-10.5417128629821	154.93811087515	-0.0680382173465163	0.945755211713204	2.64114517625579e-05	3.43407486006904e-137	2.03130337173815e+127	1.00041346670405	1.72728192407486	1.74302275507353	1.02223724574576	False			False	False	depletion	1.74302275507353
NFY	Monocytes	strict_primary	96771	1256	95515	3	0	3	fit_complete_or_quasi_separation_risk	True	-7.57736140380566	111.438042780027	-0.0679961816878191	0.945788673823148	0.0005119101667907	7.09931963750629e-99	3.6912272195677196e+91	1.00003885032477	1.72683095088695	1.7428953487409	1.02211807258552	False			False	False	depletion	1.7428953487409
ZNF418	Monocytes	strict_primary	96771	1256	95515	3	0	3	fit_complete_or_quasi_separation_risk	True	-7.59534389748153	112.298755234817	-0.0676351566105933	0.946076068537259	0.0005027870197654	1.29048749319442e-99	1.95890923839058e+92	1.00004460685491	1.72684591600073	1.74288406144427	1.02213560199086	False			False	False	depletion	1.74288406144427
GATA	Monocytes	strict_primary	96771	1256	95515	5	0	5	fit_complete_or_quasi_separation_risk	True	-9.00129026198795	133.49027831697	-0.0674303056033381	0.946239143702627	0.0001232506757881	2.89447923351627e-118	5.24817345598779e+109	1.00004103130827	1.72683853356804	1.7428880640077	1.02211456399896	False			False	False	depletion	1.7428880640077
SIX_1	Monocytes	strict_primary	96771	1256	95515	3	0	3	fit_complete_or_quasi_separation_risk	True	-7.61181118144982	113.118317294505	-0.0672907037825923	0.946350277422587	0.0004945752812155	2.54669444131146e-100	9.604792189498199e+92	1.0000651907612	1.72683316930571	1.74288420752079	1.02215244187361	False			False	False	depletion	1.74288420752079
NR_4	Monocytes	strict_primary	96771	1256	95515	2	0	2	fit_complete_or_quasi_separation_risk	True	-8.71646078323155	129.53462091865	-0.0672905878089968	0.946350369746868	0.0001638661235657	8.96177141962374e-115	2.9962945041941803e+106	1.00008482947473	1.72687892500975	1.74289531779211	1.0221558714324	False			False	False	depletion	1.74289531779211
SOX_4	Monocytes	strict_primary	96771	1256	95515	3	0	3	fit_complete_or_quasi_separation_risk	True	-7.56950349131905	112.929308924715	-0.0670286886849305	0.946558864284603	0.0005159485579648	3.84802610046167e-100	6.9179082344081e+92	1.00003255640709	1.72685271186048	1.74288323157698	1.02210392670512	False			False	False	depletion	1.74288323157698
KLF_SP_3	Monocytes	strict_primary	96771	1256	95515	3	0	3	fit_complete_or_quasi_separation_risk	True	-7.5694743351214	113.263201738498	-0.066830834895501	0.946716375579592	0.0005159636012822	2.00002475268635e-100	1.33107571539103e+93	1.00016943885792	1.72684552741459	1.7429461475277	1.02221733339879	False			False	False	depletion	1.7429461475277
SPDEF_2	Monocytes	strict_primary	96771	1256	95515	2	0	2	fit_complete_or_quasi_separation_risk	True	-8.44785343241879	126.648750627428	-0.0667030143650643	0.946818134542669	0.0002143600602177	3.3539063903414004e-112	1.37005121994141e+104	1.00002888997068	1.72687324943431	1.7428870334023	1.02210328265494	False			False	False	depletion	1.7428870334023
ZNF28	Monocytes	strict_primary	96771	1256	95515	14	0	14	fit_complete_or_quasi_separation_risk	True	-9.24527756274818	139.202008172972	-0.0664162657140693	0.947046420628003	9.65666067093016e-05	3.11663176599605e-123	2.99204725854693e+114	1.00011345368063	1.72683155546089	1.7430127187469	1.02210682064614	False			False	False	depletion	1.7430127187469
SOX_6	Monocytes	strict_primary	96771	1256	95515	2	0	2	fit_complete_or_quasi_separation_risk	True	-9.09478022477962	137.071379809637	-0.0663506870464886	0.947098629671031	0.0001122502027868	2.3587023134209603e-121	5.3419661964051e+112	1.00012849983399	1.72697178949194	1.74288728576078	1.02211522545903	False			False	False	depletion	1.74288728576078
ZNF713	Monocytes	strict_primary	96771	1256	95515	3	0	3	fit_complete_or_quasi_separation_risk	True	-7.46031691265294	112.460345240903	-0.0663373111355124	0.947109278642215	0.0005754737676673	1.07608625545327e-99	3.07754193118815e+92	1.00002703931282	1.72683599569044	1.74288176921959	1.02211876237777	False			False	False	depletion	1.74288176921959
ZNF324	Monocytes	strict_primary	96771	1256	95515	25	0	25	fit_complete_or_quasi_separation_risk	True	-10.9641871065488	165.285083243846	-0.0663350067130576	0.947111113264255	1.7310676526576e-05	3.50599132667763e-146	8.54706968404626e+135	1.00059098847493	1.72683626421848	1.74293657955142	1.02255172520877	False			False	False	depletion	1.74293657955142
SRF	Monocytes	strict_primary	96771	1256	95515	2	0	2	fit_complete_or_quasi_separation_risk	True	-9.13691067407334	137.743800944283	-0.0663326451821173	0.947112993352419	0.0001076192875396	6.053404375062839e-122	1.91328884259711e+113	1.00020120642424	1.72715466405446	1.74301223887056	1.02211417429238	False			False	False	depletion	1.74301223887056
PLAG1	Monocytes	strict_primary	96771	1256	95515	12	0	12	fit_complete_or_quasi_separation_risk	True	-9.89468482499189	150.275568938515	-0.0658436024889735	0.947502341767012	5.0442079274264e-05	6.10444640028727e-133	4.16811483739366e+123	1.00039195927667	1.72683645474196	1.74292012361245	1.02238977641744	False			False	False	depletion	1.74292012361245
ZKSCAN1	Monocytes	strict_primary	96771	1256	95515	3	0	3	fit_complete_or_quasi_separation_risk	True	-7.21784212169567	110.745058627494	-0.0651752973103193	0.948034429191878	0.000733383264466	3.95579693610514e-98	1.3596527356846e+91	1.00008012490514	1.72684144496755	1.74289351824682	1.02217259387988	False			False	False	depletion	1.74289351824682
ZNF140	Monocytes	strict_primary	96771	1256	95515	5	0	5	fit_complete_or_quasi_separation_risk	True	-8.83937565065822	135.684558248868	-0.0651465116203226	0.948057348141531	0.0001449131949019	4.61402851965771e-120	4.5513013123402505e+111	1.00010249764311	1.72683560965068	1.74296454128197	1.02213268976081	False			False	False	depletion	1.74296454128197
E2F_1	Monocytes	strict_primary	96771	1256	95515	5	0	5	fit_complete_or_quasi_separation_risk	True	-8.98556444974865	138.776607007736	-0.0647484085646204	0.948374319196413	0.0001252042129944	9.30221229782654e-123	1.68520072964076e+114	1.00006779670126	1.72685572165731	1.74288501597171	1.02212174256523	False			False	False	depletion	1.74288501597171
HD_6	Monocytes	strict_primary	96771	1256	95515	5	0	5	fit_complete_or_quasi_separation_risk	True	-9.22154224316511	143.291210339488	-0.0643552540404768	0.948687358232054	9.88860636152692e-05	1.0548591054668699e-126	9.26991436737439e+117	1.00017015056278	1.72686894603475	1.74294084044829	1.02210623737519	False			False	False	depletion	1.74294084044829
PRDM1	Monocytes	strict_primary	96771	1256	95515	6	0	6	fit_complete_or_quasi_separation_risk	True	-8.27169741416946	129.658183410902	-0.0637961846801101	0.949132516256528	0.0002556509771648	1.0974219000888398e-114	5.9555419952957e+106	1.00007247805441	1.72683933464675	1.74296316168546	1.02211358748177	False			False	False	depletion	1.74296316168546
IRF_1	Monocytes	strict_primary	96771	1256	95515	3	0	3	fit_complete_or_quasi_separation_risk	True	-7.2390603730058	113.498482801179	-0.0637811201907151	0.949144511550811	0.0007179860823584	1.75491888431896e-100	2.9374805813916e+93	1.00005351859118	1.72683088579847	1.7429222364312	1.02211548033008	False			False	False	depletion	1.7429222364312
SOX_7	Monocytes	strict_primary	96771	1256	95515	1	0	1	fit_complete_or_quasi_separation_risk	True	-7.59350593139955	119.46805072542	-0.0635609762216016	0.94931980534348	0.000503711975012	1.0207620040229201e-105	2.4856504530003502e+98	1.00006202078881	1.72691523005313	1.74288773869838	1.02210639886299	False			False	False	depletion	1.74288773869838
NR_7	Monocytes	strict_primary	96771	1256	95515	10	0	10	fit_complete_or_quasi_separation_risk	True	-10.1049971539357	159.402131751639	-0.0633931117664104	0.949453472234627	4.08747864209624e-05	8.42600473082067e-141	1.98284740910241e+131	1.00027705762727	1.72683040741008	1.74301348323684	1.02220658105588	False			False	False	depletion	1.74301348323684
HIC_2	Monocytes	strict_primary	96771	1256	95515	2	0	2	fit_complete_or_quasi_separation_risk	True	-8.56622545791451	135.428496735511	-0.0632527545118083	0.94956523681973	0.0001904300813286	1.00154820400769e-119	3.6207559186604703e+111	1.00016643890256	1.72683052659736	1.74299401365433	1.02214472429657	False			False	False	depletion	1.74299401365433
SMAD_3	Monocytes	strict_primary	96771	1256	95515	1	0	1	fit_complete_or_quasi_separation_risk	True	-7.53788446947567	119.468049614487	-0.0630954007686557	0.949690536658634	0.0005325229996536	1.0791493053326701e-105	2.6278175203259703e+98	1.00005236566306	1.72688535282182	1.74289580823364	1.02212033618291	False			False	False	depletion	1.74289580823364
GFI	Monocytes	strict_primary	96771	1256	95515	3	0	3	fit_complete_or_quasi_separation_risk	True	-7.11267422027506	113.275899676214	-0.0627907104742123	0.949933163240686	0.000814713353346	3.08043775074182e-100	2.15475170034011e+93	1.00001483854607	1.72683027536786	1.74289386086664	1.02210487928802	False			False	False	depletion	1.74289386086664
ZNF549	Monocytes	strict_primary	96771	1256	95515	2	0	2	fit_complete_or_quasi_separation_risk	True	-8.44905191804874	134.833598640914	-0.0626628081072738	0.950035013993912	0.0002141033066544	3.61365892634896e-119	1.26852663338304e+111	1.00014125613621	1.72683026412881	1.74294108807285	1.02216828993066	False			False	False	depletion	1.74294108807285
RFX_3	Monocytes	strict_primary	96771	1256	95515	5	0	5	fit_complete_or_quasi_separation_risk	True	-8.83120775568448	141.071772930598	-0.0626008135591312	0.950084381563539	0.0001461016777523	1.2076409537362299e-124	1.7675535245815798e+116	1.00010600197167	1.72683496563421	1.74289796522852	1.02216319654881	False			False	False	depletion	1.74289796522852
BCL6_2	Monocytes	strict_primary	96771	1256	95515	1	0	1	fit_complete_or_quasi_separation_risk	True	-7.47585642860886	119.468048221245	-0.0625761995773481	0.950103982250867	0.000566600307074	1.1482095569386602e-105	2.79596965585574e+98	1.00005550717551	1.7269217633813	1.74291504954086	1.02210485782204	False			False	False	depletion	1.74291504954086
ZNF768	Monocytes	strict_primary	96771	1256	95515	11	0	11	fit_complete_or_quasi_separation_risk	True	-9.78512092937403	158.437976737179	-0.0617599462634255	0.950754000816877	5.62828363777141e-05	7.67798916130544e-140	4.1257647076202403e+130	1.00027215044518	1.72683605786986	1.74292387404116	1.02227453412501	False			False	False	depletion	1.74292387404116
ZNF382	Monocytes	strict_primary	96771	1256	95515	1	0	1	fit_complete_or_quasi_separation_risk	True	-7.34697662573662	119.468056292482	-0.0614974149052006	0.950963073118342	0.0006445380974232	1.30612900589379e-105	3.18061506294857e+98	1.00006225909785	1.72685284884683	1.74288667217869	1.02214915229445	False			False	False	depletion	1.74288667217869
ZNF667	Monocytes	strict_primary	96771	1256	95515	10	0	10	fit_complete_or_quasi_separation_risk	True	-9.82140829858547	159.866815563603	-0.0614349404781757	0.951012826424015	5.42770919949907e-05	4.5002426111522997e-141	6.5463197653653996e+131	1.00024052270119	1.72683179702052	1.74288997216393	1.02231216372808	False			False	False	depletion	1.74288997216393
ZNF431	Monocytes	strict_primary	96771	1256	95515	2	0	2	fit_complete_or_quasi_separation_risk	True	-8.24632011843649	134.489905653884	-0.0613155320344916	0.951107921301447	0.0002622217289418	8.68060187097006e-119	7.92113682338255e+110	1.00018665446871	1.72684778620007	1.74307798419572	1.0221340801851	False			False	False	depletion	1.74307798419572
E2F_3	Monocytes	strict_primary	96771	1256	95515	3	0	3	fit_complete_or_quasi_separation_risk	True	-6.901279570121	113.071366480073	-0.0610347233341096	0.951331555371876	0.0010064967215967	5.68227356595042e-100	1.78279985788666e+93	1.00006095092883	1.7268552117086	1.74292158286334	1.02213562938371	False			False	False	depletion	1.74292158286334
CREB_ATF_2	Monocytes	strict_primary	96771	1256	95515	5	0	5	fit_complete_or_quasi_separation_risk	True	-8.66095420240081	142.170247436236	-0.0609195971631498	0.951423242152095	0.0001732189420898	1.66279088528129e-125	1.8044843861208e+117	1.00005095250853	1.72686596328286	1.74288414605798	1.02210364382772	False			False	False	depletion	1.74288414605798
ZNF329	Monocytes	strict_primary	96771	1256	95515	2	0	2	fit_complete_or_quasi_separation_risk	True	-8.45990092088177	139.176644052226	-0.0607853492839446	0.951530158322235	0.0002117930539031	7.18390548808698e-123	6.24399886050921e+114	1.00014381960733	1.72686782536622	1.74288532023958	1.02221325356765	False			False	False	depletion	1.74288532023958
PRDM9	Monocytes	strict_primary	96771	1256	95515	10	0	10	fit_complete_or_quasi_separation_risk	True	-9.93018844831473	164.384662297479	-0.0604082419218927	0.95183049454286	4.86826210762516e-05	5.7587010248932705e-145	4.11550727257617e+135	1.00061988867356	1.72688465761655	1.74334213692708	1.02234162251777	False			False	False	depletion	1.74334213692708
HD_22	Monocytes	strict_primary	96771	1256	95515	10	0	10	fit_complete_or_quasi_separation_risk	True	-9.78954849711271	162.114209488344	-0.0603867392501245	0.951847619928699	5.6034191160089e-05	5.67612739688279e-143	5.53164219092345e+133	1.00023284485493	1.72683409802566	1.74303693992028	1.02218010624127	False			False	False	depletion	1.74303693992028
GLIS	Monocytes	strict_primary	96771	1256	95515	9	0	9	fit_complete_or_quasi_separation_risk	True	-10.2539616628029	170.017152359409	-0.0603113363593248	0.95190767327413	3.52177034524051e-05	6.68712249887874e-150	1.8547389204692198e+140	1.00025470490578	1.72685353010588	1.74293133782271	1.02220812078095	False			False	False	depletion	1.74293133782271
NFKB_1	Monocytes	strict_primary	96771	1256	95515	10	0	10	fit_complete_or_quasi_separation_risk	True	-9.62966688976253	160.169866716858	-0.0601215889552151	0.952058795563174	6.57489478206285e-05	3.00985666298513e-141	1.4362558166582e+132	1.00044309257377	1.72693468032743	1.74327750498088	1.02226432261623	False			False	False	depletion	1.74327750498088
POU_2	Monocytes	strict_primary	96771	1256	95515	5	0	5	fit_complete_or_quasi_separation_risk	True	-8.1616227426413	136.065642025759	-0.0599829804286392	0.952169189930537	0.0002853988898761	4.30565832046565e-120	1.89175545944687e+112	1.00016381980497	1.726830534214	1.74295375935121	1.02222634285943	False			False	False	depletion	1.74295375935121
AP1_1	Monocytes	strict_primary	96771	1256	95515	5	0	5	fit_complete_or_quasi_separation_risk	True	-8.56102244697101	142.905456712294	-0.0599068967968564	0.952229786913318	0.0001914234731991	4.34925303464782e-126	8.42511249626405e+117	1.00013101392221	1.72683749613032	1.74301245846096	1.02212333654515	False			False	False	depletion	1.74301245846096
CCAAT_CEBP	Monocytes	strict_primary	96771	1256	95515	3	0	3	fit_complete_or_quasi_separation_risk	True	-6.76289207574638	113.178063525616	-0.0597544423811043	0.952351210412747	0.0011558814386116	5.294204403412e-100	2.52363112248919e+93	1.00009480224777	1.72689766064201	1.7430269825991	1.02210912153751	False			False	False	depletion	1.7430269825991
TFAP2_2	Monocytes	strict_primary	96771	1256	95515	10	0	10	fit_complete_or_quasi_separation_risk	True	-9.67575870654455	162.483808742287	-0.0595490638817504	0.952514787456479	6.27872389516891e-05	3.08220255515368e-143	1.27903254397885e+134	1.00035018533589	1.72686189280909	1.74304120492074	1.02231812159709	False			False	False	depletion	1.74304120492074
ZBTB49	Monocytes	strict_primary	96771	1256	95515	1	0	1	fit_complete_or_quasi_separation_risk	True	-7.09534167852313	119.468050735042	-0.0593911228555935	0.952640583514878	0.0008289574935393	1.67986535634447e-105	4.09062859412934e+98	1.00003905917137	1.7268324487752	1.74289366941109	1.02211589304149	False			False	False	depletion	1.74289366941109
YY1	Monocytes	strict_primary	96771	1256	95515	4	0	4	fit_complete_or_quasi_separation_risk	True	-8.99514141794373	151.563619410781	-0.0593489483354465	0.952674174660109	0.000124010859703	1.20199407297687e-133	1.27943171019122e+125	1.00022893437301	1.72686742927644	1.7431806353508	1.02211803694045	False			False	False	depletion	1.7431806353508
SNAI2	Monocytes	strict_primary	96771	1256	95515	4	0	4	fit_complete_or_quasi_separation_risk	True	-8.98347799238859	151.562804334679	-0.0592723130970276	0.95273521327984	0.0001254657189618	1.218039842116e-133	1.2923753468745999e+125	1.00010603598845	1.72683155775482	1.74292705581237	1.02215923174832	False			False	False	depletion	1.74292705581237
ZNF136	Monocytes	strict_primary	96771	1256	95515	3	0	3	fit_complete_or_quasi_separation_risk	True	-6.64774783757658	112.166244782179	-0.0592669198339139	0.952739508929514	0.0012969397376844	4.31603257887394e-99	3.89721961650204e+92	1.00000946246863	1.72684042780175	1.7428970355673	1.02210313709828	False			False	False	depletion	1.7428970355673
PRDM16	Monocytes	strict_primary	96771	1256	95515	10	0	10	fit_complete_or_quasi_separation_risk	True	-9.73929563611749	164.82105092316	-0.0590901197484659	0.952880328190474	5.89220227731895e-05	2.9632393312782503e-145	1.17162482660034e+136	1.00039817101394	1.72686198195123	1.74316655003723	1.02226138193267	False			False	False	depletion	1.74316655003723
SOX_2	Monocytes	strict_primary	96771	1256	95515	9	0	9	fit_complete_or_quasi_separation_risk	True	-9.60918157853166	163.203741617656	-0.0588784392029655	0.953048931276672	6.7109725873824e-05	8.03444755501291e-144	5.60550713166308e+134	1.00004227652352	1.72683372767308	1.74290635376571	1.02210931154496	False			False	False	depletion	1.74290635376571
PAX_1	Monocytes	strict_primary	96771	1256	95515	4	0	4	fit_complete_or_quasi_separation_risk	True	-9.34975497019907	158.858980896136	-0.0588556902320306	0.953067050906879	8.69867308246289e-05	5.19946373580678e-140	1.4552830299493601e+131	1.00016794032007	1.72686988772647	1.74288243978851	1.02220426757046	False			False	False	depletion	1.74288243978851
NR_10	Monocytes	strict_primary	96771	1256	95515	2	0	2	fit_complete_or_quasi_separation_risk	True	-7.83310642962782	134.047664691839	-0.0584352323304943	0.953401951367132	0.0003963922012557	3.12211840587925e-118	5.03269757228074e+110	1.00010380314947	1.7268450643062	1.74298996380562	1.02212515581254	False			False	False	depletion	1.74298996380562
HIF	Monocytes	strict_primary	96771	1256	95515	2	0	2	fit_complete_or_quasi_separation_risk	True	-8.0987085921595	138.829116307541	-0.0583358074124656	0.953481145877202	0.0003039313841219	2.03725800868086e-122	4.5342458275137997e+114	1.00006323635281	1.72690334177832	1.74290700374764	1.02212198298537	False			False	False	depletion	1.74290700374764
ZNF423	Monocytes	strict_primary	96771	1256	95515	5	0	5	fit_complete_or_quasi_separation_risk	True	-8.34330653628594	143.055104062274	-0.0583223268472406	0.953491883530269	0.0002379841373542	4.03259955514632e-126	1.40446500719326e+118	1.00009976023162	1.72683024256304	1.74288223398277	1.02219935089602	False			False	False	depletion	1.74288223398277
FOX_6	Monocytes	strict_primary	96771	1256	95515	2	0	2	fit_complete_or_quasi_separation_risk	True	-7.87305292412784	135.010381764844	-0.0583144260553298	0.953498176739342	0.0003808698188138	4.54589615981389e-119	3.1910499884629104e+111	1.00003205222123	1.72684857157206	1.74288480956323	1.02210471990698	False			False	False	depletion	1.74288480956323
CREB_ATF_1	Monocytes	strict_primary	96771	1256	95515	4	0	4	fit_complete_or_quasi_separation_risk	True	-9.0679307707465	156.666938202816	-0.0578803088562784	0.953843968079156	0.0001153048842048	5.06124846415069e-138	2.62686497524562e+129	1.00008636235792	1.72686428225857	1.74288134546932	1.0221491961343	False			False	False	depletion	1.74288134546932
HD_20	Monocytes	strict_primary	96771	1256	95515	4	0	4	fit_complete_or_quasi_separation_risk	True	-9.19087178557521	160.323337701025	-0.0573270985832054	0.9542846342961	0.0001019659335188	3.45521413148995e-141	3.00909037839511e+132	1.00012284387341	1.72686855038892	1.74288842341158	1.02214510657339	False			False	False	depletion	1.74288842341158
SMAD_2	Monocytes	strict_primary	96771	1256	95515	9	0	9	fit_complete_or_quasi_separation_risk	True	-9.83140046225901	171.613071691611	-0.057288179538713	0.954315636251224	5.37374470085567e-05	4.46973026893712e-151	6.4605983745057e+141	1.00014268145427	1.72685782778679	1.7428816593853	1.02220035116008	False			False	False	depletion	1.7428816593853
ZNF146	Monocytes	strict_primary	96771	1256	95515	1	0	1	fit_complete_or_quasi_separation_risk	True	-6.8289414630271	119.468050986046	-0.057161236051509	0.954416756796007	0.001082002851648	2.19265550514106e-105	5.33932561786154e+98	1.00002768457879	1.72683767773596	1.74289084149622	1.02210474220467	False			False	False	depletion	1.74289084149622
AP1_2	Monocytes	strict_primary	96771	1256	95515	9	0	9	fit_complete_or_quasi_separation_risk	True	-9.82597873026068	172.104742599842	-0.0570930154615605	0.954471100203971	5.40295882847357e-05	1.7144199745436103e-151	1.70273121730005e+142	1.00012913959652	1.72684786842488	1.74291457264066	1.02213511266112	False			False	False	depletion	1.74291457264066
SRF	Naive_Tregs	strict_primary	77304	149	77155	1	1	0	fit_complete_or_quasi_separation_risk	True	18.5277072431413	324.743719159759	0.057053319741117	0.954502721264105	111296374.672511	4.15955336951345e-269	2.97793582984892e+284	1.00003100954639	2.07740798283121	2.08038646853825	1.00603657556624	False			False	False	enrichment	2.08038646853825
NFKB_3	Monocytes	strict_primary	96771	1256	95515	5	0	5	fit_complete_or_quasi_separation_risk	True	-8.13344702184975	143.359896330347	-0.0567344650076174	0.954756719114464	0.000293554565796	2.73704230849146e-126	3.14844541614734e+118	1.00017884820732	1.72689605939928	1.74304215357009	1.02217277660148	False			False	False	depletion	1.74304215357009
NFI_2	Monocytes	strict_primary	96771	1256	95515	1	0	1	fit_complete_or_quasi_separation_risk	True	-6.76871652587148	119.468046988654	-0.0566571288012628	0.954818325385867	0.0011491686329999	2.3287837620152203e-105	5.67072206793523e+98	1.00001729530563	1.7268424582838	1.74288244642356	1.02211064659769	False			False	False	depletion	1.74288244642356
ZNF410	Monocytes	strict_primary	96771	1256	95515	1	0	1	fit_complete_or_quasi_separation_risk	True	-6.69999644557244	119.468059041503	-0.0560819059029398	0.955276558247907	0.0012309162778684	2.4943859768584202e-105	6.074259946849741e+98	1.00004614734758	1.72683258874199	1.74291063826147	1.0221126542065	False			False	False	depletion	1.74291063826147
P53-like_2	Monocytes	strict_primary	96771	1256	95515	1	0	1	fit_complete_or_quasi_separation_risk	True	-6.60983378608758	119.468046577917	-0.0553272107096574	0.955877784350856	0.0013470560302584	2.72980365555852e-105	6.64721781348896e+98	1.00001185572315	1.72683580569742	1.74288134593297	1.02210723813014	False			False	False	depletion	1.74288134593297
NR2E3	Monocytes	strict_primary	96771	1256	95515	2	0	2	fit_complete_or_quasi_separation_risk	True	-7.58051241453827	137.404352673132	-0.0551693761301098	0.956003526073014	0.0005102996710383	5.58314701390777e-121	4.66413930375009e+113	1.00001927397495	1.72683541090399	1.74288540826433	1.02210538352477	False			False	False	depletion	1.74288540826433
ZNF257	Monocytes	strict_primary	96771	1256	95515	2	0	2	fit_complete_or_quasi_separation_risk	True	-7.51263795102103	139.145495023038	-0.0539912409652729	0.956942142761349	0.0005461385001975	1.9690932332572398e-122	1.5147442302903599e+115	1.00006629122865	1.72684885751823	1.74290537951047	1.02215767619692	False			False	False	depletion	1.74290537951047
DDIT3+CEBPA	Monocytes	strict_primary	96771	1256	95515	1	0	1	fit_complete_or_quasi_separation_risk	True	-6.43257876706327	119.468048245026	-0.0538435076286692	0.957059845699114	0.0016082980562088	3.2591989263236002e-105	7.93637545936137e+98	1.00001293282399	1.72683250037274	1.74288128097611	1.0221129746923	False			False	False	depletion	1.74288128097611
HD_17	Monocytes	strict_primary	96771	1256	95515	1	0	1	fit_complete_or_quasi_separation_risk	True	-6.41844168742787	119.468052154139	-0.0537251723092188	0.957154127158188	0.0016311961687661	3.3055763812114e-105	8.04943112529835e+98	1.00003773725361	1.72688383106422	1.74291982345888	1.02210723255122	False			False	False	depletion	1.74291982345888
HD_16	Monocytes	strict_primary	96771	1256	95515	2	0	2	fit_complete_or_quasi_separation_risk	True	-7.32755964478573	138.11071396685	-0.0530556930329426	0.957687533536867	0.0006571753732159	1.80081120435594e-121	2.3982495783949902e+114	1.00002721510024	1.72683427863299	1.74289227325898	1.02211041558673	False			False	False	depletion	1.74289227325898
NR_9	Monocytes	strict_primary	96771	1256	95515	1	0	1	fit_complete_or_quasi_separation_risk	True	-6.32537362417509	119.468057133402	-0.0529461495896929	0.957774813883289	0.0017902972272427	3.62795510914286e-105	8.83463015789699e+98	1.0000382272223	1.7268302406035	1.74288142074085	1.02214179420938	False			False	False	depletion	1.74288142074085
CPEB1	Monocytes	strict_primary	96771	1256	95515	4	0	4	fit_complete_or_quasi_separation_risk	True	-8.38022120272438	158.333103764959	-0.0529277895996062	0.957789442524462	0.0002293592049627	3.84288483679708e-139	1.36891026234814e+131	1.00003440726702	1.72683459178825	1.74289908238422	1.02210740876138	False			False	False	depletion	1.74289908238422
RFX_2	Monocytes	strict_primary	96771	1256	95515	4	0	4	fit_complete_or_quasi_separation_risk	True	-8.54022081970203	161.688067268764	-0.0528191162400759	0.957876030203185	0.0001954470968118	4.56423325683019e-142	8.369328538369919e+133	1.00008588688607	1.72683058923963	1.74292957663905	1.02213497641245	False			False	False	depletion	1.74292957663905
POU_1	Monocytes	strict_primary	96771	1256	95515	2	0	2	fit_complete_or_quasi_separation_risk	True	-7.00556916499758	133.641799828886	-0.0524204939919055	0.95819364472147	0.0009068176594974	1.5824259022044902e-117	5.1965672859045105e+110	1.00000198759487	1.72683033988467	1.7428829584347	1.02210413723945	False			False	False	depletion	1.7428829584347
STAT_2	Monocytes	strict_primary	96771	1256	95515	5	0	5	fit_complete_or_quasi_separation_risk	True	-7.52880435393442	143.907634490336	-0.0523169210625862	0.958276170722015	0.0005373803894755	1.71249909426376e-126	1.68629393125079e+119	1.00004413208882	1.72688004797365	1.74295279618199	1.02210312118081	False			False	False	depletion	1.74295279618199
HD_10	Monocytes	strict_primary	96771	1256	95515	1	0	1	fit_complete_or_quasi_separation_risk	True	-6.24246113304607	119.468052319348	-0.0522521378046699	0.958327789680405	0.00194506256945	3.94161715845009e-105	9.59826448635459e+98	1.0000196772266	1.72683631648279	1.74288308152496	1.02211359488163	False			False	False	depletion	1.74288308152496
NFAT_2	Monocytes	strict_primary	96771	1256	95515	4	0	4	fit_complete_or_quasi_separation_risk	True	-8.01023383870468	154.505314632111	-0.0518443903226091	0.958652684726742	0.0003320470644495	1.00837188642464e-135	1.09339872019326e+128	1.00006916863048	1.72687357280342	1.74300031099455	1.02210308177686	False			False	False	depletion	1.74300031099455
BATF	Monocytes	strict_primary	96771	1256	95515	1	0	1	fit_complete_or_quasi_separation_risk	True	-6.18870448730465	119.468051372984	-0.0518021715109698	0.958686325260987	0.002052484050768	4.1593116258350905e-105	1.01283365076339e+99	1.00002315346046	1.72683458653549	1.74291339532056	1.02210397123669	False			False	False	depletion	1.74291339532056
PRDM4	Monocytes	strict_primary	96771	1256	95515	4	0	4	fit_complete_or_quasi_separation_risk	True	-8.21523595635896	159.449963773905	-0.0515223444516293	0.958909297197161	0.0002705006771485	5.07713977167324e-140	1.44117789992851e+132	1.00003472554369	1.72683335405532	1.74288400353833	1.0221362771417	False			False	False	depletion	1.74288400353833
GMEB2_3	Monocytes	strict_primary	96771	1256	95515	1	0	1	fit_complete_or_quasi_separation_risk	True	-6.13677151429521	119.468055353945	-0.0513674680324707	0.959032707285382	0.0021618920010034	4.38099013187684e-105	1.06683121470545e+99	1.00004482963849	1.72684741010886	1.74293209601118	1.02211433097396	False			False	False	depletion	1.74293209601118
NR_8	Monocytes	strict_primary	96771	1256	95515	2	0	2	fit_complete_or_quasi_separation_risk	True	-7.15319891462444	139.261440550307	-0.0513652514749076	0.959034473510807	0.0007823573796229	2.2473661983582598e-122	2.72355733523823e+115	1.00009323542055	1.7268646128119	1.74297791865934	1.02213165412099	False			False	False	depletion	1.74297791865934
NFKB_2	Monocytes	strict_primary	96771	1256	95515	2	0	2	fit_complete_or_quasi_separation_risk	True	-7.10735201430008	139.224260235457	-0.0510496662167933	0.959285944194902	0.0008190609848557	2.5306578013452497e-122	2.65093485399816e+115	1.00033590867549	1.7270238244136	1.74331171573657	1.02216580118139	False			False	False	depletion	1.74331171573657
HD_15	Monocytes	strict_primary	96771	1256	95515	2	0	2	fit_complete_or_quasi_separation_risk	True	-7.05277296859347	139.068358669215	-0.050714433075097	0.959553075518544	0.0008650069913379	3.62779630355525e-122	2.06251132217719e+115	1.00001933950542	1.72683026229077	1.74289769079004	1.02210774650909	False			False	False	depletion	1.74289769079004
FOX_8	Monocytes	strict_primary	96771	1256	95515	2	0	2	fit_complete_or_quasi_separation_risk	True	-6.92303809285155	137.687315119799	-0.0502808707311051	0.959898567430908	0.0009848333756763	6.18805316697303e-121	1.56736981999873e+114	1.00000762448985	1.72683173459193	1.74288448817205	1.02210826286171	False			False	False	depletion	1.74288448817205
ZNF384_1	Monocytes	strict_primary	96771	1256	95515	2	0	2	fit_complete_or_quasi_separation_risk	True	-6.99687457401984	139.191589509692	-0.0502679407474734	0.959908871035725	0.0009147364435467	3.01316593683503e-122	2.7769554637651597e+115	1.00000323710598	1.72683060959076	1.74288210566556	1.02210400209413	False			False	False	depletion	1.74288210566556
STAT_1	Monocytes	strict_primary	96771	1256	95515	1	0	1	fit_complete_or_quasi_separation_risk	True	-5.96635060913769	119.468065847015	-0.0499409659546838	0.960169431904818	0.0025635798737591	5.19488815564395e-105	1.26507858730377e+99	1.00009303577196	1.72687923880475	1.74295944259037	1.02214271434745	False			False	False	depletion	1.74295944259037
FOX_3	Monocytes	strict_primary	96771	1256	95515	1	0	1	fit_complete_or_quasi_separation_risk	True	-5.96148571689074	119.468048259788	-0.0499002520232628	0.960201876469891	0.0025760817992144	5.2204022499344e-105	1.27120423264847e+99	1.00000301469897	1.7268304488402	1.74288132403667	1.02210590878995	False			False	False	depletion	1.74288132403667
FOX_9	Monocytes	strict_primary	96771	1256	95515	2	0	2	fit_complete_or_quasi_separation_risk	True	-6.8254879728755	137.846539498958	-0.0495151202031235	0.960508787800294	0.0010857459975787	4.99326927939178e-121	2.36086680949405e+114	1.00001004711766	1.72683613083703	1.74289485923043	1.0221045922759	False			False	False	depletion	1.74289485923043
RUNX_1	Monocytes	strict_primary	96771	1256	95515	4	0	4	fit_complete_or_quasi_separation_risk	True	-7.94022629819974	161.805152396379	-0.0490727654873951	0.960861307242992	0.0003561258785423	6.61115391711071e-142	1.91835862479849e+134	1.0001368479679	1.7268826516575	1.74295573642247	1.02218572566127	False			False	False	depletion	1.74295573642247
NR_2	Monocytes	strict_primary	96771	1256	95515	2	0	2	fit_complete_or_quasi_separation_risk	True	-6.53629310280013	133.527196362742	-0.0489510248162744	0.960958325647683	0.001449853006088	3.1672316395961102e-117	6.63694348396534e+110	1.00009348405195	1.72693815469228	1.74301893298219	1.02210688526937	False			False	False	depletion	1.74301893298219
FEZF1	Monocytes	strict_primary	96771	1256	95515	1	0	1	fit_complete_or_quasi_separation_risk	True	-5.84399740762058	119.468058768493	-0.0489168190046946	0.960985585280099	0.0028972380057841	5.8711009434745404e-105	1.4297127818062101e+99	1.00004920598528	1.72685642859833	1.7429651203189	1.02210308214708	False			False	False	depletion	1.7429651203189
ZNF317	Monocytes	strict_primary	96771	1256	95515	1	0	1	fit_complete_or_quasi_separation_risk	True	-5.83107968797278	119.468060267659	-0.0488086914185156	0.961071755681358	0.0029349064857252	5.9474166677568105e-105	1.4483054679269701e+99	1.00005227028753	1.7268560148771	1.74297070751909	1.02210359590091	False			False	False	depletion	1.74297070751909
ZNF57	Monocytes	strict_primary	96771	1256	95515	1	0	1	fit_complete_or_quasi_separation_risk	True	-5.8133630026064	119.468063476918	-0.0486603936936633	0.961189939716117	0.002987366638342	6.05368602596229e-105	1.4742025591689999e+99	1.00008251436885	1.72688348176739	1.74296501906548	1.02212975189173	False			False	False	depletion	1.74296501906548
HOMEZ	Monocytes	strict_primary	96771	1256	95515	2	0	2	fit_complete_or_quasi_separation_risk	True	-6.73668090030928	138.641170222535	-0.0485907677315196	0.961245427558505	0.001186579001911	1.14960880599128e-121	1.22473811999206e+115	1.00003050336504	1.72685127928922	1.74293160823937	1.02210363548757	False			False	False	depletion	1.74293160823937
TCF_LEF	Monocytes	strict_primary	96771	1256	95515	1	0	1	fit_complete_or_quasi_separation_risk	True	-5.78240145069454	119.468054507286	-0.0484012355817003	0.961396474608998	0.0030813069096068	6.24415907883538e-105	1.52053337388096e+99	1.00001569716261	1.72683223920113	1.74289479853022	1.02211230843115	False			False	False	depletion	1.74289479853022
HD_4	Monocytes	strict_primary	96771	1256	95515	1	0	1	fit_complete_or_quasi_separation_risk	True	-5.76517729682578	119.468094595253	-0.0482570456686168	0.961511387234932	0.0031348395174118	6.3521418856202104e-105	1.54707167706269e+99	1.00013821003527	1.72685032225005	1.74303580727179	1.02215856014335	False			False	False	depletion	1.74303580727179
KAISO	Monocytes	strict_primary	96771	1256	95515	1	0	1	fit_complete_or_quasi_separation_risk	True	-5.67829876948558	119.4680822277	-0.0475298394650968	0.962090948749334	0.0034193706357197	6.92885675099784e-105	1.68744945444847e+99	1.00017086251991	1.72694514405411	1.74301845976386	1.02217574306775	False			False	False	depletion	1.74301845976386
GMEB2_2	Monocytes	strict_primary	96771	1256	95515	2	0	2	fit_complete_or_quasi_separation_risk	True	-6.48621093087966	138.18670614818	-0.0469380240087955	0.962562622701561	0.0015243138099413	3.5989468858811203e-121	6.45614582502768e+114	1.00012502900881	1.72694432217974	1.7430789838104	1.02210747288927	False			False	False	depletion	1.7430789838104
HSFY2	Monocytes	strict_primary	96771	1256	95515	1	0	1	fit_complete_or_quasi_separation_risk	True	-5.57809990438807	119.468052779511	-0.0466911427332207	0.962759389723198	0.0037797405684616	7.65953603554686e-105	1.8651833085677201e+99	1.00001612294393	1.72683928491267	1.74288550749164	1.02211415854168	False			False	False	depletion	1.74288550749164
ZNF282	Monocytes	strict_primary	96771	1256	95515	1	0	1	fit_complete_or_quasi_separation_risk	True	-5.53280321295563	119.468058631796	-0.046311987290326	0.963061585085771	0.0039548871449214	8.014373628489471e-105	1.95163503152184e+99	1.00005578239523	1.72688002410422	1.74295974557795	1.02210915181943	False			False	False	depletion	1.74295974557795
OVOL1	Monocytes	strict_primary	96771	1256	95515	1	0	1	fit_complete_or_quasi_separation_risk	True	-5.53056329240067	119.468077616132	-0.0462932308174503	0.963076534551985	0.0039637557066587	8.03204643638509e-105	1.95608422168697e+99	1.00008414716597	1.72684188379827	1.74296016035038	1.0221483662695	False			False	False	depletion	1.74296016035038
HD_5	Monocytes	strict_primary	96771	1256	95515	1	0	1	fit_complete_or_quasi_separation_risk	True	-5.50523997203111	119.468057406854	-0.0460812713584415	0.963245473439924	0.0040654128784282	8.23836807296618e-105	2.00617182015994e+99	1.00004694417287	1.72687302605005	1.74295522297696	1.02210484044287	False			False	False	depletion	1.74295522297696
HD_8	Monocytes	strict_primary	96771	1256	95515	2	0	2	fit_complete_or_quasi_separation_risk	True	-6.16635753074908	138.835023547234	-0.0444149997111584	0.9645736054072	0.0020988671530253	1.39067962840869e-121	3.1676909879594e+115	1.00002216764603	1.72683161542859	1.74288137820363	1.02212352106384	False			False	False	depletion	1.74288137820363
ZNF24	Monocytes	strict_primary	96771	1256	95515	1	0	1	fit_complete_or_quasi_separation_risk	True	-5.1103949714693	119.468056816853	-0.0427762458654839	0.965879899706262	0.0060336993138183	1.22270221395935e-104	2.97746474930172e+99	1.00001702407601	1.72683024154315	1.74288180022148	1.02211860018707	False			False	False	depletion	1.74288180022148
HAND1	Monocytes	strict_primary	96771	1256	95515	2	0	2	fit_complete_or_quasi_separation_risk	True	-5.94479651388499	139.167065450089	-0.0427169782926624	0.965927145202635	0.0026194353128513	9.05336533865703e-122	7.57888486938139e+115	1.00005822009884	1.7269177605514	1.74295863169088	1.02210309506167	False			False	False	depletion	1.74295863169088
CUX_2	Monocytes	strict_primary	96771	1256	95515	1	0	1	fit_complete_or_quasi_separation_risk	True	-4.94801722004992	119.468075197057	-0.0414170665417386	0.966963407337894	0.0070974677033768	1.4382183133120102e-104	3.5025313844372e+99	1.00009925438873	1.72691052290329	1.74303768389595	1.02211729724456	False			False	False	depletion	1.74303768389595
HD_7	Monocytes	strict_primary	96771	1256	95515	1	0	1	fit_complete_or_quasi_separation_risk	True	-4.92519162256749	119.468057996769	-0.0412260122509123	0.967115716519416	0.0072613347108904	1.47147364045493e-104	3.58327735774324e+99	1.00002067680725	1.72683851019536	1.7428886629667	1.02211886747976	False			False	False	depletion	1.7428886629667
GRHL	Monocytes	strict_primary	96771	1256	95515	1	0	1	fit_complete_or_quasi_separation_risk	True	-4.8730639128135	119.468066517155	-0.0407896775672163	0.967463568619542	0.0076498907460061	1.55018671496397e-104	3.77508256656617e+99	1.00006342895479	1.72688699001993	1.74297350828501	1.02211536406945	False			False	False	depletion	1.74297350828501
ZNF53	Naive_Tregs	strict_primary	77304	149	77155	8	0	8	fit_complete_or_quasi_separation_risk	True	-10.1028530912183	268.046701023621	-0.0376906451474215	0.969934334789474	4.09625185445901e-05	2.7953003765938e-233	6.00267484512854e+223	1.00039405792507	2.07737436782542	2.08071220568709	1.00612020340473	False			False	False	depletion	2.08071220568709
HD_23	Monocytes	strict_primary	96771	1256	95515	1	0	1	fit_complete_or_quasi_separation_risk	True	-4.47465779656109	119.468061387372	-0.0374548456264987	0.970122342832851	0.0113941205646861	2.30894695179229e-104	5.62273565193133e+99	1.00002253166466	1.72684147360514	1.74288473712607	1.02210314970565	False			False	False	depletion	1.74288473712607
NR_3	Naive_Tregs	strict_primary	77304	149	77155	25	0	25	fit_complete_or_quasi_separation_risk	True	-9.99752328688147	275.319102609192	-0.0363124940918926	0.971033187666091	4.55125117231684e-05	2.0034542677980502e-239	1.03390866297547e+230	1.00077455075973	2.07747470250747	2.08122356093513	1.00624123337008	False			False	False	depletion	2.08122356093513
ZNF320	Naive_Tregs	strict_primary	77304	149	77155	11	0	11	fit_complete_or_quasi_separation_risk	True	-9.1945345578684	258.973774260932	-0.0355037284532308	0.971678073375491	0.0001015931386707	3.66384746189375e-225	2.81702934751599e+216	1.00068244889638	2.07739760690867	2.08077378254029	1.00639840095482	False			False	False	depletion	2.08077378254029
IRF_2	Naive_Tregs	strict_primary	77304	149	77155	27	0	27	fit_complete_or_quasi_separation_risk	True	-9.66850912724984	274.116085014698	-0.0352715862213318	0.971863180138194	6.32440739491357e-05	2.9423729349198796e-238	1.35938338822179e+229	1.00029201730094	2.07737896846764	2.0805604514754	1.00606372524197	False			False	False	depletion	2.0805604514754
NR_17	Naive_Tregs	strict_primary	77304	149	77155	9	0	9	fit_complete_or_quasi_separation_risk	True	-9.98786735344695	284.896835851546	-0.0350578388264426	0.972033620471986	4.59541060785814e-05	1.4231209999104401e-247	1.48390745805472e+238	1.00074559554441	2.07782416794026	2.08040169698361	1.0063934549072	False			False	False	depletion	2.08040169698361
ZNF134	Naive_Tregs	strict_primary	77304	149	77155	3	0	3	fit_complete_or_quasi_separation_risk	True	-9.39050196453071	272.295824002764	-0.0344863972810519	0.972489289294342	8.35135248868853e-05	1.37680409010812e-236	5.06572350354136e+227	1.00016880391999	2.077388296931	2.08041387505115	1.00610294653269	False			False	False	depletion	2.08041387505115
NR_1	Naive_Tregs	strict_primary	77304	149	77155	10	0	10	fit_complete_or_quasi_separation_risk	True	-9.12172084827684	266.009891528092	-0.0342909084917	0.972645174580304	0.000109266484415	4.03920640506842e-231	2.95581939101649e+222	1.00023057633965	2.07737868988752	2.08044963877318	1.00613366168767	False			False	False	depletion	2.08044963877318
EWSR1_FLI1	Naive_Tregs	strict_primary	77304	149	77155	9	0	9	fit_complete_or_quasi_separation_risk	True	-9.36192352189641	275.700832538671	-0.0339568199185008	0.972911583540027	8.59346424715461e-05	1.7901186953128601e-239	4.12529224796556e+230	1.00044401835611	2.07738761765966	2.08080258558977	1.00613355410795	False			False	False	depletion	2.08080258558977
NRF1	Naive_Tregs	strict_primary	77304	149	77155	4	0	4	fit_complete_or_quasi_separation_risk	True	-8.58103935335085	253.74519756056	-0.0338175438819995	0.973022645952075	0.000187629862301	1.9099821312384e-220	1.84320914061562e+212	1.00030190241716	2.07737657703021	2.08050939608917	1.00622056697333	False			False	False	depletion	2.08050939608917
REST_NRSF	Naive_Tregs	strict_primary	77304	149	77155	4	0	4	fit_complete_or_quasi_separation_risk	True	-8.52345416141847	252.747014300695	-0.0337232634973011	0.973097827932884	0.0001987517178059	1.43122851222586e-219	2.7600236435600497e+211	1.00022615340464	2.07737046851652	2.08045552756762	1.00615948848915	False			False	False	depletion	2.08045552756762
KLF_SP_1	Naive_Tregs	strict_primary	77304	149	77155	22	0	22	fit_complete_or_quasi_separation_risk	True	-10.0541624997985	299.58610070954	-0.033560176777181	0.973227878694498	4.30063619968986e-05	4.1753754731840705e-260	4.42965473186006e+250	1.00159690333402	2.07774795427555	2.08184762173741	1.00676674590838	False			False	False	depletion	2.08184762173741
SPI	Naive_Tregs	strict_primary	77304	149	77155	10	0	10	fit_complete_or_quasi_separation_risk	True	-8.86815930438594	264.286290424653	-0.0335551242182736	0.973231907783993	0.0001408015220357	1.52607298432638e-229	1.29909046364045e+221	1.00023635204858	2.07740805710295	2.08069031914489	1.00606483850688	False			False	False	depletion	2.08069031914489
SMARCA5	Naive_Tregs	strict_primary	77304	149	77155	4	0	4	fit_complete_or_quasi_separation_risk	True	-8.55409125322284	255.584537681455	-0.0334687353578648	0.973300797427816	0.000192754875152	5.3340219230148195e-222	6.965558528094171e+213	1.00016432985253	2.07741603987201	2.08039729134087	1.00608570184488	False			False	False	depletion	2.08039729134087
INSM1	Naive_Tregs	strict_primary	77304	149	77155	9	0	9	fit_complete_or_quasi_separation_risk	True	-9.38260190178139	283.868174789616	-0.0330526728074929	0.973632583736572	8.41758999311622e-05	1.95757876790616e-246	3.6195642522213704e+237	1.00048084011475	2.07737030578141	2.08068057136064	1.00619111702846	False			False	False	depletion	2.08068057136064
TBX_4	Naive_Tregs	strict_primary	77304	149	77155	19	0	19	fit_complete_or_quasi_separation_risk	True	-10.2473046623273	310.608019684898	-0.0329911142433569	0.973681673592271	3.5452929803317e-05	1.42813124887451e-269	8.801083462247691e+259	1.00039955278497	2.07741399653769	2.08052283767975	1.00610862604169	False			False	False	depletion	2.08052283767975
HIC_1	Naive_Tregs	strict_primary	77304	149	77155	10	0	10	fit_complete_or_quasi_separation_risk	True	-9.0024168124825	274.824963652967	-0.03275691077267	0.973868439978639	0.0001231119058587	1.4274741592543999e-238	1.06177343147834e+230	1.00020852464656	2.07747644582574	2.08038563372834	1.00609269186917	False			False	False	depletion	2.08038563372834
PLAG1	Naive_Tregs	strict_primary	77304	149	77155	7	0	7	fit_complete_or_quasi_separation_risk	True	-9.79795921053167	309.656589421861	-0.0316413715878767	0.974758050138402	5.55648800239033e-05	1.4447415465166e-268	2.1370299065013102e+259	1.00041711907189	2.07738278137363	2.08047180979332	1.00626739759974	False			False	False	depletion	2.08047180979332
MIES	Naive_Tregs	strict_primary	77304	149	77155	10	0	10	fit_complete_or_quasi_separation_risk	True	-8.58743740525033	272.38049067073	-0.0315273586008454	0.97484897397758	0.0001864332288476	2.60356803839599e-236	1.33498907291756e+228	1.00006411670278	2.07737982565678	2.08039931517006	1.00604522549697	False			False	False	depletion	2.08039931517006
ETS_2	Naive_Tregs	strict_primary	77304	149	77155	22	0	22	fit_complete_or_quasi_separation_risk	True	-9.50508920899574	302.458056528967	-0.0314261399351596	0.97492969478974	7.44718609724005e-05	2.59714913957213e-262	2.13544073853463e+253	1.00120089424866	2.07824191646769	2.08231119288739	1.00625546619666	False			False	False	depletion	2.08231119288739
AP1_2	Naive_Tregs	strict_primary	77304	149	77155	4	0	4	fit_complete_or_quasi_separation_risk	True	-8.10008602234546	260.608384426289	-0.0310814482817859	0.975204584647895	0.0003035130280533	4.44469619382066e-226	2.07258616069565e+218	1.00009017405248	2.07748624170376	2.08039066150736	1.00603568796752	False			False	False	depletion	2.08039066150736
TFAP2_2	Naive_Tregs	strict_primary	77304	149	77155	4	0	4	fit_complete_or_quasi_separation_risk	True	-8.0899225913676	261.884379517677	-0.0308911994150515	0.975356308424693	0.0003066134907455	3.6821972898754396e-227	2.55314491066676e+219	1.00024850467693	2.07739020817008	2.08055154301548	1.00615734590298	False			False	False	depletion	2.08055154301548
ZFN121	Naive_Tregs	strict_primary	77304	149	77155	21	0	21	fit_complete_or_quasi_separation_risk	True	-9.67072673861439	313.171184888009	-0.0308800017539055	0.975365238605282	6.31039785679742e-05	1.672485899636e-271	2.38095407080821e+262	1.00030459606829	2.0773706021594	2.08053277520615	1.00614975515573	False			False	False	depletion	2.08053277520615
Ebox_CACCTG	Naive_Tregs	strict_primary	77304	149	77155	6	0	6	fit_complete_or_quasi_separation_risk	True	-9.75648857581537	318.226743576212	-0.030658920951057	0.975541552081197	5.7917638885545e-05	7.63375363068883e-276	4.39423782369751e+266	1.00016323940729	2.07743905701665	2.08038420814075	1.00612558716745	False			False	False	depletion	2.08038420814075
HD_18	Naive_Tregs	strict_primary	77304	149	77155	4	0	4	fit_complete_or_quasi_separation_risk	True	-7.98670837640282	261.186473665262	-0.0305785681177296	0.975605634320476	0.0003399512352408	1.60325230433784e-226	7.20827545540255e+218	1.00015258493566	2.07742486153581	2.08041120560677	1.00605068009684	False			False	False	depletion	2.08041120560677
NR_11	Naive_Tregs	strict_primary	77304	149	77155	3	0	3	fit_complete_or_quasi_separation_risk	True	-8.98182617592867	294.999445988056	-0.0304469255725054	0.975710620990652	0.0001256731365623	9.78688764112224e-256	1.61376505305499e+247	1.00021804802899	2.07760368876074	2.0804167705408	1.00609827528227	False			False	False	depletion	2.0804167705408
Ebox_CACGTG_1	Naive_Tregs	strict_primary	77304	149	77155	4	0	4	fit_complete_or_quasi_separation_risk	True	-8.07025808262774	265.745455165995	-0.0303683766767968	0.97577326497399	0.0003127025675504	1.9410346985310998e-230	5.03766861183009e+222	1.00025449145104	2.07738533901801	2.0805779406069	1.00613553773477	False			False	False	depletion	2.0805779406069
RFX_3	Naive_Tregs	strict_primary	77304	149	77155	3	0	3	fit_complete_or_quasi_separation_risk	True	-9.12461116764603	300.665925017128	-0.0303480055717196	0.975789511276036	0.0001089511253424	1.2741763593938701e-260	9.31609476653587e+251	1.00028155026558	2.07745882916654	2.08042481642058	1.00607735530427	False			False	False	depletion	2.08042481642058
SOX_1	Naive_Tregs	strict_primary	77304	149	77155	9	0	9	fit_complete_or_quasi_separation_risk	True	-8.76022760975511	288.997684148277	-0.0303124491657188	0.97581786813736	0.0001568489041826	1.5692294585227798e-250	1.56774897448475e+242	1.0001013438033	2.07748852453892	2.08038550203917	1.00603185016899	False			False	False	depletion	2.08038550203917
MAF	Naive_Tregs	strict_primary	77304	149	77155	4	0	4	fit_complete_or_quasi_separation_risk	True	-7.87899285947237	263.030347237812	-0.0299546913206513	0.97610318802771	0.0003786141825143	4.81110966482476e-228	2.97953505922091e+220	1.0000922938587	2.077395483816	2.08041146729839	1.00603123434164	False			False	False	depletion	2.08041146729839
EGR	Naive_Tregs	strict_primary	77304	149	77155	9	0	9	fit_complete_or_quasi_separation_risk	True	-8.67949489055245	290.491841233867	-0.0298786184620064	0.976163858230923	0.0001700369331728	9.09695484923008e-252	3.17826779642298e+243	1.00075107334247	2.07775487856621	2.08130903766635	1.00629584760934	False			False	False	depletion	2.08130903766635
GLI	Naive_Tregs	strict_primary	77304	149	77155	8	0	8	fit_complete_or_quasi_separation_risk	True	-9.18378179863455	308.045640265162	-0.0298130555937402	0.976216146537547	0.0001026914395307	6.27757092993108e-267	1.6798745678244e+258	1.0003215423607	2.07739256738131	2.08046182853955	1.0061659925073	False			False	False	depletion	2.08046182853955
Ebox_CAGCTG	Naive_Tregs	strict_primary	77304	149	77155	9	0	9	fit_complete_or_quasi_separation_risk	True	-8.63743756974974	290.562853289568	-0.0297265719687226	0.97628511991637	0.0001773407438121	8.25495327537805e-252	3.80980223227112e+243	1.00030293386375	2.07742617118878	2.0805943774295	1.00620531452988	False			False	False	depletion	2.0805943774295
FOX_5	Naive_Tregs	strict_primary	77304	149	77155	20	0	20	fit_complete_or_quasi_separation_risk	True	-9.42223050199776	318.815172287699	-0.02955389617874	0.976422834755525	8.09053583383221e-05	3.365301239442e-276	1.9450493558007398e+267	1.0002192281247	2.07739907419014	2.08046025408578	1.00609012446486	False			False	False	depletion	2.08046025408578
FOX_4	Naive_Tregs	strict_primary	77304	149	77155	4	0	4	fit_complete_or_quasi_separation_risk	True	-7.85085987329896	266.259707257683	-0.0294857226208132	0.976477205689742	0.0003894169749885	8.822192159226439e-231	1.7189104212680103e+223	1.00017905012486	2.07750626824695	2.08038367251717	1.00606966389783	False			False	False	depletion	2.08038367251717
PAX_2	Naive_Tregs	strict_primary	77304	149	77155	18	0	18	fit_complete_or_quasi_separation_risk	True	-9.88860674506494	336.49272043885	-0.029387282827897	0.976555715258704	5.07496038966505e-05	1.8925464609295e-291	1.3608766541994599e+282	1.00051031959639	2.07737341682192	2.08069658574308	1.00623415241582	False			False	False	depletion	2.08069658574308
ETS_1	Naive_Tregs	strict_primary	77304	149	77155	9	0	9	fit_complete_or_quasi_separation_risk	True	-8.39591811746617	289.988533792635	-0.0289525865304382	0.976902405192328	0.0002257870820766	3.2394837816999298e-251	1.57370154839684e+243	1.00047145972126	2.07771249776	2.0810383287113	1.00616802244062	False			False	False	depletion	2.0810383287113
ZFX	Naive_Tregs	strict_primary	77304	149	77155	15	0	15	fit_complete_or_quasi_separation_risk	True	-10.4321085665724	361.296904528744	-0.0288740601865368	0.976965033966046	2.94708603786679e-05	1.66882653845592e-308	1.0268964852837501e+303	1.00123097754975	2.07740745518192	2.08093836366077	1.00679816033268	False			False	False	depletion	2.08093836366077
NFI_1	Naive_Tregs	strict_primary	77304	149	77155	4	0	4	fit_complete_or_quasi_separation_risk	True	-7.60403977510472	265.395735095343	-0.028651702983746	0.977142375971778	0.0004984338003346	6.1404057722014195e-230	4.04592566896314e+222	1.00016343832818	2.0774267384072	2.08060930039855	1.00606504802481	False			False	False	depletion	2.08060930039855
ZNF324	Naive_Tregs	strict_primary	77304	149	77155	7	0	7	fit_complete_or_quasi_separation_risk	True	-9.17375384891858	321.031607371765	-0.0285758586951069	0.977202866190488	0.0001037264047392	5.60103585514018e-278	1.9209245072501002e+269	1.00053243665764	2.07746429648833	2.08086863388451	1.00625857817328	False			False	False	depletion	2.08086863388451
RBPJ	Naive_Tregs	strict_primary	77304	149	77155	4	0	4	fit_complete_or_quasi_separation_risk	True	-7.55614906087354	265.667505543263	-0.0284421274834571	0.977309524906561	0.0005228849699243	3.7814648573505e-230	7.23023225355037e+222	1.00014980319488	2.07740379392308	2.08046495246519	1.00613285842749	False			False	False	depletion	2.08046495246519
NR_12	Naive_Tregs	strict_primary	77304	149	77155	14	0	14	fit_complete_or_quasi_separation_risk	True	-10.2735633216888	361.434012940134	-0.0284244508094772	0.977323623151787	3.45340998132548e-05	1.66882433236653e-308	1.5743128065732002e+303	1.00022625848811	2.07752088272765	2.0803834896135	1.00608149692318	False			False	False	depletion	2.0803834896135
NR_18	Naive_Tregs	strict_primary	77304	149	77155	13	0	13	fit_complete_or_quasi_separation_risk	True	-10.7751668240662	379.845567766005	-0.0283672306285906	0.97736925984799	2.091243031099e-05	0.0	inf	1.0007412566144	2.07749222110043	2.08049303118925	1.00631977881137	False			False	False	depletion	2.08049303118925
NR_13	Naive_Tregs	strict_primary	77304	149	77155	7	0	7	fit_complete_or_quasi_separation_risk	True	-8.97333274016884	316.47861425422	-0.0283536780559864	0.977380068888618	0.0001267450790678	5.13920707462216e-274	3.12583533503536e+265	1.00009100443974	2.07738236430022	2.08041072886048	1.00604832091471	False			False	False	depletion	2.08041072886048
RUNX_1	Naive_Tregs	strict_primary	77304	149	77155	4	0	4	fit_complete_or_quasi_separation_risk	True	-7.39192084396547	261.249099588274	-0.0282945313710749	0.977427242189023	0.0006162111704739	2.57043457430433e-226	1.4772451725195502e+219	1.00000723737771	2.07737279888864	2.08038375977621	1.00603078239942	False			False	False	depletion	2.08038375977621
TBX_3	Naive_Tregs	strict_primary	77304	149	77155	8	0	8	fit_complete_or_quasi_separation_risk	True	-8.5244170782723	303.203300164709	-0.0281145260412455	0.977570808547812	0.0001985604285397	1.60706408294574e-262	2.45330875104954e+254	1.00021592292398	2.07747821543831	2.08068962309024	1.00608315652899	False			False	False	depletion	2.08068962309024
MECP2	Naive_Tregs	strict_primary	77304	149	77155	3	0	3	fit_complete_or_quasi_separation_risk	True	-8.64760181616515	307.705422238722	-0.0281035080670637	0.977579596147002	0.000175547338539	2.09050430756785e-266	1.4741355928608001e+258	1.00027650347587	2.0773965234364	2.08040159386226	1.00621110508979	False			False	False	depletion	2.08040159386226
NR_16	Naive_Tregs	strict_primary	77304	149	77155	17	0	17	fit_complete_or_quasi_separation_risk	True	-9.78880609881074	348.741467511746	-0.0280689479477546	0.977607160258689	5.60758062940495e-05	7.8351158535606e-302	4.01333702053552e+292	1.00041359589955	2.07737255693346	2.080672312232	1.00616215892514	False			False	False	depletion	2.080672312232
ZKSCAN1	Naive_Tregs	strict_primary	77304	149	77155	4	0	4	fit_complete_or_quasi_separation_risk	True	-7.40153721077282	264.516100096674	-0.0279814242235831	0.97767696666814	0.0006103138586306	4.2160256508246496e-229	8.83493215853117e+221	1.00004207773145	2.07737599369016	2.08041336534406	1.00605188227323	False			False	False	depletion	2.08041336534406
Ebox_CACGTG_2	Naive_Tregs	strict_primary	77304	149	77155	5	0	5	fit_complete_or_quasi_separation_risk	True	-10.0953825710643	361.999448017073	-0.0278878396814246	0.977751607201115	4.12696757484744e-05	1.66881286559239e-308	5.6987814153405e+303	1.00048300550687	2.07737025615279	2.08060367876529	1.00624889177067	False			False	False	depletion	2.08060367876529
HD_2	Naive_Tregs	strict_primary	77304	149	77155	4	0	4	fit_complete_or_quasi_separation_risk	True	-7.41759421095226	267.26189087166	-0.0277540287796371	0.977858331543092	0.0006005923072418	1.9083827625679997e-231	1.8901403145804297e+224	1.00010455781154	2.0773734196664	2.08051029880428	1.00603691851677	False			False	False	depletion	2.08051029880428
TFCP2	Naive_Tregs	strict_primary	77304	149	77155	2	0	2	fit_complete_or_quasi_separation_risk	True	-9.82186778503133	356.674568511661	-0.0275373369792419	0.978031160526926	5.4252158135722e-05	2.00364361466227e-308	2.19755129470465e+299	1.00043923915489	2.07813491095215	2.08077772184932	1.00609513195638	False			False	False	depletion	2.08077772184932
GLIS	Naive_Tregs	strict_primary	77304	149	77155	3	0	3	fit_complete_or_quasi_separation_risk	True	-8.4017223727016	305.395853315745	-0.0275109248586135	0.978052226369175	0.0002244803521888	2.47160979907643e-264	2.03881003132734e+256	1.0003032095938	2.07738853596742	2.08063563218851	1.0061402480544	False			False	False	depletion	2.08063563218851
MZF1	Naive_Tregs	strict_primary	77304	149	77155	13	0	13	fit_complete_or_quasi_separation_risk	True	-10.4712272167782	380.959235669818	-0.0274864768624581	0.978071725673977	2.8340258091389e-05	0.0	inf	1.00075579031161	2.07737683806443	2.08076365173614	1.00641897323009	False			False	False	depletion	2.08076365173614
REL-halfsite	Naive_Tregs	strict_primary	77304	149	77155	15	0	15	fit_complete_or_quasi_separation_risk	True	-9.91326615271594	360.752350625718	-0.0274794222006359	0.978077352354374	4.95134527435601e-05	1.66890868500564e-308	5.93367048000742e+302	1.0002479687541	2.07737299980077	2.08051054743853	1.00610256760796	False			False	False	depletion	2.08051054743853
PRDM5	Naive_Tregs	strict_primary	77304	149	77155	5	0	5	fit_complete_or_quasi_separation_risk	True	-10.0686576393051	368.604157110985	-0.0273156377785329	0.978207984378914	4.23874750425616e-05	1.66880539389873e-308	inf	1.00045952434766	2.07737585421714	2.08061089602847	1.00617194744133	False			False	False	depletion	2.08061089602847
SPDEF_1	Naive_Tregs	strict_primary	77304	149	77155	2	0	2	fit_complete_or_quasi_separation_risk	True	-9.78039327691629	359.715080643975	-0.0271892778568168	0.978308767576877	5.65495520401491e-05	1.66970636526716e-308	8.87334460041983e+301	1.00029860389645	2.07757327185134	2.08039557734506	1.00616877863911	False			False	False	depletion	2.08039557734506
NFI_3	Naive_Tregs	strict_primary	77304	149	77155	7	0	7	fit_complete_or_quasi_separation_risk	True	-8.90940971947746	330.486254221367	-0.0269584880026803	0.978492843762036	0.0001351115641795	6.53301533350457e-286	2.79428928957517e+277	1.0002776712642	2.07737157056065	2.08047010714625	1.00621746397448	False			False	False	depletion	2.08047010714625
ZNF28	Naive_Tregs	strict_primary	77304	149	77155	8	0	8	fit_complete_or_quasi_separation_risk	True	-8.18133612238847	303.573788966922	-0.026950074149122	0.978499554607617	0.0002798278060433	1.0956325490911799e-262	7.14688524907098e+254	1.0001354284085	2.07750969118172	2.08065774891126	1.00603103085736	False			False	False	depletion	2.08065774891126
HD_6	Naive_Tregs	strict_primary	77304	149	77155	3	0	3	fit_complete_or_quasi_separation_risk	True	-8.24226381445367	306.094916984371	-0.0269271502305754	0.978517838612846	0.0002632875401511	7.36506989186857e-265	9.41203950764486e+256	1.0001576839838	2.07737178714474	2.08049065111968	1.0060502482971	False			False	False	depletion	2.08049065111968
EBF1	Naive_Tregs	strict_primary	77304	149	77155	6	0	6	fit_complete_or_quasi_separation_risk	True	-9.18213357837335	343.579741570424	-0.0267248980874248	0.978679154420239	0.000102860837206	3.55852297043872e-297	2.97324252748222e+288	1.00011085022302	2.07744888845483	2.0803831786163	1.00605279647913	False			False	False	depletion	2.0803831786163
ZIC_2	Naive_Tregs	strict_primary	77304	149	77155	13	0	13	fit_complete_or_quasi_separation_risk	True	-10.0456840967383	376.609457381048	-0.026674009109055	0.978719743480637	4.33725373657537e-05	0.0	inf	1.00040202096318	2.07741198933813	2.08075688870685	1.0061709553057	False			False	False	depletion	2.08075688870685
SMAD_2	Naive_Tregs	strict_primary	77304	149	77155	7	0	7	fit_complete_or_quasi_separation_risk	True	-8.74340640613351	328.030266963246	-0.0266542672634326	0.978735489595909	0.0001595096069114	9.50137719707815e-284	2.6778554486675397e+275	1.00015645556401	2.07737199744098	2.08045443605921	1.00611876483854	False			False	False	depletion	2.08045443605921
ZNF332	Naive_Tregs	strict_primary	77304	149	77155	12	0	12	fit_complete_or_quasi_separation_risk	True	-10.6595027833112	401.574441277893	-0.0265442759489137	0.978823218926868	2.34766843813171e-05	0.0	inf	1.00083334624607	2.07739534133514	2.08052670068142	1.00655050537945	False			False	False	depletion	2.08052670068142
ZNF143_2	Naive_Tregs	strict_primary	77304	149	77155	15	0	15	fit_complete_or_quasi_separation_risk	True	-9.69386006960556	369.339924271105	-0.0262464451649425	0.979060770742874	6.16609289704355e-05	1.6688053938867e-308	inf	1.0005096902374	2.07747315689352	2.0811112114264	1.00608213071951	False			False	False	depletion	2.0811112114264
ZNF436	Naive_Tregs	strict_primary	77304	149	77155	3	0	3	fit_complete_or_quasi_separation_risk	True	-8.02408737325351	307.003478841272	-0.0261367962458893	0.979148227919451	0.0003274787556446	1.54364073705775e-265	6.947363646479851e+257	1.00009602328829	2.07737530681136	2.08042360419788	1.00605250097495	False			False	False	depletion	2.08042360419788
HD_22	Naive_Tregs	strict_primary	77304	149	77155	6	0	6	fit_complete_or_quasi_separation_risk	True	-8.95040330765571	342.532931151106	-0.0261300520144946	0.979153607200336	0.0001296848466057	3.49117781613585e-296	4.8173310913684396e+287	1.00011532243204	2.07737157430437	2.08045083950444	1.00608179997099	False			False	False	depletion	2.08045083950444
ZNF449	Naive_Tregs	strict_primary	77304	149	77155	3	0	3	fit_complete_or_quasi_separation_risk	True	-8.01939469883119	306.930451780256	-0.0261277258490227	0.979155462578393	0.0003290191182084	1.78955941966121e-265	6.04917495095789e+257	1.00007690364685	2.07742975361071	2.08038655860975	1.0060595224282	False			False	False	depletion	2.08038655860975
TFAP2_1	Naive_Tregs	strict_primary	77304	149	77155	13	0	13	fit_complete_or_quasi_separation_risk	True	-10.09711306727	389.987265596277	-0.025890878903012	0.979344375190477	4.1198320488992e-05	0.0	inf	1.0010137794412	2.07762928746546	2.08149418631776	1.00638969495508	False			False	False	depletion	2.08149418631776
YY1	Naive_Tregs	strict_primary	77304	149	77155	3	0	3	fit_complete_or_quasi_separation_risk	True	-7.85332724719525	304.834233498458	-0.0257626158225925	0.979446680196517	0.0003884573221077	1.28589445902528e-263	1.17349514993278e+256	1.00043450096124	2.0776099585839	2.08094126488359	1.00617395626436	False			False	False	depletion	2.08094126488359
ZNF554	Naive_Tregs	strict_primary	77304	149	77155	6	0	6	fit_complete_or_quasi_separation_risk	True	-8.98841103713943	350.444328628147	-0.025648613211478	0.979537611072215	0.0001248483150481	6.19652114475836e-303	2.51546011160512e+294	1.00023040979731	2.0773710767028	2.08044783003435	1.00619146789483	False			False	False	depletion	2.08044783003435
ZNF354	Naive_Tregs	strict_primary	77304	149	77155	15	0	15	fit_complete_or_quasi_separation_risk	True	-9.24624936292678	366.415888729358	-0.0252343024615841	0.979868076253527	9.64728088474262e-05	1.66880539692019e-308	7.65431083861855e+307	1.00019452639155	2.07752200313718	2.08076786714899	1.00603266229875	False			False	False	depletion	2.08076786714899
HEN1	Naive_Tregs	strict_primary	77304	149	77155	6	0	6	fit_complete_or_quasi_separation_risk	True	-8.9812129655034	358.315098807329	-0.0250651256265724	0.980003017155711	0.0001257502242729	1.69995691051507e-308	1.26904887891561e+301	1.0005234202904	2.07746667813359	2.08076405549755	1.00632271042463	False			False	False	depletion	2.08076405549755
OSR2	Naive_Tregs	strict_primary	77304	149	77155	3	0	3	fit_complete_or_quasi_separation_risk	True	-7.73035032743013	308.435885541642	-0.0250630704460829	0.980004656437506	0.0004392901947368	1.24975651878337e-266	1.54410777052622e+259	1.00011727379902	2.07737782782353	2.08043548692384	1.0061087893427	False			False	False	depletion	2.08043548692384
ZNF140	Naive_Tregs	strict_primary	77304	149	77155	3	0	3	fit_complete_or_quasi_separation_risk	True	-7.61954689310536	304.758508291484	-0.0250019168810792	0.980053434637621	0.0004907641493618	1.88448827711968e-263	1.27806287374212e+256	1.00064181593563	2.07789012791534	2.08146756411177	1.00612810421735	False			False	False	depletion	2.08146756411177
ZNF528	Naive_Tregs	strict_primary	77304	149	77155	3	0	3	fit_complete_or_quasi_separation_risk	True	-7.6870149702406	307.732678695594	-0.024979521196202	0.980071298229713	0.0004587454989298	5.1787800803512195e-266	4.06364876521557e+258	1.0000862091217	2.07737160731891	2.08040872470734	1.00609240049917	False			False	False	depletion	2.08040872470734
SREBF1	Naive_Tregs	strict_primary	77304	149	77155	6	0	6	fit_complete_or_quasi_separation_risk	True	-8.8914851813004	356.860987145254	-0.024915822971933	0.980122106245831	0.000137555211771	2.35652636652112e-308	8.02937601470866e+299	1.00025056441492	2.07737354642518	2.08046430493798	1.00620434656433	False			False	False	depletion	2.08046430493798
SOX_2	Naive_Tregs	strict_primary	77304	149	77155	3	0	3	fit_complete_or_quasi_separation_risk	True	-7.62063486209451	307.646690217731	-0.0247707357316315	0.98023783339649	0.0004902305035341	6.55014408797015e-266	3.66901770965087e+258	1.0000584238416	2.0774796353178	2.08041332163737	1.00603149530282	False			False	False	depletion	2.08041332163737
NFAT_1	Naive_Tregs	strict_primary	77304	149	77155	3	0	3	fit_complete_or_quasi_separation_risk	True	-7.64827213234274	308.791787953488	-0.0247683793116116	0.980239712970966	0.0004768673813069	6.75338126919228e-267	3.36723916939025e+259	1.00003810980563	2.07741786441077	2.08038438917216	1.00602921263238	False			False	False	depletion	2.08038438917216
Ebox_CAGATGG	Naive_Tregs	strict_primary	77304	149	77155	12	0	12	fit_complete_or_quasi_separation_risk	True	-10.0625059132268	406.958554524464	-0.024726119653597	0.980273420976222	4.26490348755328e-05	0.0	inf	1.00047895020299	2.07737405048642	2.08057399141846	1.00632150756984	False			False	False	depletion	2.08057399141846
RFX_1	Naive_Tregs	strict_primary	77304	149	77155	5	0	5	fit_complete_or_quasi_separation_risk	True	-9.52465087950968	385.980311116247	-0.0246765200327566	0.980312983676373	7.30292231710646e-05	0.0	inf	1.00034614448243	2.07737410772773	2.08054986547198	1.00614359966981	False			False	False	depletion	2.08054986547198
SMAD_1	Naive_Tregs	strict_primary	77304	149	77155	4	0	4	fit_complete_or_quasi_separation_risk	True	-9.78198546725826	397.006317680636	-0.0246393697823398	0.980342616277717	5.64595860300604e-05	0.0	inf	1.00010219245958	2.07743096202095	2.08038355256529	1.00605693427355	False			False	False	depletion	2.08038355256529
ZNF335	Naive_Tregs	strict_primary	77304	149	77155	12	0	12	fit_complete_or_quasi_separation_risk	True	-9.89673902758768	405.824857256038	-0.0243867245947031	0.980544137416695	5.03385673776848e-05	0.0	inf	1.00084612371142	2.07769201673289	2.08127430072948	1.00639219184677	False			False	False	depletion	2.08127430072948
FOX_7	Naive_Tregs	strict_primary	77304	149	77155	5	0	5	fit_complete_or_quasi_separation_risk	True	-8.91176060853361	369.198823013933	-0.0241381067680091	0.980742447364009	0.0001347943049486	1.6688053938985703e-308	inf	1.00010293798815	2.07739007688897	2.08051208553515	1.00605096514284	False			False	False	depletion	2.08051208553515
E2F_2	Naive_Tregs	strict_primary	77304	149	77155	13	0	13	fit_complete_or_quasi_separation_risk	True	-9.55246171076391	395.896629018847	-0.0241286765548821	0.980749969394657	7.10262017148206e-05	0.0	inf	1.00135202251453	2.0784026476168	2.08247341659096	1.00632722402419	False			False	False	depletion	2.08247341659096
ZNF423	Naive_Tregs	strict_primary	77304	149	77155	1	0	1	fit_complete_or_quasi_separation_risk	True	-7.81952258789884	324.74375401338	-0.0240790546123226	0.980789550476596	0.0004018134676313	1.5016215900371598e-280	1.07519806481969e+273	1.00012519607776	2.07740294536612	2.08038489529021	1.00612529318678	False			False	False	depletion	2.08038489529021
P53-like_1	Naive_Tregs	strict_primary	77304	149	77155	6	0	6	fit_complete_or_quasi_separation_risk	True	-8.53601180894572	356.227380210156	-0.0239622563653302	0.98088271511305	0.0001962714694241	1.16409798849427e-307	3.30921366505729e+299	1.00029009165382	2.07751985203176	2.08079170315345	1.00610449653224	False			False	False	depletion	2.08079170315345
ZNF331	Naive_Tregs	strict_primary	77304	149	77155	2	0	2	fit_complete_or_quasi_separation_risk	True	-8.94085705299283	374.389056059233	-0.023881192327316	0.980947376353591	0.0001309287791792	1.6688053938804e-308	inf	1.00019959489523	2.07761562608884	2.0804428762411	1.00609095603249	False			False	False	depletion	2.0804428762411
ZNF667	Naive_Tregs	strict_primary	77304	149	77155	2	0	2	fit_complete_or_quasi_separation_risk	True	-8.7444250197837	367.178451310533	-0.0238151911926561	0.98100002266686	0.0001593472109719	1.66880539500676e-308	inf	1.00012789241248	2.07751911516987	2.08041151023576	1.00606833654307	False			False	False	depletion	2.08041151023576
SOX_8	Naive_Tregs	strict_primary	77304	149	77155	2	0	2	fit_complete_or_quasi_separation_risk	True	-8.58388493835082	360.542325821406	-0.0238082586248219	0.98100555248778	0.000187096704512	1.66939448524554e-308	1.48555805222778e+303	1.00010261086095	2.07737407109793	2.0804486331692	1.00603536966215	False			False	False	depletion	2.0804486331692
AHR	Naive_Tregs	strict_primary	77304	149	77155	5	0	5	fit_complete_or_quasi_separation_risk	True	-9.16993865986573	385.232696512937	-0.0238036354205406	0.981009240225986	0.0001041228964475	0.0	inf	1.00021246775223	2.0773705171992	2.08053346183939	1.00606745912319	False			False	False	depletion	2.08053346183939
NR_20	Naive_Tregs	strict_primary	77304	149	77155	2	0	2	fit_complete_or_quasi_separation_risk	True	-8.82980108837774	378.555119280508	-0.0233250077430201	0.981391023844014	0.0001463073388203	0.0	inf	1.00019721442353	2.0774356634483	2.08038339528862	1.00614251374112	False			False	False	depletion	2.08038339528862
TBX_2	Naive_Tregs	strict_primary	77304	149	77155	6	0	6	fit_complete_or_quasi_separation_risk	True	-8.36138529354885	358.939948031143	-0.0232946634650524	0.981415228498239	0.0002337203381297	1.68581853624135e-308	8.026911680477871e+301	1.00005154250706	2.07737445949808	2.08044193678978	1.0060379632647	False			False	False	depletion	2.08044193678978
ZNF563	Naive_Tregs	strict_primary	77304	149	77155	5	0	5	fit_complete_or_quasi_separation_risk	True	-9.06482405489822	390.901124604219	-0.0231895573697216	0.981499068380881	0.0001156636607357	0.0	inf	1.00047856133755	2.07746582746482	2.08079098914947	1.00626160166993	False			False	False	depletion	2.08079098914947
ZNF586	Naive_Tregs	strict_primary	77304	149	77155	1	0	1	fit_complete_or_quasi_separation_risk	True	-7.46353550458742	324.743729201914	-0.0229828471913213	0.981663955294524	0.0005736245300073	2.14380287852163e-280	1.5348664036362699e+273	1.00006641657222	2.07738070564744	2.08040894417378	1.00603299370503	False			False	False	depletion	2.08040894417378
P53-like_3	Naive_Tregs	strict_primary	77304	149	77155	1	0	1	fit_complete_or_quasi_separation_risk	True	-7.30923088016706	324.743740492879	-0.0225076882746793	0.982042979198315	0.0006693316503996	2.50143306119987e-280	1.79099279199504e+273	1.00007872488527	2.07742545889466	2.08038543457636	1.00603746312435	False			False	False	depletion	2.08038543457636
TEAD	Naive_Tregs	strict_primary	77304	149	77155	1	0	1	fit_complete_or_quasi_separation_risk	True	-7.27061938392976	324.743722166246	-0.0223887911841071	0.982137821451522	0.000695680966677	2.5999993851884003e-280	1.86143123784483e+273	1.00005360621917	2.07741180956057	2.08038446927258	1.00602982984561	False			False	False	depletion	2.08038446927258
ZNF431	Naive_Tregs	strict_primary	77304	149	77155	1	0	1	fit_complete_or_quasi_separation_risk	True	-7.25933985628639	324.743726707013	-0.0223540572435317	0.982165528192231	0.0007035723411935	2.6294687676501497e-280	1.8825629168241599e+273	1.00006158747392	2.07737679409355	2.08038440795555	1.00607512443369	False			False	False	depletion	2.08038440795555
PRDM9	Naive_Tregs	strict_primary	77304	149	77155	5	0	5	fit_complete_or_quasi_separation_risk	True	-8.6865067150732	389.500492767035	-0.0223016578319676	0.982207326453498	0.0001688488342736	0.0	inf	1.00035058996979	2.07754089915928	2.08079747236533	1.00616192784175	False			False	False	depletion	2.08079747236533
NFKB_2	Naive_Tregs	strict_primary	77304	149	77155	1	0	1	fit_complete_or_quasi_separation_risk	True	-7.23940991190446	324.74374846878	-0.0222926844505536	0.98221448439643	0.0007177351621497	2.68228522644815e-280	1.9205405819881799e+273	1.00008488997146	2.07737146513172	2.08047684344936	1.0060327683464	False			False	False	depletion	2.08047684344936
ZBTB7A	Naive_Tregs	strict_primary	77304	149	77155	1	0	1	fit_complete_or_quasi_separation_risk	True	-7.20061571854928	324.74371206856	-0.0221732259962252	0.982309774898577	0.0007461262631356	2.78858602253019e-280	1.99636803757462e+273	1.00004288122539	2.07741774367622	2.08039441342615	1.00604492539915	False			False	False	depletion	2.08039441342615
ZNF768	Naive_Tregs	strict_primary	77304	149	77155	1	0	1	fit_complete_or_quasi_separation_risk	True	-7.19179396408371	324.743726377733	-0.0221460597385596	0.982331445114912	0.0007527375244153	2.81321617156005e-280	2.0141139041895198e+273	1.00006003667928	2.07737014099132	2.08040635127905	1.00606031507284	False			False	False	depletion	2.08040635127905
ZNF547	Naive_Tregs	strict_primary	77304	149	77155	2	0	2	fit_complete_or_quasi_separation_risk	True	-8.36934131829213	377.915756575439	-0.0221460502047669	0.982331452719913	0.000231868230812	0.0	inf	1.00017910987156	2.0773704277335	2.08044578403825	1.00613998106586	False			False	False	depletion	2.08044578403825
TBX_1	Naive_Tregs	strict_primary	77304	149	77155	2	0	2	fit_complete_or_quasi_separation_risk	True	-8.27820810366192	374.38356950853	-0.0221115689305732	0.982358958060937	0.0002539919196986	1.6688053938804e-308	inf	1.00007606525882	2.07744891912577	2.08039078474767	1.00605065766126	False			False	False	depletion	2.08039078474767
HD_12	Naive_Tregs	strict_primary	77304	149	77155	4	0	4	fit_complete_or_quasi_separation_risk	True	-9.07303469515745	412.183261038271	-0.022012137689199	0.982438273408513	0.0001147178760884	0.0	inf	1.00015332951542	2.07738804808339	2.08044827769249	1.00614156432338	False			False	False	depletion	2.08044827769249
ZNF713	Naive_Tregs	strict_primary	77304	149	77155	1	0	1	fit_complete_or_quasi_separation_risk	True	-7.10439162972376	324.743710884584	-0.0218769182946508	0.982546136901039	0.0008214893129814	3.0702563963070696e-280	2.19800760664321e+273	1.00003277938483	2.07738312984343	2.08038390504571	1.00604146185532	False			False	False	depletion	2.08038390504571
HD_16	Naive_Tregs	strict_primary	77304	149	77155	1	0	1	fit_complete_or_quasi_separation_risk	True	-7.02791627555168	324.743731832086	-0.0216414224099191	0.98273399095507	0.0008867776570632	3.31413074944782e-280	2.37279296599138e+273	1.00005752714332	2.07738077932267	2.08038624122171	1.00608004040924	False			False	False	depletion	2.08038624122171
NFY	Naive_Tregs	strict_primary	77304	149	77155	1	0	1	fit_complete_or_quasi_separation_risk	True	-7.00102953888239	324.743713355524	-0.0215586299317141	0.982800034386716	0.0009109436307238	3.40456889648106e-280	2.4373667374276196e+273	1.00003341747785	2.07739368351856	2.08038813937738	1.0060483266812	False			False	False	depletion	2.08038813937738
HINFP1_2	Naive_Tregs	strict_primary	77304	149	77155	1	0	1	fit_complete_or_quasi_separation_risk	True	-7.00038979046573	324.743915819976	-0.0215566464818588	0.982801616583041	0.0009115265919236	3.40539602831851e-280	2.43989456989549e+273	1.00044939207531	2.0776950008132	2.08096837686935	1.00618037620328	False			False	False	depletion	2.08096837686935
ZNF524	Naive_Tregs	strict_primary	77304	149	77155	2	0	2	fit_complete_or_quasi_separation_risk	True	-8.11510109060456	378.037905034576	-0.0214663688019918	0.982873631085866	0.0002989898024706	0.0	inf	1.00012657511075	2.07737187390347	2.08044831035601	1.00609571482697	False			False	False	depletion	2.08044831035601
LEF1	Naive_Tregs	strict_primary	77304	149	77155	1	0	1	fit_complete_or_quasi_separation_risk	True	-6.93811006131882	324.743708522246	-0.021364879069993	0.982954589608983	0.0009701012976825	3.62569963851558e-280	2.59562738669245e+273	1.00002716602847	2.07740812431085	2.08039375650956	1.00603580719719	False			False	False	depletion	2.08039375650956
MYB_5	Naive_Tregs	strict_primary	77304	149	77155	1	0	1	fit_complete_or_quasi_separation_risk	True	-6.92228775022738	324.74392853394	-0.0213161421723206	0.982993467173406	0.0009855726154426	3.6819347510196096e-280	2.63816022280555e+273	1.00047786239738	2.07774580585404	2.08105563554568	1.00616644515822	False			False	False	depletion	2.08105563554568
ZNF382	Naive_Tregs	strict_primary	77304	149	77155	1	0	1	fit_complete_or_quasi_separation_risk	True	-6.90654741149295	324.743744006701	-0.0212676842555293	0.983032122234015	0.0010012085972549	3.7417011977167003e-280	2.67904517824359e+273	1.00008584107233	2.07739343261481	2.08048751947546	1.00605381402846	False			False	False	depletion	2.08048751947546
CREB_ATF_2	Naive_Tregs	strict_primary	77304	149	77155	1	0	1	fit_complete_or_quasi_separation_risk	True	-6.87816849053021	324.743716422273	-0.0211802973936109	0.983101831159702	0.0010300288262	3.8496158347788096e-280	2.75601366042273e+273	1.00002840649043	2.07737653940257	2.08039339987703	1.00602915782681	False			False	False	depletion	2.08039339987703
MFZ1	Naive_Tregs	strict_primary	77304	149	77155	2	0	2	fit_complete_or_quasi_separation_risk	True	-7.95995854350099	376.778646878247	-0.0211263525931001	0.983144863254445	0.0003491675924257	0.0	inf	1.00025867561471	2.07747082614058	2.08068207081142	1.00612528701438	False			False	False	depletion	2.08068207081142
ZBTB6	Naive_Tregs	strict_primary	77304	149	77155	1	0	1	fit_complete_or_quasi_separation_risk	True	-6.86043464027515	324.743736092144	-0.0211256873583808	0.983145393916524	0.0010484581314494	3.91834220496785e-280	2.8054324913450796e+273	1.00005823173058	2.07737110783504	2.08038314465503	1.0060855964639	False			False	False	depletion	2.08038314465503
BATF	Naive_Tregs	strict_primary	77304	149	77155	2	0	2	fit_complete_or_quasi_separation_risk	True	-7.9447777080521	376.712987913341	-0.021089736650863	0.983174072041727	0.0003545086867531	0.0	inf	1.00006938652196	2.07737037423273	2.08043737965751	1.00603549385152	False			False	False	depletion	2.08043737965751
GFI	Naive_Tregs	strict_primary	77304	149	77155	2	0	2	fit_complete_or_quasi_separation_risk	True	-7.92394646311299	376.934766790001	-0.0210220631293679	0.983228055731507	0.0003619709988169	0.0	inf	1.00004064633357	2.07739873190636	2.08038346325051	1.00603461210402	False			False	False	depletion	2.08038346325051
NFKB_3	Naive_Tregs	strict_primary	77304	149	77155	2	0	2	fit_complete_or_quasi_separation_risk	True	-7.88340882290182	375.589336897399	-0.0209894372615146	0.983254081665254	0.0003769459223295	1.6688053938804e-308	inf	1.000133299265	2.0773962860664	2.08049193897719	1.00609685533239	False			False	False	depletion	2.08049193897719
ZNF274	Naive_Tregs	strict_primary	77304	149	77155	1	0	1	fit_complete_or_quasi_separation_risk	True	-6.79020177723393	324.743706689556	-0.0209094176033568	0.983317914106162	0.0011247418039868	4.20367502887603e-280	3.0093765977282497e+273	1.00001601429626	2.07738486564347	2.0803833042025	1.0060317802499	False			False	False	depletion	2.0803833042025
ZNF24	Naive_Tregs	strict_primary	77304	149	77155	3	0	3	fit_complete_or_quasi_separation_risk	True	-6.41168755330902	306.667618772381	-0.0209076118925617	0.983319354540038	0.0016422507765917	1.49517641504159e-264	1.8037922388853502e+258	1.00019245768791	2.07754894628952	2.08066389795575	1.00609089068662	False			False	False	depletion	2.08066389795575
ZNF57	Naive_Tregs	strict_primary	77304	149	77155	1	0	1	fit_complete_or_quasi_separation_risk	True	-6.74221958431724	324.743803437833	-0.020761657383273	0.983435784116741	0.0011800250825676	4.4094577197869e-280	3.15789215812237e+273	1.00021300784331	2.07751203838465	2.08064363958334	1.00610876554921	False			False	False	depletion	2.08064363958334
POU_2	Naive_Tregs	strict_primary	77304	149	77155	3	0	3	fit_complete_or_quasi_separation_risk	True	-6.40614913025496	309.116192259016	-0.0207240813994211	0.983465758964829	0.001651371490024	1.23831152522251e-266	2.20221466288491e+260	1.00008974738656	2.07737128342742	2.08038485050403	1.00611858587767	False			False	False	depletion	2.08038485050403
ZNF136	Naive_Tregs	strict_primary	77304	149	77155	1	0	1	fit_complete_or_quasi_separation_risk	True	-6.68811946219216	324.743711565644	-0.020595069970555	0.983568673226841	0.0012456230129868	4.655418953724779e-280	3.3328400857265496e+273	1.00001820953551	2.07738487542907	2.08038342982178	1.00602976771022	False			False	False	depletion	2.08038342982178
SIX_1	Naive_Tregs	strict_primary	77304	149	77155	2	0	2	fit_complete_or_quasi_separation_risk	True	-7.72316782527203	376.2637793374	-0.0205259401765233	0.983623819164905	0.0004424567558112	0.0	inf	1.00002749933836	2.07740105776785	2.08038340104405	1.0060293000219	False			False	False	depletion	2.08038340104405
TCF_LEF	Naive_Tregs	strict_primary	77304	149	77155	2	0	2	fit_complete_or_quasi_separation_risk	True	-7.75215303117661	377.690567325515	-0.0205251433364376	0.983624454817394	0.0004298161361034	0.0	inf	1.00006699689529	2.07747322455721	2.08046149137808	1.00604416818172	False			False	False	depletion	2.08046149137808
MEF2	Naive_Tregs	strict_primary	77304	149	77155	1	0	1	fit_complete_or_quasi_separation_risk	True	-6.65389370588216	324.743799245188	-0.0204896713081143	0.983652751450378	0.0012889933605623	4.81668442089537e-280	3.4494763168745096e+273	1.00011568874799	2.07737021904744	2.08046444109216	1.0060677127282	False			False	False	depletion	2.08046444109216
GMEB2_3	Naive_Tregs	strict_primary	77304	149	77155	1	0	1	fit_complete_or_quasi_separation_risk	True	-6.64299452215013	324.743732190816	-0.020456113124446	0.983679521396258	0.0013031191761219	4.87010950360974e-280	3.4868201339577895e+273	1.00005919159007	2.07739251598449	2.08046149227114	1.00604506085558	False			False	False	depletion	2.08046149227114
AP1_1	Naive_Tregs	strict_primary	77304	149	77155	2	0	2	fit_complete_or_quasi_separation_risk	True	-7.68919538227387	376.006296831001	-0.0204496452508343	0.983684680933472	0.0004577463344148	1.6688053938804e-308	inf	1.00005115124166	2.07737079550176	2.08038448473777	1.00607494354178	False			False	False	depletion	2.08038448473777
CPEB1	Naive_Tregs	strict_primary	77304	149	77155	2	0	2	fit_complete_or_quasi_separation_risk	True	-7.47339924829262	368.566797165938	-0.0202769194234496	0.983822467633719	0.0005679942580889	1.66880539414458e-308	inf	1.00008009721549	2.07740422090103	2.08053177640777	1.00603011355678	False			False	False	depletion	2.08053177640777
MBD2	Naive_Tregs	strict_primary	77304	149	77155	2	0	2	fit_complete_or_quasi_separation_risk	True	-7.65084303171229	377.756955952491	-0.0202533478501307	0.983841271166671	0.0004756429778403	0.0	inf	1.00022945919107	2.07750301430422	2.08067855660154	1.00610607066535	False			False	False	depletion	2.08067855660154
GCM	Naive_Tregs	strict_primary	77304	149	77155	1	0	1	fit_complete_or_quasi_separation_risk	True	-6.5651156490147	324.743711798101	-0.0202162979928503	0.983870826624442	0.0014086610312247	5.26475844447108e-280	3.7690730198173896e+273	1.00002060207902	2.07741053326598	2.08040884690925	1.00602998989447	False			False	False	depletion	2.08040884690925
HINFP1_3	Naive_Tregs	strict_primary	77304	149	77155	2	0	2	fit_complete_or_quasi_separation_risk	True	-7.54496749059257	377.88275254882	-0.0199664246110778	0.984070156502307	0.0005287644546422	0.0	inf	1.00077992894539	2.07810963267691	2.08162636203535	1.00618502907868	False			False	False	depletion	2.08162636203535
ZBTB48	Naive_Tregs	strict_primary	77304	149	77155	1	0	1	fit_complete_or_quasi_separation_risk	True	-6.46409213702363	324.743739162306	-0.0199052094235846	0.984118989450317	0.0015584054357903	5.824103856211259e-280	4.16995912548978e+273	1.00004413822138	2.07737677205368	2.08040068550976	1.00606646767731	False			False	False	depletion	2.08040068550976
NFKB_1	Naive_Tregs	strict_primary	77304	149	77155	1	0	1	fit_complete_or_quasi_separation_risk	True	-6.4608070611496	324.743757480044	-0.0198950923992638	0.984127060069618	0.0015635333340452	5.843058154059109e-280	4.18383049118277e+273	1.00011304772355	2.07745649587676	2.0805530216464	1.00605644761254	False			False	False	depletion	2.0805530216464
GMEB2_2	Naive_Tregs	strict_primary	77304	149	77155	1	0	1	fit_complete_or_quasi_separation_risk	True	-6.46064361357657	324.74385838355	-0.0198945829052324	0.984127466506597	0.0015637889106601	5.84285760447267e-280	4.1853420409072e+273	1.00033033640863	2.07768924088402	2.08093760723448	1.00608272077674	False			False	False	depletion	2.08093760723448
ZNF329	Naive_Tregs	strict_primary	77304	149	77155	1	0	1	fit_complete_or_quasi_separation_risk	True	-6.41934464449662	324.743764179495	-0.019767414659111	0.984228912137086	0.0016297239334377	6.0903381280428e-280	4.36100597927447e+273	1.00012932918957	2.07747358105204	2.08055304081283	1.00607186878125	False			False	False	depletion	2.08055304081283
THAP1	Naive_Tregs	strict_primary	77304	149	77155	1	0	1	fit_complete_or_quasi_separation_risk	True	-6.3946536315223	324.743817301481	-0.0196913791451362	0.984289567893496	0.0016704643596699	6.241936656870819e-280	4.47048941750498e+273	1.00023297523711	2.07759019440853	2.08080662024658	1.00605255232787	False			False	False	depletion	2.08080662024658
PRDM1	Naive_Tregs	strict_primary	77304	149	77155	1	0	1	fit_complete_or_quasi_separation_risk	True	-6.39464094574117	324.743824845366	-0.0196913396237361	0.984289599420898	0.0016704855509496	6.2419235473617e-280	4.4706122315621295e+273	1.00026392854009	2.07760702148282	2.08069887646244	1.00612762160243	False			False	False	depletion	2.08069887646244
SMARCA1	Naive_Tregs	strict_primary	77304	149	77155	1	0	1	fit_complete_or_quasi_separation_risk	True	-6.37662898768034	324.743739688033	-0.0196358796440729	0.984333841528309	0.0017008468792798	6.35643230808344e-280	4.55110660594514e+273	1.00007445157202	2.07742416334525	2.08048068154666	1.0060539336701	False			False	False	depletion	2.08048068154666
CENBP	Naive_Tregs	strict_primary	77304	149	77155	2	0	2	fit_complete_or_quasi_separation_risk	True	-7.40338792568361	377.208130968476	-0.0196267983584435	0.984341085949809	0.0006091853862346	0.0	inf	1.00017109004953	2.07749807979827	2.08063967420568	1.00607060195918	False			False	False	depletion	2.08063967420568
GATA	Naive_Tregs	strict_primary	77304	149	77155	2	0	2	fit_complete_or_quasi_separation_risk	True	-7.40751067447167	378.214007292049	-0.0195855006204245	0.984374030444809	0.0006066790379939	0.0	inf	1.00001553244358	2.07737010055538	2.08039268046162	1.00603419063771	False			False	False	depletion	2.08039268046162
HOMEZ	Naive_Tregs	strict_primary	77304	149	77155	1	0	1	fit_complete_or_quasi_separation_risk	True	-6.3380906077899	324.743741775013	-0.0195172063151906	0.984428511002796	0.0017676741999572	6.6061534231483e-280	4.72994173318051e+273	1.00004518986474	2.07737453162737	2.0804421974014	1.00603657499785	False			False	False	depletion	2.0804421974014
SOX_4	Naive_Tregs	strict_primary	77304	149	77155	1	0	1	fit_complete_or_quasi_separation_risk	True	-6.3251767232429	324.743738122656	-0.0194774401496046	0.984460233782147	0.0017906497731428	6.69206565928162e-280	4.79138546049609e+273	1.00003806830586	2.0773712373312	2.08040010903346	1.00604591988926	False			False	False	depletion	2.08040010903346
HIF	Naive_Tregs	strict_primary	77304	149	77155	2	0	2	fit_complete_or_quasi_separation_risk	True	-7.30754272966313	375.81209019366	-0.0194446717397981	0.98448637423982	0.0006704625372476	1.6688053938804e-308	inf	1.00030403863105	2.07765433312021	2.08093696616859	1.00605910333658	False			False	False	depletion	2.08093696616859
ZNF317	Naive_Tregs	strict_primary	77304	149	77155	1	0	1	fit_complete_or_quasi_separation_risk	True	-6.29021789360301	324.743747886575	-0.0193697890553386	0.984546110726956	0.0018543558505545	6.930017143742979e-280	4.96194388723973e+273	1.00006687784473	2.07740853206114	2.0805138752496	1.00602932637699	False			False	False	depletion	2.0805138752496
OCT4+SOX2	Naive_Tregs	strict_primary	77304	149	77155	1	0	1	fit_complete_or_quasi_separation_risk	True	-6.28887313643198	324.743723178197	-0.0193656495493866	0.984549412955439	0.0018568511863165	6.93967867236182e-280	4.968380368757619e+273	1.00002216344568	2.07738076733185	2.08038322495336	1.00604079396571	False			False	False	depletion	2.08038322495336
KLF_SP_3	Naive_Tregs	strict_primary	77304	149	77155	2	0	2	fit_complete_or_quasi_separation_risk	True	-7.3075585725923	377.992097334959	-0.0193325697127384	0.984575801906057	0.0006704519152412	0.0	inf	1.00018224278342	2.07752951078925	2.08066593601539	1.00606930968695	False			False	False	depletion	2.08066593601539
HSF	Naive_Tregs	strict_primary	77304	149	77155	1	0	1	fit_complete_or_quasi_separation_risk	True	-6.27169057004646	324.743733564132	-0.0193127377739158	0.984591622550142	0.0018890323407432	7.0598067780893005e-280	5.05459043928676e+273	1.00003198342841	2.07737244705906	2.08039239290432	1.00604550391002	False			False	False	depletion	2.08039239290432
CCAAT_CEBP	Naive_Tregs	strict_primary	77304	149	77155	2	0	2	fit_complete_or_quasi_separation_risk	True	-7.1959439351761	373.737413846842	-0.0192540100845376	0.984638471755568	0.0007496201584122	1.66880539388042e-308	inf	1.00001537129165	2.07739388501063	2.08039768418094	1.00603310778804	False			False	False	depletion	2.08039768418094
HAND1	Naive_Tregs	strict_primary	77304	149	77155	1	0	1	fit_complete_or_quasi_separation_risk	True	-6.2387547668904	324.743710359182	-0.0192113182422842	0.984672528618051	0.0019522850598571	7.29653054554313e-280	5.223601725712039e+273	1.00000397117946	2.07737757655097	2.08038769427241	1.00602948171482	False			False	False	depletion	2.08038769427241
SPDEF_2	Naive_Tregs	strict_primary	77304	149	77155	1	0	1	fit_complete_or_quasi_separation_risk	True	-6.21718432811907	324.74374320496	-0.0191448933450125	0.984725518272341	0.0019948541718699	7.4551496999583e-280	5.337844747838069e+273	1.00004508944772	2.07737722586781	2.08044441347933	1.00603849386926	False			False	False	depletion	2.08044441347933
BCL6_2	Naive_Tregs	strict_primary	77304	149	77155	2	0	2	fit_complete_or_quasi_separation_risk	True	-7.20563897573893	376.636308266991	-0.0191315569359048	0.98473615723871	0.0007423876768215	0.0	inf	1.00002336328855	2.07737127200593	2.0803832626185	1.00605219961952	False			False	False	depletion	2.0803832626185
NR_7	Naive_Tregs	strict_primary	77304	149	77155	2	0	2	fit_complete_or_quasi_separation_risk	True	-7.20384969278496	376.890048236615	-0.0191139291856874	0.984750219577062	0.0007437172075355	0.0	inf	1.00002609751055	2.07737491149764	2.08042344907381	1.00603113847606	False			False	False	depletion	2.08042344907381
IRF_1	Naive_Tregs	strict_primary	77304	149	77155	2	0	2	fit_complete_or_quasi_separation_risk	True	-7.21712979616256	378.524616952863	-0.0190664740757436	0.984788076377798	0.0007339058581971	0.0	inf	1.00000561160589	2.07737470231043	2.08038552726419	1.00603246784002	False			False	False	depletion	2.08038552726419
ZNF490	Naive_Tregs	strict_primary	77304	149	77155	2	0	2	fit_complete_or_quasi_separation_risk	True	-7.15216653360472	375.464660576125	-0.0190488407687429	0.984802143166489	0.0007831654875982	1.6688053938804e-308	inf	1.00002705506233	2.07738866333738	2.08043707007296	1.00602918873067	False			False	False	depletion	2.08043707007296
ZSCAN3	Naive_Tregs	strict_primary	77304	149	77155	2	0	2	fit_complete_or_quasi_separation_risk	True	-7.10488838225992	376.005062325943	-0.0188957253349451	0.984924289621882	0.0008210813374216	1.6688053938804e-308	inf	1.00048810681409	2.07793821961858	2.08123853284674	1.00608769406414	False			False	False	depletion	2.08123853284674
E2F_3	Naive_Tregs	strict_primary	77304	149	77155	1	0	1	fit_complete_or_quasi_separation_risk	True	-6.13510945939455	324.743741812448	-0.0188921560894553	0.984927136959484	0.0021654881718873	8.0928635210117e-280	5.79441258388771e+273	1.00007505470343	2.07744744466993	2.08051646663778	1.00603800954931	False			False	False	depletion	2.08051646663778
ZNF282	Naive_Tregs	strict_primary	77304	149	77155	1	0	1	fit_complete_or_quasi_separation_risk	True	-6.13510945939455	324.743741812448	-0.0188921560894553	0.984927136959484	0.0021654881718873	8.0928635210117e-280	5.79441258388771e+273	1.00007505470343	2.07744744466993	2.08051646663778	1.00603800954931	False			False	False	depletion	2.08051646663778
ZNF257	Naive_Tregs	strict_primary	77304	149	77155	1	0	1	fit_complete_or_quasi_separation_risk	True	-6.08367671233959	324.743716713034	-0.0187337780509408	0.98505348199057	0.0022797791326803	8.520410909102929e-280	6.09993220896349e+273	1.00000693577313	2.07737100069444	2.08038704979836	1.00603438501371	False			False	False	depletion	2.08038704979836
NR_6	Naive_Tregs	strict_primary	77304	149	77155	1	0	1	fit_complete_or_quasi_separation_risk	True	-6.06076066637736	324.743731452663	-0.0186632106469492	0.985109776790559	0.0023326258624492	8.71766759701511e-280	6.24151282853413e+273	1.00002659928562	2.07737420094852	2.08038437842576	1.00604910793765	False			False	False	depletion	2.08038437842576
ZIM3	Naive_Tregs	strict_primary	77304	149	77155	1	0	1	fit_complete_or_quasi_separation_risk	True	-6.05518273697476	324.743729648736	-0.0186460343469124	0.985123479110794	0.0023456734402371	8.766460997111709e-280	6.276402632769139e+273	1.00002601761096	2.077377308358	2.08042160406233	1.00603488879486	False			False	False	depletion	2.08042160406233
PRDM16	Naive_Tregs	strict_primary	77304	149	77155	1	0	1	fit_complete_or_quasi_separation_risk	True	-6.0472023048324	324.743715450063	-0.0186214606076412	0.985143082714316	0.0023644678218518	8.836946967917739e-280	6.326515368792069e+273	1.00001007974195	2.07737772590228	2.08040352014132	1.00602916237135	False			False	False	depletion	2.08040352014132
PRDM4	Naive_Tregs	strict_primary	77304	149	77155	1	0	1	fit_complete_or_quasi_separation_risk	True	-5.95258684255522	324.743726384995	-0.0183301057385115	0.985375510591743	0.0025991083305725	9.71368271935795e-280	6.95448297954933e+273	1.00003907378057	2.07741852440513	2.08044795728243	1.00603493315779	False			False	False	depletion	2.08044795728243
HD_11	Naive_Tregs	strict_primary	77304	149	77155	1	0	1	fit_complete_or_quasi_separation_risk	True	-5.93873562918079	324.743739045578	-0.0182874522743217	0.985409537428713	0.0026353596172116	9.84892074178484e-280	7.051656210984689e+273	1.00003564796891	2.07737728610776	2.08038313948123	1.00605943801216	False			False	False	depletion	2.08038313948123
E2F_1	Naive_Tregs	strict_primary	77304	149	77155	1	0	1	fit_complete_or_quasi_separation_risk	True	-5.93193304844207	324.743717957582	-0.018266505925811	0.985426247405595	0.002653347978054	9.91655708519595e-280	7.099495754584359e+273	1.00000525026089	2.07737016680969	2.08038622871856	1.00603231776955	False			False	False	depletion	2.08038622871856
NR_8	Naive_Tregs	strict_primary	77304	149	77155	1	0	1	fit_complete_or_quasi_separation_risk	True	-5.87567313679131	324.743763396332	-0.0180932593603665	0.985564455323894	0.0028069041280219	1.04895198031615e-279	7.511030944936329e+273	1.00012868122088	2.07753822087261	2.08059957481242	1.006045834644	False			False	False	depletion	2.08059957481242
SOX_3	Naive_Tregs	strict_primary	77304	149	77155	2	0	2	fit_complete_or_quasi_separation_risk	True	-6.82994526589795	378.587893024547	-0.018040580250291	0.985606480313172	0.0010809172790208	0.0	inf	1.00029320819754	2.07752434864651	2.08086072962099	1.00609507050306	False			False	False	depletion	2.08086072962099
HD_4	Naive_Tregs	strict_primary	77304	149	77155	1	0	1	fit_complete_or_quasi_separation_risk	True	-5.8302210428517	324.743746788961	-0.0179532973321286	0.985676110728769	0.0029374276110811	1.0977648918075101e-279	7.860044563945859e+273	1.00006768995348	2.07744722916593	2.08052360925328	1.00602955609761	False			False	False	depletion	2.08052360925328
HD_5	Naive_Tregs	strict_primary	77304	149	77155	2	0	2	fit_complete_or_quasi_separation_risk	True	-6.72339863869173	377.139867862545	-0.0178273346617976	0.985776598316111	0.0012024445868211	0.0	inf	1.00001768030442	2.07738636702407	2.08040667211356	1.00603574419816	False			False	False	depletion	2.08040667211356
FOX_1	Naive_Tregs	strict_primary	77304	149	77155	1	0	1	fit_complete_or_quasi_separation_risk	True	-5.45600931089746	324.743732786975	-0.0168009687641193	0.986595397044791	0.0042705642786857	1.5960237373920502e-279	1.14269724385104e+274	1.00001923637757	2.07737223492217	2.08038521549337	1.00604732913536	False			False	False	depletion	2.08038521549337
NFAT_2	Naive_Tregs	strict_primary	77304	149	77155	2	0	2	fit_complete_or_quasi_separation_risk	True	-6.31998882265903	377.678543792664	-0.0167337777761835	0.986649000161031	0.0017999636249253	0.0	inf	1.00011766765685	2.07750653065138	2.08056510449572	1.00605809675389	False			False	False	depletion	2.08056510449572
FEZF1	Naive_Tregs	strict_primary	77304	149	77155	1	0	1	fit_complete_or_quasi_separation_risk	True	-5.36460423877255	324.743755614946	-0.0165194992852563	0.986819946030119	0.0046793117643211	1.74870532748427e-279	1.2521239710073e+274	1.00007117548806	2.07745906165757	2.08050854254939	1.00603956319287	False			False	False	depletion	2.08050854254939
SPZ1	Naive_Tregs	strict_primary	77304	149	77155	1	0	1	fit_complete_or_quasi_separation_risk	True	-5.25175992193557	324.743753034853	-0.0161720121568341	0.987097163607084	0.0052382912983135	1.95761143622683e-279	1.4016926555597101e+274	1.00007125833027	2.07747370778943	2.08050702052641	1.00603707290096	False			False	False	depletion	2.08050702052641
NR_15	Naive_B	strict_primary	2702	11	2691	1	1	0	fit_complete_or_quasi_separation_risk	True	20.5257547056489	1455.39784221085	0.0141031916568385	0.988747654135495	820771004.330597	0.0	inf	1.00336861796359	1.98660946057189	2.03345505402143	1.04425033579314	False			False	False	enrichment	2.03345505402143
NR_15	Memory_Tregs	strict_primary	3684	14	3670	1	1	0	fit_complete_or_quasi_separation_risk	True	17.8215007081123	1455.39771496207	0.0122451069730975	0.990230062356444	54926182.6510941	0.0	inf	1.00469504114771	2.10556108356012	2.122595928585	1.01868624481521	False			False	False	enrichment	2.122595928585
CTCF	Naive_CD8_T	strict_primary	2080	13	2067	1	1	0	fit_complete_or_quasi_separation_risk	True	16.8511653432695	1455.39786739051	0.0115783908447545	0.990761987113159	20814602.5342579	0.0	inf	1.01718187745471	2.08642008151132	2.088089804014	1.03691212370452	False			False	False	enrichment	2.088089804014
KLF_SP_2	Memory_Tregs	strict_primary	3684	14	3670	9	0	9	fit_complete_or_quasi_separation_risk	True	-13.3053462392168	1183.57805244518	-0.0112416297444254	0.991030666104517	1.66556485599238e-06	0.0	inf	1.0306190403233	2.1042510316506	2.13952220432809	1.036596807234	False			False	False	depletion	2.13952220432809
GC-tract	Memory_Tregs	strict_primary	3684	14	3670	9	0	9	fit_complete_or_quasi_separation_risk	True	-13.3187411944795	1187.04863260489	-0.0112200467854906	0.991047885728222	1.64340344616389e-06	0.0	inf	1.02454131914747	2.10152688377263	2.13114723293827	1.0353077130991	False			False	False	depletion	2.13114723293827
ZNF554	Memory_Tregs	strict_primary	3684	14	3670	2	0	2	fit_complete_or_quasi_separation_risk	True	-11.2251638331361	1029.11804580307	-0.0109075570862976	0.99129720117407	1.33343941672977e-05	0.0	inf	1.00991226810249	2.10068157450854	2.12412742361973	1.02645713224144	False			False	False	depletion	2.12412742361973
KLF_SP_1	Memory_Tregs	strict_primary	3684	14	3670	2	0	2	fit_complete_or_quasi_separation_risk	True	-10.6823663890134	999.106213455542	-0.0106919226856442	0.991469242499537	2.29460123810675e-05	0.0	inf	1.01128238371659	2.10314407053951	2.12936988438936	1.0252915044325	False			False	False	depletion	2.12936988438936
GC-tract	Follicular_T_Helper	strict_primary	2061	12	2049	5	0	5	fit_complete_or_quasi_separation_risk	True	-11.1892808865322	1058.81299754899	-0.0105677592855716	0.991568304962542	1.38215597177465e-05	0.0	inf	1.00610917532801	1.97614025654768	1.99409354402995	1.01986336192767	False			False	False	depletion	1.99409354402995
ZNF134	Follicular_T_Helper	strict_primary	2061	12	2049	1	0	1	fit_complete_or_quasi_separation_risk	True	-14.8656169462423	1455.39773594407	-0.0102141267497571	0.991850447669471	3.49900521816925e-07	0.0	inf	1.01231041326127	1.99264949767793	1.99463386620407	1.01785516645751	False			False	False	depletion	1.99463386620407
ZNF53	Memory_Tregs	strict_primary	3684	14	3670	2	0	2	fit_complete_or_quasi_separation_risk	True	-10.2487988091945	1003.87999108883	-0.0102091872536262	0.99185438861169	3.53999974735052e-05	0.0	inf	1.00049103975259	2.10082537151778	2.12272174416083	1.01863019537238	False			False	False	depletion	2.12272174416083
ZNF134	Memory_Tregs	strict_primary	3684	14	3670	1	0	1	fit_complete_or_quasi_separation_risk	True	-14.6438565187059	1455.39767868628	-0.0100617561324711	0.991972015585	4.36771125770503e-07	0.0	inf	1.00763650447953	2.11238199050814	2.12487626131335	1.01999606214886	False			False	False	depletion	2.12487626131335
GC-tract	Naive_CD8_T	strict_primary	2080	13	2067	4	0	4	fit_complete_or_quasi_separation_risk	True	-11.3573351979896	1179.91262777781	-0.0096255730556756	0.992320022463953	1.16834739449914e-05	0.0	inf	1.01221991621102	2.06312084839144	2.08798462347177	1.03693863989126	False			False	False	depletion	2.08798462347177
HD_22	Naive_B	strict_primary	2702	11	2691	2	0	2	fit_complete_or_quasi_separation_risk	True	-9.73005585179562	1022.12384687796	-0.0095194490193294	0.992404693314634	5.94689725129867e-05	0.0	inf	1.00044674517456	1.98614410813493	2.03289383338845	1.04436581164862	False			False	False	depletion	2.03289383338845
NR_3	Naive_B	strict_primary	2702	11	2691	2	0	2	fit_complete_or_quasi_separation_risk	True	-9.73005585179562	1022.12384687796	-0.0095194490193294	0.992404693314634	5.94689725129867e-05	0.0	inf	1.00044674517456	1.98614410813493	2.03289383338845	1.04436581164862	False			False	False	depletion	2.03289383338845
IRF_2	Naive_B	strict_primary	2702	11	2691	2	0	2	fit_complete_or_quasi_separation_risk	True	-9.73842205303101	1023.98473165276	-0.0095103195897391	0.992411977215829	5.89735185453485e-05	0.0	inf	1.0000875715388	1.98592148467605	2.03212479103363	1.04433640287336	False			False	False	depletion	2.03212479103363
ZNF324	Memory_Tregs	strict_primary	3684	14	3670	2	0	2	fit_complete_or_quasi_separation_risk	True	-9.61998155855969	1019.37414441524	-0.0094371449494416	0.992470359511541	6.6388841947655e-05	0.0	inf	1.00032886186266	2.10095791381761	2.1227376357116	1.01885318389912	False			False	False	depletion	2.1227376357116
NR_16	Memory_Tregs	strict_primary	3684	14	3670	2	0	2	fit_complete_or_quasi_separation_risk	True	-9.53214359882909	1027.68439197547	-0.0092753608727149	0.992599438878511	7.24840805504468e-05	0.0	inf	1.00015395944962	2.10093746988648	2.12264163356657	1.01863482715764	False			False	False	depletion	2.12264163356657
KLF_SP_2	Naive_B	strict_primary	2702	11	2691	4	0	4	fit_complete_or_quasi_separation_risk	True	-10.8904457230317	1188.55205785426	-0.0091627839530164	0.992689258447572	1.86354342378548e-05	0.0	inf	1.00824421378195	1.99029488616944	2.03701408263432	1.04905201830334	False			False	False	depletion	2.03701408263432
IRF_2	Memory_Tregs	strict_primary	3684	14	3670	2	0	2	fit_complete_or_quasi_separation_risk	True	-9.36971549323161	1028.56436208638	-0.0091095082025063	0.992731764572351	8.52676441911679e-05	0.0	inf	1.00403414069951	2.10386002348223	2.12883604876183	1.01928797970328	False			False	False	depletion	2.12883604876183
NR_3	Memory_Tregs	strict_primary	3684	14	3670	3	0	3	fit_complete_or_quasi_separation_risk	True	-11.8497645952264	1352.03312640921	-0.0087644040399346	0.993007106858268	7.14023695473092e-06	0.0	inf	1.00845075072479	2.10107392228082	2.12623808901306	1.02391329513776	False			False	False	depletion	2.12623808901306
TFCP2	Follicular_T_Helper	strict_primary	2061	12	2049	1	0	1	fit_complete_or_quasi_separation_risk	True	-12.5632566716107	1455.39765627826	-0.0086321814642311	0.993112601218992	3.49821866596488e-06	0.0	inf	1.00673814846265	1.98739994007462	1.99896373371265	1.01676648954572	False			False	False	depletion	1.99896373371265
NR_15	Naive_CD8_T	strict_primary	2080	13	2067	1	0	1	fit_complete_or_quasi_separation_risk	True	-12.3047285088248	1455.3977200882	-0.0084545470554118	0.99325432779873	4.53027230487361e-06	0.0	inf	1.0045675734901	2.05677592913518	2.07850255445132	1.03263155315281	False			False	False	depletion	2.07850255445132
KLF_SP_2	Naive_CD8_T	strict_primary	2080	13	2067	3	0	3	fit_complete_or_quasi_separation_risk	True	-11.4263772779844	1366.21055187958	-0.0083635551359667	0.993326926279546	1.09040390972955e-05	0.0	inf	1.02218463347719	2.07228443735925	2.10526481079775	1.03722270841832	False			False	False	depletion	2.10526481079775
NR_15	Follicular_T_Helper	strict_primary	2061	12	2049	1	0	1	fit_complete_or_quasi_separation_risk	True	-12.1477392744115	1455.39773197563	-0.008346680091305	0.993340390147193	5.30034166488423e-06	0.0	inf	1.00457881627018	1.9764106392765	1.99463900722943	1.01546094983607	False			False	False	depletion	1.99463900722943
GC-tract	Naive_B	strict_primary	2702	11	2691	7	0	7	fit_complete_or_quasi_separation_risk	True	-11.9762482052506	1478.97658123191	-0.0080976591226853	0.993539073416845	6.29189534929155e-06	0.0	inf	1.00424573954942	1.98646438060893	2.03243260147111	1.04818229094684	False			False	False	depletion	2.03243260147111
NFAT_1	Memory_Tregs	strict_primary	3684	14	3670	3	0	3	fit_complete_or_quasi_separation_risk	True	-11.0540085959899	1381.71523049868	-0.0080002075333572	0.99361682601671	1.58235915418474e-05	0.0	inf	1.00077592106805	2.10086851230942	2.12273294129399	1.01878916664882	False			False	False	depletion	2.12273294129399
TBX_4	Memory_Tregs	strict_primary	3684	14	3670	1	0	1	fit_complete_or_quasi_separation_risk	True	-11.4424253142714	1455.39766398541	-0.0078620610692323	0.993727047480798	1.07304473113728e-05	0.0	inf	1.00508841591864	2.11074249334681	2.13055366263136	1.01863424064614	False			False	False	depletion	2.13055366263136
NFI_1	Follicular_T_Helper	strict_primary	2061	12	2049	1	0	1	fit_complete_or_quasi_separation_risk	True	-11.3692189569482	1455.39760182826	-0.0078117615026067	0.993767179496003	1.1545452090382e-05	0.0	inf	1.0027444165852	1.98095744285627	1.99550430672016	1.01569711410084	False			False	False	depletion	1.99550430672016
ZIM3	Follicular_T_Helper	strict_primary	2061	12	2049	1	0	1	fit_complete_or_quasi_separation_risk	True	-11.3512413995409	1455.39759339803	-0.0077994092136968	0.993777034896379	1.1754888050984e-05	0.0	inf	1.00189306155828	1.97831987569891	1.99237634548504	1.01556179816485	False			False	False	depletion	1.99237634548504
CTCF	Memory_Tregs	strict_primary	3684	14	3670	1	0	1	fit_complete_or_quasi_separation_risk	True	-11.2646959154389	1455.39795376925	-0.007739942114296	0.993824481344718	1.28175412448541e-05	0.0	inf	1.00674024507882	2.10102155801523	2.12506164719278	1.02322974532774	False			False	False	depletion	2.12506164719278
E2F_2	Memory_Tregs	strict_primary	3684	14	3670	1	0	1	fit_complete_or_quasi_separation_risk	True	-11.2646959154389	1455.39795376925	-0.007739942114296	0.993824481344718	1.28175412448541e-05	0.0	inf	1.00674024507882	2.10102155801523	2.12506164719278	1.02322974532774	False			False	False	depletion	2.12506164719278
HINFP1_2	Memory_Tregs	strict_primary	3684	14	3670	1	0	1	fit_complete_or_quasi_separation_risk	True	-11.2646959154389	1455.39795376925	-0.007739942114296	0.993824481344718	1.28175412448541e-05	0.0	inf	1.00674024507882	2.10102155801523	2.12506164719278	1.02322974532774	False			False	False	depletion	2.12506164719278
HD_4	Memory_Tregs	strict_primary	3684	14	3670	1	0	1	fit_complete_or_quasi_separation_risk	True	-11.1974841262515	1455.39760137797	-0.0076937629384916	0.99386132589906	1.37086419291475e-05	0.0	inf	1.00140028193655	2.10223165697111	2.12262952016743	1.01878984693362	False			False	False	depletion	2.12262952016743
ZNF586	Memory_Tregs	strict_primary	3684	14	3670	1	0	1	fit_complete_or_quasi_separation_risk	True	-11.1588038266899	1455.39759141908	-0.0076671858552476	0.993882530718009	1.42492850179133e-05	0.0	inf	1.00118638068675	2.10089148405522	2.12295335612125	1.01877510849916	False			False	False	depletion	2.12295335612125
SOX_1	Naive_B	strict_primary	2702	11	2691	1	0	1	fit_complete_or_quasi_separation_risk	True	-11.1168969601213	1455.39762298762	-0.0076383915876547	0.993905504546817	1.48591167263553e-05	0.0	inf	1.00230843801817	1.98939187795877	2.0324808416896	1.0444114873162	False			False	False	depletion	2.0324808416896
TBX_4	Follicular_T_Helper	strict_primary	2061	12	2049	2	0	2	fit_complete_or_quasi_separation_risk	True	-12.4629346401511	1636.44405566075	-0.0076158635530738	0.993923478794978	3.86737475051928e-06	0.0	inf	1.00460733818908	1.98434673317696	1.99754033995463	1.01593562171426	False			False	False	depletion	1.99754033995463
LEF1	Memory_Tregs	strict_primary	3684	14	3670	1	0	1	fit_complete_or_quasi_separation_risk	True	-10.8913255453937	1455.39758163825	-0.0074834022557149	0.99402916460704	1.86190455766987e-05	0.0	inf	1.00097290656138	2.10109326856978	2.12259946196657	1.01905242754399	False			False	False	depletion	2.12259946196657
ZIM3	Naive_B	strict_primary	2702	11	2691	1	0	1	fit_complete_or_quasi_separation_risk	True	-10.8330483225811	1455.3976076682	-0.0074433599900837	0.994061112822761	1.97363524122438e-05	0.0	inf	1.00166571807272	1.98845580543022	2.03242030666693	1.04439013291262	False			False	False	depletion	2.03242030666693
ETS_2	Memory_Tregs	strict_primary	3684	14	3670	1	0	1	fit_complete_or_quasi_separation_risk	True	-10.7965347673649	1455.39756645841	-0.0074182718290765	0.994081129726443	2.04703150546824e-05	0.0	inf	1.00068206266567	2.10115866965529	2.12259478534925	1.01873364501367	False			False	False	depletion	2.12259478534925
NR_1	Naive_CD8_T	strict_primary	2080	13	2067	1	0	1	fit_complete_or_quasi_separation_risk	True	-10.7722452427724	1455.39767569411	-0.0074015820024137	0.994094445915878	2.09736170136362e-05	0.0	inf	1.00275066494021	2.05649802415013	2.07607050729914	1.03500689534327	False			False	False	depletion	2.07607050729914
NR_3	Naive_CD8_T	strict_primary	2080	13	2067	1	0	1	fit_complete_or_quasi_separation_risk	True	-10.7722452427724	1455.39767569411	-0.0074015820024137	0.994094445915878	2.09736170136362e-05	0.0	inf	1.00275066494021	2.05649802415013	2.07607050729914	1.03500689534327	False			False	False	depletion	2.07607050729914
SOX_1	Follicular_T_Helper	strict_primary	2061	12	2049	2	0	2	fit_complete_or_quasi_separation_risk	True	-12.1181691020911	1643.29430864854	-0.0073743145328953	0.994116201615078	5.45941398844538e-06	0.0	inf	1.00224421212942	1.97958466375998	1.99311308103082	1.01556735071984	False			False	False	depletion	1.99311308103082
FOX_5	Memory_Tregs	strict_primary	3684	14	3670	1	0	1	fit_complete_or_quasi_separation_risk	True	-10.7216826747265	1455.39759951285	-0.007366840977555	0.994122164487528	2.20613648814601e-05	0.0	inf	1.00085773651944	2.10098279261862	2.12275497056282	1.0187131038783	False			False	False	depletion	2.12275497056282
ZNF143_2	Naive_B	strict_primary	2702	11	2691	1	0	1	fit_complete_or_quasi_separation_risk	True	-10.6389292201805	1455.39760717355	-0.007309981250307	0.99416753076447	2.39646861845061e-05	0.0	inf	1.00125317615725	1.98720742638313	2.03378848979249	1.04476497508699	False			False	False	depletion	2.03378848979249
ZNF324	Naive_B	strict_primary	2702	11	2691	1	0	1	fit_complete_or_quasi_separation_risk	True	-10.6389292201805	1455.39760717355	-0.007309981250307	0.99416753076447	2.39646861845061e-05	0.0	inf	1.00125317615725	1.98720742638313	2.03378848979249	1.04476497508699	False			False	False	depletion	2.03378848979249
CPEB1	Naive_B	strict_primary	2702	11	2691	1	0	1	fit_complete_or_quasi_separation_risk	True	-10.6036029872561	1455.39766634995	-0.0072857083891368	0.994186897189923	2.48263991957178e-05	0.0	inf	1.00198311775136	1.98748793884722	2.03213811129702	1.04472368394057	False			False	False	depletion	2.03213811129702
ZNF143_2	Follicular_T_Helper	strict_primary	2061	12	2049	1	0	1	fit_complete_or_quasi_separation_risk	True	-10.5390603303773	1455.39762432848	-0.0072413615043792	0.994222279951197	2.64816019962584e-05	0.0	inf	1.00131820909954	1.97749003390168	1.99374477126712	1.01596884885619	False			False	False	depletion	1.99374477126712
ZNF324	Follicular_T_Helper	strict_primary	2061	12	2049	1	0	1	fit_complete_or_quasi_separation_risk	True	-10.5390603303773	1455.39762432848	-0.0072413615043792	0.994222279951197	2.64816019962584e-05	0.0	inf	1.00131820909954	1.97749003390168	1.99374477126712	1.01596884885619	False			False	False	depletion	1.99374477126712
DDIT3+CEBPA	Naive_B	strict_primary	2702	11	2691	1	0	1	fit_complete_or_quasi_separation_risk	True	-10.507557894065	1455.39758635454	-0.007219716449018	0.994239549755242	2.73291162702949e-05	0.0	inf	1.00070895190035	1.98613802316718	2.03224124171816	1.04485604096324	False			False	False	depletion	2.03224124171816
SMAD_2	Follicular_T_Helper	strict_primary	2061	12	2049	1	0	1	fit_complete_or_quasi_separation_risk	True	-10.4550559245235	1455.39762929266	-0.0071836422666187	0.994268332042026	2.88022823838416e-05	0.0	inf	1.0011591790833	1.9759683131366	1.99224616259825	1.01641819267474	False			False	False	depletion	1.99224616259825
HD_22	Follicular_T_Helper	strict_primary	2061	12	2049	1	0	1	fit_complete_or_quasi_separation_risk	True	-10.360745855441	1455.39771983403	-0.0071188416157629	0.994320034158818	3.16508404431398e-05	0.0	inf	1.00330413983151	1.97684822770199	1.99670938333502	1.0159277551099	False			False	False	depletion	1.99670938333502
HIC_1	Follicular_T_Helper	strict_primary	2061	12	2049	1	0	1	fit_complete_or_quasi_separation_risk	True	-10.360745855441	1455.39771983403	-0.0071188416157629	0.994320034158818	3.16508404431398e-05	0.0	inf	1.00330413983151	1.97684822770199	1.99670938333502	1.0159277551099	False			False	False	depletion	1.99670938333502
ZNF335	Follicular_T_Helper	strict_primary	2061	12	2049	1	0	1	fit_complete_or_quasi_separation_risk	True	-10.2671844673695	1455.3977801335	-0.0070545555363068	0.994371325741101	3.47550918938116e-05	0.0	inf	1.00315046345564	1.97591939612793	1.99227565103508	1.01862176106536	False			False	False	depletion	1.99227565103508
ZNF332	Naive_CD8_T	strict_primary	2080	13	2067	1	0	1	fit_complete_or_quasi_separation_risk	True	-10.2586443180645	1455.39801570577	-0.0070486864811958	0.994376008453134	3.50531765999303e-05	0.0	inf	1.01390229102787	2.06900211336979	2.09862081462111	1.03382026106417	False			False	False	depletion	2.09862081462111
ZNF335	Naive_CD8_T	strict_primary	2080	13	2067	1	0	1	fit_complete_or_quasi_separation_risk	True	-10.2586443180645	1455.39801570577	-0.0070486864811958	0.994376008453134	3.50531765999303e-05	0.0	inf	1.01390229102787	2.06900211336979	2.09862081462111	1.03382026106417	False			False	False	depletion	2.09862081462111
PAX_2	Memory_Tregs	strict_primary	3684	14	3670	1	0	1	fit_complete_or_quasi_separation_risk	True	-10.2289603805671	1455.39757311427	-0.0070282928661747	0.994392279800649	3.6109290160491e-05	0.0	inf	1.00039231129069	2.10076813679436	2.1226464963735	1.01874392519168	False			False	False	depletion	2.1226464963735
ZFN121	Memory_Tregs	strict_primary	3684	14	3670	1	0	1	fit_complete_or_quasi_separation_risk	True	-10.2289603805671	1455.39757311427	-0.0070282928661747	0.994392279800649	3.6109290160491e-05	0.0	inf	1.00039231129069	2.10076813679436	2.1226464963735	1.01874392519168	False			False	False	depletion	2.1226464963735
ZNF28	Naive_B	strict_primary	2702	11	2691	1	0	1	fit_complete_or_quasi_separation_risk	True	-10.2267577025771	1455.39757455712	-0.0070267794047197	0.994393487338359	3.61889149608666e-05	0.0	inf	1.00029634688174	1.98610436942757	2.03220340409192	1.04445087586098	False			False	False	depletion	2.03220340409192
ZNF384_2	Naive_B	strict_primary	2702	11	2691	1	0	1	fit_complete_or_quasi_separation_risk	True	-10.2267577025771	1455.39757455712	-0.0070267794047197	0.994393487338359	3.61889149608666e-05	0.0	inf	1.00029634688174	1.98610436942757	2.03220340409192	1.04445087586098	False			False	False	depletion	2.03220340409192
Ebox_CAGCTG	Naive_CD8_T	strict_primary	2080	13	2067	1	0	1	fit_complete_or_quasi_separation_risk	True	-10.215929169809	1455.39758304918	-0.0070193391062295	0.99439942369125	3.65829171954579e-05	0.0	inf	1.00028066963144	2.05641800160958	2.07611688491616	1.03260624238114	False			False	False	depletion	2.07611688491616
CENBP	Naive_CD8_T	strict_primary	2080	13	2067	1	0	1	fit_complete_or_quasi_separation_risk	True	-10.2077863301435	1455.39789391258	-0.0070137426835912	0.994403888880553	3.68820221538394e-05	0.0	inf	1.01025463374955	2.06555231798134	2.09207030194155	1.03369033304031	False			False	False	depletion	2.09207030194155
NRF1	Naive_CD8_T	strict_primary	2080	13	2067	1	0	1	fit_complete_or_quasi_separation_risk	True	-10.2077863301435	1455.39789391258	-0.0070137426835912	0.994403888880553	3.68820221538394e-05	0.0	inf	1.01025463374955	2.06555231798134	2.09207030194155	1.03369033304031	False			False	False	depletion	2.09207030194155
NR_16	Naive_CD8_T	strict_primary	2080	13	2067	1	0	1	fit_complete_or_quasi_separation_risk	True	-10.186569295802	1455.39758468657	-0.006999166003148	0.994415519103356	3.76729097604404e-05	0.0	inf	1.00023793041612	2.05642170288674	2.07594426136349	1.03263319616347	False			False	False	depletion	2.07594426136349
NR_7	Naive_B	strict_primary	2702	11	2691	1	0	1	fit_complete_or_quasi_separation_risk	True	-10.1353520817229	1455.39758656392	-0.0069639747758904	0.994443596955961	3.96526775819678e-05	0.0	inf	1.00040827238039	1.98592090778025	2.03235111455326	1.04435090133139	False			False	False	depletion	2.03235111455326
BATF	Follicular_T_Helper	strict_primary	2061	12	2049	1	0	1	fit_complete_or_quasi_separation_risk	True	-10.133285634582	1455.39761839201	-0.0069625547730232	0.994444729926858	3.97347024650413e-05	0.0	inf	1.00098105598176	1.97606358935721	1.99355608311937	1.01551670846437	False			False	False	depletion	1.99355608311937
PAX_2	Follicular_T_Helper	strict_primary	2061	12	2049	1	0	1	fit_complete_or_quasi_separation_risk	True	-10.133285634582	1455.39761839201	-0.0069625547730232	0.994444729926858	3.97347024650413e-05	0.0	inf	1.00098105598176	1.97606358935721	1.99355608311937	1.01551670846437	False			False	False	depletion	1.99355608311937
ZFN121	Follicular_T_Helper	strict_primary	2061	12	2049	1	0	1	fit_complete_or_quasi_separation_risk	True	-10.133285634582	1455.39761839201	-0.0069625547730232	0.994444729926858	3.97347024650413e-05	0.0	inf	1.00098105598176	1.97606358935721	1.99355608311937	1.01551670846437	False			False	False	depletion	1.99355608311937
TBX_4	Naive_B	strict_primary	2702	11	2691	2	0	2	fit_complete_or_quasi_separation_risk	True	-11.350154854322	1630.2313698904	-0.0069622969254266	0.994444935654488	1.1767667209704e-05	0.0	inf	1.00028832117093	1.98642328317252	2.03232680312555	1.04428015891485	False			False	False	depletion	2.03232680312555
KLF_SP_1	Naive_B	strict_primary	2702	11	2691	1	0	1	fit_complete_or_quasi_separation_risk	True	-10.1046405120406	1455.39793091396	-0.0069428712913554	0.994460434693393	4.0889366682065e-05	0.0	inf	1.00676573490257	1.98983295691567	2.03699605944238	1.04773460101592	False			False	False	depletion	2.03699605944238
SREBF1	Naive_B	strict_primary	2702	11	2691	1	0	1	fit_complete_or_quasi_separation_risk	True	-10.1046405120406	1455.39793091396	-0.0069428712913554	0.994460434693393	4.0889366682065e-05	0.0	inf	1.00676573490257	1.98983295691567	2.03699605944238	1.04773460101592	False			False	False	depletion	2.03699605944238
NFI_3	Follicular_T_Helper	strict_primary	2061	12	2049	1	0	1	fit_complete_or_quasi_separation_risk	True	-10.04235841903	1455.39760721054	-0.0069000789676145	0.994494577209984	4.35170205655383e-05	0.0	inf	1.0004596923024	1.97589971083479	1.99251781265445	1.0155630523802	False			False	False	depletion	1.99251781265445
NFAT_1	Follicular_T_Helper	strict_primary	2061	12	2049	1	0	1	fit_complete_or_quasi_separation_risk	True	-10.0212833433789	1455.39759039795	-0.0068855984161955	0.994506130743929	4.44438775508875e-05	0.0	inf	1.00019818143409	1.97589775963885	1.9923826092907	1.01542777991286	False			False	False	depletion	1.9923826092907
LEF1	Naive_B	strict_primary	2702	11	2691	1	0	1	fit_complete_or_quasi_separation_risk	True	-10.0090084218645	1455.3975756401	-0.0068771644184321	0.994512859941203	4.49927846633457e-05	0.0	inf	1.0001266518625	1.98607012997831	2.03218435576365	1.04429878144491	False			False	False	depletion	2.03218435576365
ZNF143_2	Memory_Tregs	strict_primary	3684	14	3670	1	0	1	fit_complete_or_quasi_separation_risk	True	-9.93656691712869	1455.39761909634	-0.0068273898395535	0.994552573376849	4.83730887166257e-05	0.0	inf	1.00081122192348	2.10175654637328	2.12363200729493	1.01895196252483	False			False	False	depletion	2.12363200729493
AP1_1	Naive_B	strict_primary	2702	11	2691	1	0	1	fit_complete_or_quasi_separation_risk	True	-9.83840721405807	1455.39761094819	-0.0067599445952425	0.994606385654136	5.33622380880011e-05	0.0	inf	1.0005578252904	1.98596341664261	2.03212604148508	1.04480805675486	False			False	False	depletion	2.03212604148508
MAF	Naive_B	strict_primary	2702	11	2691	1	0	1	fit_complete_or_quasi_separation_risk	True	-9.80842555147175	1455.39758398836	-0.0067393443959091	0.994622821860731	5.49863518629618e-05	0.0	inf	1.00014634102926	1.98592725801852	2.03216234525268	1.04435636175221	False			False	False	depletion	2.03216234525268
KLF_SP_2	Follicular_T_Helper	strict_primary	2061	12	2049	2	0	2	fit_complete_or_quasi_separation_risk	True	-11.3559953715696	1689.81206742892	-0.0067202712008371	0.994638039723989	1.169913826345e-05	0.0	inf	1.00106023482006	1.9759039648648	1.9929208369946	1.01559692156901	False			False	False	depletion	1.9929208369946
PAX_2	Naive_CD8_T	strict_primary	2080	13	2067	1	0	1	fit_complete_or_quasi_separation_risk	True	-9.77727124940536	1455.39760513361	-0.0067179382561288	0.994639901102536	5.67263771801986e-05	0.0	inf	1.00023031892621	2.05641430701731	2.07582383579981	1.03280156068237	False			False	False	depletion	2.07582383579981
SOX_1	Naive_CD8_T	strict_primary	2080	13	2067	1	0	1	fit_complete_or_quasi_separation_risk	True	-9.71475343604958	1455.39760308222	-0.0066749824346802	0.99467417412081	6.03859898503464e-05	0.0	inf	1.00014135125684	2.05641618170793	2.07581073718161	1.03271223998008	False			False	False	depletion	2.07581073718161
ZNF490	Naive_CD8_T	strict_primary	2080	13	2067	1	0	1	fit_complete_or_quasi_separation_risk	True	-9.68244254614502	1455.39760363621	-0.0066527817016835	0.994691887349603	6.23689784676757e-05	0.0	inf	1.00012235742973	2.05641713484563	2.07581062473931	1.03268906428757	False			False	False	depletion	2.07581062473931
ZNF554	Naive_CD8_T	strict_primary	2080	13	2067	1	0	1	fit_complete_or_quasi_separation_risk	True	-9.68244254614502	1455.39760363621	-0.0066527817016835	0.994691887349603	6.23689784676757e-05	0.0	inf	1.00012235742973	2.05641713484563	2.07581062473931	1.03268906428757	False			False	False	depletion	2.07581062473931
CTCF	Naive_B	strict_primary	2702	11	2691	1	0	1	fit_complete_or_quasi_separation_risk	True	-9.62703068522697	1455.39763160818	-0.0066147082255378	0.99472226491998	6.59225041595734e-05	0.0	inf	1.00066097313567	1.98600644519561	2.03216479260666	1.04482789794641	False			False	False	depletion	2.03216479260666
ZIC	Naive_B	strict_primary	2702	11	2691	1	0	1	fit_complete_or_quasi_separation_risk	True	-9.62703068522697	1455.39763160818	-0.0066147082255378	0.99472226491998	6.59225041595734e-05	0.0	inf	1.00066097313567	1.98600644519561	2.03216479260666	1.04482789794641	False			False	False	depletion	2.03216479260666
ZNF332	Naive_B	strict_primary	2702	11	2691	1	0	1	fit_complete_or_quasi_separation_risk	True	-9.62703068522697	1455.39763160818	-0.0066147082255378	0.99472226491998	6.59225041595734e-05	0.0	inf	1.00066097313567	1.98600644519561	2.03216479260666	1.04482789794641	False			False	False	depletion	2.03216479260666
SMARCA1	Follicular_T_Helper	strict_primary	2061	12	2049	1	0	1	fit_complete_or_quasi_separation_risk	True	-9.5890324516313	1455.39771416858	-0.0065885993624149	0.994743096324825	6.84756430643323e-05	0.0	inf	1.00271261509815	1.97752204564754	1.99491598806964	1.01646196649734	False			False	False	depletion	1.99491598806964
ZNF528	Follicular_T_Helper	strict_primary	2061	12	2049	1	0	1	fit_complete_or_quasi_separation_risk	True	-9.5890324516313	1455.39771416858	-0.0065885993624149	0.994743096324825	6.84756430643323e-05	0.0	inf	1.00271261509815	1.97752204564754	1.99491598806964	1.01646196649734	False			False	False	depletion	1.99491598806964
SREBF1	Memory_Tregs	strict_primary	3684	14	3670	1	0	1	fit_complete_or_quasi_separation_risk	True	-9.55286797358429	1455.39782460757	-0.0065637503451402	0.994762922543351	7.09973522704159e-05	0.0	inf	1.00494491916813	2.10331670270536	2.12699696231919	1.02086612886084	False			False	False	depletion	2.12699696231919
HD_11	Naive_B	strict_primary	2702	11	2691	1	0	1	fit_complete_or_quasi_separation_risk	True	-9.52740374424569	1455.39759809462	-0.0065462549592762	0.994776881541719	7.28284600615271e-05	0.0	inf	1.0001769465536	1.98601471526278	2.0321471449528	1.04438460073015	False			False	False	depletion	2.0321471449528
ZBTB14	Memory_Tregs	strict_primary	3684	14	3670	1	0	1	fit_complete_or_quasi_separation_risk	True	-9.44844051661405	1455.39758740018	-0.0064919995734582	0.994820170156526	7.88123760772996e-05	0.0	inf	1.00015434464384	2.10069450237169	2.12282699434372	1.01863465869087	False			False	False	depletion	2.12282699434372
ETS_1	Memory_Tregs	strict_primary	3684	14	3670	1	0	1	fit_complete_or_quasi_separation_risk	True	-9.41470760006365	1455.39761880517	-0.006468821632258	0.994838663089645	8.15162965478776e-05	0.0	inf	1.00051773904936	2.10070018848123	2.12265878096989	1.01908023967687	False			False	False	depletion	2.12265878096989
FEZF1	Memory_Tregs	strict_primary	3684	14	3670	1	0	1	fit_complete_or_quasi_separation_risk	True	-9.40814710065433	1455.39762711887	-0.0064643138928835	0.994842259670097	8.20528422426706e-05	0.0	inf	1.00118492601023	2.10159847496404	2.12499017086249	1.01863084665488	False			False	False	depletion	2.12499017086249
NFAC_2	Naive_B	strict_primary	2702	11	2691	1	0	1	fit_complete_or_quasi_separation_risk	True	-9.39391878267125	1455.39759830459	-0.0064545377796516	0.994850059717182	8.32286613007456e-05	0.0	inf	1.00009508411382	1.98603513903724	2.03217358287858	1.04428824940879	False			False	False	depletion	2.03217358287858
Ebox_CAGCTG	Memory_Tregs	strict_primary	3684	14	3670	1	0	1	fit_complete_or_quasi_separation_risk	True	-9.38855761966253	1455.39758790367	-0.0064508541842409	0.994852998739901	8.36760619432631e-05	0.0	inf	1.00015192911525	2.10071478530038	2.12285141055186	1.01863032448988	False			False	False	depletion	2.12285141055186
MZF1	Naive_B	strict_primary	2702	11	2691	1	0	1	fit_complete_or_quasi_separation_risk	True	-9.38553106802092	1455.39762288288	-0.0064487744932755	0.9948546580587	8.3929695489807e-05	0.0	inf	1.00047464972887	1.98619302307089	2.03213351544936	1.0445751620159	False			False	False	depletion	2.03213351544936
NR_1	Naive_B	strict_primary	2702	11	2691	1	0	1	fit_complete_or_quasi_separation_risk	True	-9.38553106802092	1455.39762288288	-0.0064487744932755	0.9948546580587	8.3929695489807e-05	0.0	inf	1.00047464972887	1.98619302307089	2.03213351544936	1.0445751620159	False			False	False	depletion	2.03213351544936
ZNF354	Naive_CD8_T	strict_primary	2080	13	2067	1	0	1	fit_complete_or_quasi_separation_risk	True	-9.3153402709217	1455.39768485899	-0.0064005463027957	0.994893137793117	9.00324613568096e-05	0.0	inf	1.00309395673934	2.06038894933658	2.08211519539348	1.03274477687102	False			False	False	depletion	2.08211519539348
ZNF274	Memory_Tregs	strict_primary	3684	14	3670	1	0	1	fit_complete_or_quasi_separation_risk	True	-9.25972591022364	1455.39760093495	-0.0063623341857065	0.994923626030587	9.51814098211387e-05	0.0	inf	1.00019133695846	2.10069396888249	2.12278182006421	1.01872613992317	False			False	False	depletion	2.12278182006421
NR_16	Follicular_T_Helper	strict_primary	2061	12	2049	2	0	2	fit_complete_or_quasi_separation_risk	True	-10.7600017568901	1691.83412858008	-0.0063599625844649	0.994925518256318	2.12319856362232e-05	0.0	inf	1.001608214832	1.97667463081993	1.99433994089516	1.01578827502135	False			False	False	depletion	1.99433994089516
ZNF335	Memory_Tregs	strict_primary	3684	14	3670	1	0	1	fit_complete_or_quasi_separation_risk	True	-9.23873305596863	1455.39763855792	-0.0063479098846984	0.994935134725255	9.72006600416843e-05	0.0	inf	1.00057053746987	2.10068575324048	2.12259226827516	1.01918734944092	False			False	False	depletion	2.12259226827516
NFI_3	Memory_Tregs	strict_primary	3684	14	3670	1	0	1	fit_complete_or_quasi_separation_risk	True	-9.20541836706788	1455.3976046218	-0.006325019594532	0.994953398167722	0.0001004934137872	0.0	inf	1.00030513752635	2.10081681514703	2.12310199230336	1.01870868305877	False			False	False	depletion	2.12310199230336
Ebox_CACCTG	Naive_B	strict_primary	2702	11	2691	1	0	1	fit_complete_or_quasi_separation_risk	True	-9.1920481516099	1455.39761603595	-0.0063158329038947	0.99496072793994	0.0001018460547823	0.0	inf	1.00013232132188	1.98602268008871	2.03212682269732	1.04427300576912	False			False	False	depletion	2.03212682269732
Ebox_CAGATGG	Naive_B	strict_primary	2702	11	2691	1	0	1	fit_complete_or_quasi_separation_risk	True	-9.1920481516099	1455.39761603595	-0.0063158329038947	0.99496072793994	0.0001018460547823	0.0	inf	1.00013232132188	1.98602268008871	2.03212682269732	1.04427300576912	False			False	False	depletion	2.03212682269732
ZBTB6	Follicular_T_Helper	strict_primary	2061	12	2049	1	0	1	fit_complete_or_quasi_separation_risk	True	-9.16192846839061	1455.39765636428	-0.0062951375717327	0.994977240097695	0.0001049602901495	0.0	inf	1.00038465819903	1.97594775131811	1.99273866878392	1.01545978479575	False			False	False	depletion	1.99273866878392
FOX_5	Naive_CD8_T	strict_primary	2080	13	2067	1	0	1	fit_complete_or_quasi_separation_risk	True	-9.12788586305238	1455.39765490349	-0.0062717469911394	0.994995902712399	0.0001085949271314	0.0	inf	1.00062061372618	2.05649290683792	2.07582029450553	1.03323051010921	False			False	False	depletion	2.07582029450553
ZSCAN3	Naive_B	strict_primary	2702	11	2691	1	0	1	fit_complete_or_quasi_separation_risk	True	-9.11995946469173	1455.39795395934	-0.0062662994955306	0.995000249099632	0.0001094591142047	0.0	inf	1.00761306429006	1.99380126585735	2.04454879904453	1.04495293913322	False			False	False	depletion	2.04454879904453
SOX_2	Memory_Tregs	strict_primary	3684	14	3670	1	0	1	fit_complete_or_quasi_separation_risk	True	-9.11923438115342	1455.39762248844	-0.0062658027196453	0.995000645461659	0.0001095385099873	0.0	inf	1.00044009110492	2.10080286419206	2.12308251475206	1.0188792777765	False			False	False	depletion	2.12308251475206
MIES	Naive_B	strict_primary	2702	11	2691	1	0	1	fit_complete_or_quasi_separation_risk	True	-9.02209487910832	1455.39762607696	-0.0061990583998872	0.995053898689633	0.0001207129820739	0.0	inf	1.00012439949651	1.98598283770836	2.03212845944719	1.04427196426957	False			False	False	depletion	2.03212845944719
SOX_1	Memory_Tregs	strict_primary	3684	14	3670	1	0	1	fit_complete_or_quasi_separation_risk	True	-8.96361288141997	1455.39763344924	-0.0061588755371111	0.995085959363411	0.0001279830299409	0.0	inf	1.00084716879985	2.10145002815734	2.12423241551537	1.0187798420104	False			False	False	depletion	2.12423241551537
ZIM3	Memory_Tregs	strict_primary	3684	14	3670	1	0	1	fit_complete_or_quasi_separation_risk	True	-8.94427512677938	1455.39762358645	-0.0061455886568912	0.99509656055937	0.0001304820189159	0.0	inf	1.00060570422452	2.1012148905419	2.12372165706605	1.01876441015223	False			False	False	depletion	2.12372165706605
FOX_5	Naive_B	strict_primary	2702	11	2691	1	0	1	fit_complete_or_quasi_separation_risk	True	-8.73958587375666	1455.39764421877	-0.006004947107392	0.995208774209371	0.0001601201841514	0.0	inf	1.00029633064259	1.98613600702117	2.03217535986382	1.04441209999168	False			False	False	depletion	2.03217535986382
ZNF320	Follicular_T_Helper	strict_primary	2061	12	2049	1	0	1	fit_complete_or_quasi_separation_risk	True	-8.66770097845223	1455.39809203585	-0.0059555533471447	0.995248184023348	0.0001720542062039	0.0	inf	1.01314589269547	1.99018168766356	2.01264499600595	1.01684681549784	False			False	False	depletion	2.01264499600595
CCAAT_CEBP	Memory_Tregs	strict_primary	3684	14	3670	1	0	1	fit_complete_or_quasi_separation_risk	True	-8.53077708125806	1455.39767801097	-0.0058614749838798	0.995323246386629	0.00019730159097	0.0	inf	1.00070062956315	2.1008447037056	2.12307930236514	1.01900582272419	False			False	False	depletion	2.12307930236514
ZBTB6	Memory_Tregs	strict_primary	3684	14	3670	1	0	1	fit_complete_or_quasi_separation_risk	True	-8.52137126898642	1455.39764785594	-0.0058550123957805	0.995328402697416	0.0001991661276905	0.0	inf	1.00020952441207	2.10070664669114	2.1228878540644	1.01864075160965	False			False	False	depletion	2.1228878540644
AHR	Follicular_T_Helper	strict_primary	2061	12	2049	0	0	0	skip_motif_no_variation	False												False			False	False		
AHR	Memory_Tregs	strict_primary	3684	14	3670	0	0	0	skip_motif_no_variation	False												False			False	False		
AHR	Naive_B	strict_primary	2702	11	2691	0	0	0	skip_motif_no_variation	False												False			False	False		
AHR	Naive_CD8_T	strict_primary	2080	13	2067	0	0	0	skip_motif_no_variation	False												False			False	False		
AIRE	Follicular_T_Helper	strict_primary	2061	12	2049	0	0	0	skip_motif_no_variation	False												False			False	False		
AIRE	Memory_Tregs	strict_primary	3684	14	3670	0	0	0	skip_motif_no_variation	False												False			False	False		
AIRE	Monocytes	strict_primary	96771	1256	95515	0	0	0	skip_motif_no_variation	False												False			False	False		
AIRE	Naive_B	strict_primary	2702	11	2691	0	0	0	skip_motif_no_variation	False												False			False	False		
AIRE	Naive_CD8_T	strict_primary	2080	13	2067	0	0	0	skip_motif_no_variation	False												False			False	False		
AIRE	Naive_Tregs	strict_primary	77304	149	77155	0	0	0	skip_motif_no_variation	False												False			False	False		
AP1_1	Follicular_T_Helper	strict_primary	2061	12	2049	0	0	0	skip_motif_no_variation	False												False			False	False		
AP1_1	Memory_Tregs	strict_primary	3684	14	3670	0	0	0	skip_motif_no_variation	False												False			False	False		
AP1_1	Naive_CD8_T	strict_primary	2080	13	2067	0	0	0	skip_motif_no_variation	False												False			False	False		
AP1_2	Follicular_T_Helper	strict_primary	2061	12	2049	0	0	0	skip_motif_no_variation	False												False			False	False		
AP1_2	Memory_Tregs	strict_primary	3684	14	3670	0	0	0	skip_motif_no_variation	False												False			False	False		
AP1_2	Naive_B	strict_primary	2702	11	2691	0	0	0	skip_motif_no_variation	False												False			False	False		
AP1_2	Naive_CD8_T	strict_primary	2080	13	2067	0	0	0	skip_motif_no_variation	False												False			False	False		
ARI5A	Follicular_T_Helper	strict_primary	2061	12	2049	0	0	0	skip_motif_no_variation	False												False			False	False		
ARI5A	Memory_Tregs	strict_primary	3684	14	3670	0	0	0	skip_motif_no_variation	False												False			False	False		
ARI5A	Monocytes	strict_primary	96771	1256	95515	0	0	0	skip_motif_no_variation	False												False			False	False		
ARI5A	Naive_B	strict_primary	2702	11	2691	0	0	0	skip_motif_no_variation	False												False			False	False		
ARI5A	Naive_CD8_T	strict_primary	2080	13	2067	0	0	0	skip_motif_no_variation	False												False			False	False		
ARI5A	Naive_Tregs	strict_primary	77304	149	77155	0	0	0	skip_motif_no_variation	False												False			False	False		
ARI5B	Follicular_T_Helper	strict_primary	2061	12	2049	0	0	0	skip_motif_no_variation	False												False			False	False		
ARI5B	Memory_Tregs	strict_primary	3684	14	3670	0	0	0	skip_motif_no_variation	False												False			False	False		
ARI5B	Monocytes	strict_primary	96771	1256	95515	0	0	0	skip_motif_no_variation	False												False			False	False		
ARI5B	Naive_B	strict_primary	2702	11	2691	0	0	0	skip_motif_no_variation	False												False			False	False		
ARI5B	Naive_CD8_T	strict_primary	2080	13	2067	0	0	0	skip_motif_no_variation	False												False			False	False		
ARI5B	Naive_Tregs	strict_primary	77304	149	77155	0	0	0	skip_motif_no_variation	False												False			False	False		
BATF	Memory_Tregs	strict_primary	3684	14	3670	0	0	0	skip_motif_no_variation	False												False			False	False		
BATF	Naive_B	strict_primary	2702	11	2691	0	0	0	skip_motif_no_variation	False												False			False	False		
BATF	Naive_CD8_T	strict_primary	2080	13	2067	0	0	0	skip_motif_no_variation	False												False			False	False		
BCL6_1	Follicular_T_Helper	strict_primary	2061	12	2049	0	0	0	skip_motif_no_variation	False												False			False	False		
BCL6_1	Memory_Tregs	strict_primary	3684	14	3670	0	0	0	skip_motif_no_variation	False												False			False	False		
BCL6_1	Monocytes	strict_primary	96771	1256	95515	0	0	0	skip_motif_no_variation	False												False			False	False		
BCL6_1	Naive_B	strict_primary	2702	11	2691	0	0	0	skip_motif_no_variation	False												False			False	False		
BCL6_1	Naive_CD8_T	strict_primary	2080	13	2067	0	0	0	skip_motif_no_variation	False												False			False	False		
BCL6_1	Naive_Tregs	strict_primary	77304	149	77155	0	0	0	skip_motif_no_variation	False												False			False	False		
BCL6_2	Follicular_T_Helper	strict_primary	2061	12	2049	0	0	0	skip_motif_no_variation	False												False			False	False		
BCL6_2	Memory_Tregs	strict_primary	3684	14	3670	0	0	0	skip_motif_no_variation	False												False			False	False		
BCL6_2	Naive_B	strict_primary	2702	11	2691	0	0	0	skip_motif_no_variation	False												False			False	False		
BCL6_2	Naive_CD8_T	strict_primary	2080	13	2067	0	0	0	skip_motif_no_variation	False												False			False	False		
CCAAT_CEBP	Follicular_T_Helper	strict_primary	2061	12	2049	0	0	0	skip_motif_no_variation	False												False			False	False		
CCAAT_CEBP	Naive_B	strict_primary	2702	11	2691	0	0	0	skip_motif_no_variation	False												False			False	False		
CCAAT_CEBP	Naive_CD8_T	strict_primary	2080	13	2067	0	0	0	skip_motif_no_variation	False												False			False	False		
CENBP	Follicular_T_Helper	strict_primary	2061	12	2049	0	0	0	skip_motif_no_variation	False												False			False	False		
CENBP	Memory_Tregs	strict_primary	3684	14	3670	0	0	0	skip_motif_no_variation	False												False			False	False		
CENBP	Naive_B	strict_primary	2702	11	2691	0	0	0	skip_motif_no_variation	False												False			False	False		
CPEB1	Follicular_T_Helper	strict_primary	2061	12	2049	0	0	0	skip_motif_no_variation	False												False			False	False		
CPEB1	Memory_Tregs	strict_primary	3684	14	3670	0	0	0	skip_motif_no_variation	False												False			False	False		
CPEB1	Naive_CD8_T	strict_primary	2080	13	2067	0	0	0	skip_motif_no_variation	False												False			False	False		
CREB3_XBP1	Follicular_T_Helper	strict_primary	2061	12	2049	0	0	0	skip_motif_no_variation	False												False			False	False		
CREB3_XBP1	Memory_Tregs	strict_primary	3684	14	3670	0	0	0	skip_motif_no_variation	False												False			False	False		
CREB3_XBP1	Naive_B	strict_primary	2702	11	2691	0	0	0	skip_motif_no_variation	False												False			False	False		
CREB3_XBP1	Naive_CD8_T	strict_primary	2080	13	2067	0	0	0	skip_motif_no_variation	False												False			False	False		
CREB3_XBP1	Naive_Tregs	strict_primary	77304	149	77155	0	0	0	skip_motif_no_variation	False												False			False	False		
CREB_ATF_1	Follicular_T_Helper	strict_primary	2061	12	2049	0	0	0	skip_motif_no_variation	False												False			False	False		
CREB_ATF_1	Memory_Tregs	strict_primary	3684	14	3670	0	0	0	skip_motif_no_variation	False												False			False	False		
CREB_ATF_1	Naive_B	strict_primary	2702	11	2691	0	0	0	skip_motif_no_variation	False												False			False	False		
CREB_ATF_1	Naive_CD8_T	strict_primary	2080	13	2067	0	0	0	skip_motif_no_variation	False												False			False	False		
CREB_ATF_1	Naive_Tregs	strict_primary	77304	149	77155	0	0	0	skip_motif_no_variation	False												False			False	False		
CREB_ATF_2	Follicular_T_Helper	strict_primary	2061	12	2049	0	0	0	skip_motif_no_variation	False												False			False	False		
CREB_ATF_2	Memory_Tregs	strict_primary	3684	14	3670	0	0	0	skip_motif_no_variation	False												False			False	False		
CREB_ATF_2	Naive_B	strict_primary	2702	11	2691	0	0	0	skip_motif_no_variation	False												False			False	False		
CREB_ATF_2	Naive_CD8_T	strict_primary	2080	13	2067	0	0	0	skip_motif_no_variation	False												False			False	False		
CREB_ATF_3	Follicular_T_Helper	strict_primary	2061	12	2049	0	0	0	skip_motif_no_variation	False												False			False	False		
CREB_ATF_3	Memory_Tregs	strict_primary	3684	14	3670	0	0	0	skip_motif_no_variation	False												False			False	False		
CREB_ATF_3	Naive_B	strict_primary	2702	11	2691	0	0	0	skip_motif_no_variation	False												False			False	False		
CREB_ATF_3	Naive_CD8_T	strict_primary	2080	13	2067	0	0	0	skip_motif_no_variation	False												False			False	False		
CREB_ATF_3	Naive_Tregs	strict_primary	77304	149	77155	0	0	0	skip_motif_no_variation	False												False			False	False		
CTCF	Follicular_T_Helper	strict_primary	2061	12	2049	0	0	0	skip_motif_no_variation	False												False			False	False		
CUX_1	Follicular_T_Helper	strict_primary	2061	12	2049	0	0	0	skip_motif_no_variation	False												False			False	False		
CUX_1	Memory_Tregs	strict_primary	3684	14	3670	0	0	0	skip_motif_no_variation	False												False			False	False		
CUX_1	Monocytes	strict_primary	96771	1256	95515	0	0	0	skip_motif_no_variation	False												False			False	False		
CUX_1	Naive_B	strict_primary	2702	11	2691	0	0	0	skip_motif_no_variation	False												False			False	False		
CUX_1	Naive_CD8_T	strict_primary	2080	13	2067	0	0	0	skip_motif_no_variation	False												False			False	False		
CUX_1	Naive_Tregs	strict_primary	77304	149	77155	0	0	0	skip_motif_no_variation	False												False			False	False		
CUX_2	Follicular_T_Helper	strict_primary	2061	12	2049	0	0	0	skip_motif_no_variation	False												False			False	False		
CUX_2	Memory_Tregs	strict_primary	3684	14	3670	0	0	0	skip_motif_no_variation	False												False			False	False		
CUX_2	Naive_B	strict_primary	2702	11	2691	0	0	0	skip_motif_no_variation	False												False			False	False		
CUX_2	Naive_CD8_T	strict_primary	2080	13	2067	0	0	0	skip_motif_no_variation	False												False			False	False		
CUX_2	Naive_Tregs	strict_primary	77304	149	77155	0	0	0	skip_motif_no_variation	False												False			False	False		
CUX_3	Follicular_T_Helper	strict_primary	2061	12	2049	0	0	0	skip_motif_no_variation	False												False			False	False		
CUX_3	Memory_Tregs	strict_primary	3684	14	3670	0	0	0	skip_motif_no_variation	False												False			False	False		
CUX_3	Monocytes	strict_primary	96771	1256	95515	0	0	0	skip_motif_no_variation	False												False			False	False		
CUX_3	Naive_B	strict_primary	2702	11	2691	0	0	0	skip_motif_no_variation	False												False			False	False		
CUX_3	Naive_CD8_T	strict_primary	2080	13	2067	0	0	0	skip_motif_no_variation	False												False			False	False		
CUX_3	Naive_Tregs	strict_primary	77304	149	77155	0	0	0	skip_motif_no_variation	False												False			False	False		
CUX_4	Follicular_T_Helper	strict_primary	2061	12	2049	0	0	0	skip_motif_no_variation	False												False			False	False		
CUX_4	Memory_Tregs	strict_primary	3684	14	3670	0	0	0	skip_motif_no_variation	False												False			False	False		
CUX_4	Monocytes	strict_primary	96771	1256	95515	0	0	0	skip_motif_no_variation	False												False			False	False		
CUX_4	Naive_B	strict_primary	2702	11	2691	0	0	0	skip_motif_no_variation	False												False			False	False		
CUX_4	Naive_CD8_T	strict_primary	2080	13	2067	0	0	0	skip_motif_no_variation	False												False			False	False		
CUX_4	Naive_Tregs	strict_primary	77304	149	77155	0	0	0	skip_motif_no_variation	False												False			False	False		
DDIT3+CEBPA	Follicular_T_Helper	strict_primary	2061	12	2049	0	0	0	skip_motif_no_variation	False												False			False	False		
DDIT3+CEBPA	Memory_Tregs	strict_primary	3684	14	3670	0	0	0	skip_motif_no_variation	False												False			False	False		
DDIT3+CEBPA	Naive_CD8_T	strict_primary	2080	13	2067	0	0	0	skip_motif_no_variation	False												False			False	False		
DDIT3+CEBPA	Naive_Tregs	strict_primary	77304	149	77155	0	0	0	skip_motif_no_variation	False												False			False	False		
DMRT1	Follicular_T_Helper	strict_primary	2061	12	2049	0	0	0	skip_motif_no_variation	False												False			False	False		
DMRT1	Memory_Tregs	strict_primary	3684	14	3670	0	0	0	skip_motif_no_variation	False												False			False	False		
DMRT1	Monocytes	strict_primary	96771	1256	95515	0	0	0	skip_motif_no_variation	False												False			False	False		
DMRT1	Naive_B	strict_primary	2702	11	2691	0	0	0	skip_motif_no_variation	False												False			False	False		
DMRT1	Naive_CD8_T	strict_primary	2080	13	2067	0	0	0	skip_motif_no_variation	False												False			False	False		
DMRT1	Naive_Tregs	strict_primary	77304	149	77155	0	0	0	skip_motif_no_variation	False												False			False	False		
DMRT3	Follicular_T_Helper	strict_primary	2061	12	2049	0	0	0	skip_motif_no_variation	False												False			False	False		
DMRT3	Memory_Tregs	strict_primary	3684	14	3670	0	0	0	skip_motif_no_variation	False												False			False	False		
DMRT3	Monocytes	strict_primary	96771	1256	95515	0	0	0	skip_motif_no_variation	False												False			False	False		
DMRT3	Naive_B	strict_primary	2702	11	2691	0	0	0	skip_motif_no_variation	False												False			False	False		
DMRT3	Naive_CD8_T	strict_primary	2080	13	2067	0	0	0	skip_motif_no_variation	False												False			False	False		
DMRT3	Naive_Tregs	strict_primary	77304	149	77155	0	0	0	skip_motif_no_variation	False												False			False	False		
E2F_1	Follicular_T_Helper	strict_primary	2061	12	2049	0	0	0	skip_motif_no_variation	False												False			False	False		
E2F_1	Memory_Tregs	strict_primary	3684	14	3670	0	0	0	skip_motif_no_variation	False												False			False	False		
E2F_1	Naive_B	strict_primary	2702	11	2691	0	0	0	skip_motif_no_variation	False												False			False	False		
E2F_1	Naive_CD8_T	strict_primary	2080	13	2067	0	0	0	skip_motif_no_variation	False												False			False	False		
E2F_2	Follicular_T_Helper	strict_primary	2061	12	2049	0	0	0	skip_motif_no_variation	False												False			False	False		
E2F_2	Naive_B	strict_primary	2702	11	2691	0	0	0	skip_motif_no_variation	False												False			False	False		
E2F_2	Naive_CD8_T	strict_primary	2080	13	2067	0	0	0	skip_motif_no_variation	False												False			False	False		
E2F_3	Follicular_T_Helper	strict_primary	2061	12	2049	0	0	0	skip_motif_no_variation	False												False			False	False		
E2F_3	Memory_Tregs	strict_primary	3684	14	3670	0	0	0	skip_motif_no_variation	False												False			False	False		
E2F_3	Naive_B	strict_primary	2702	11	2691	0	0	0	skip_motif_no_variation	False												False			False	False		
E2F_3	Naive_CD8_T	strict_primary	2080	13	2067	0	0	0	skip_motif_no_variation	False												False			False	False		
E2F_4	Follicular_T_Helper	strict_primary	2061	12	2049	0	0	0	skip_motif_no_variation	False												False			False	False		
E2F_4	Memory_Tregs	strict_primary	3684	14	3670	0	0	0	skip_motif_no_variation	False												False			False	False		
E2F_4	Naive_B	strict_primary	2702	11	2691	0	0	0	skip_motif_no_variation	False												False			False	False		
E2F_4	Naive_CD8_T	strict_primary	2080	13	2067	0	0	0	skip_motif_no_variation	False												False			False	False		
E2F_4	Naive_Tregs	strict_primary	77304	149	77155	0	0	0	skip_motif_no_variation	False												False			False	False		
EBF1	Follicular_T_Helper	strict_primary	2061	12	2049	0	0	0	skip_motif_no_variation	False												False			False	False		
EBF1	Memory_Tregs	strict_primary	3684	14	3670	0	0	0	skip_motif_no_variation	False												False			False	False		
EBF1	Naive_B	strict_primary	2702	11	2691	0	0	0	skip_motif_no_variation	False												False			False	False		
EBF1	Naive_CD8_T	strict_primary	2080	13	2067	0	0	0	skip_motif_no_variation	False												False			False	False		
EGR	Follicular_T_Helper	strict_primary	2061	12	2049	0	0	0	skip_motif_no_variation	False												False			False	False		
EGR	Memory_Tregs	strict_primary	3684	14	3670	0	0	0	skip_motif_no_variation	False												False			False	False		
EGR	Naive_B	strict_primary	2702	11	2691	0	0	0	skip_motif_no_variation	False												False			False	False		
EGR	Naive_CD8_T	strict_primary	2080	13	2067	0	0	0	skip_motif_no_variation	False												False			False	False		
ETS_1	Follicular_T_Helper	strict_primary	2061	12	2049	0	0	0	skip_motif_no_variation	False												False			False	False		
ETS_1	Naive_B	strict_primary	2702	11	2691	0	0	0	skip_motif_no_variation	False												False			False	False		
ETS_1	Naive_CD8_T	strict_primary	2080	13	2067	0	0	0	skip_motif_no_variation	False												False			False	False		
ETS_2	Follicular_T_Helper	strict_primary	2061	12	2049	0	0	0	skip_motif_no_variation	False												False			False	False		
ETS_2	Naive_B	strict_primary	2702	11	2691	0	0	0	skip_motif_no_variation	False												False			False	False		
ETS_2	Naive_CD8_T	strict_primary	2080	13	2067	0	0	0	skip_motif_no_variation	False												False			False	False		
EVI1_MECOM	Follicular_T_Helper	strict_primary	2061	12	2049	0	0	0	skip_motif_no_variation	False												False			False	False		
EVI1_MECOM	Memory_Tregs	strict_primary	3684	14	3670	0	0	0	skip_motif_no_variation	False												False			False	False		
EVI1_MECOM	Monocytes	strict_primary	96771	1256	95515	0	0	0	skip_motif_no_variation	False												False			False	False		
EVI1_MECOM	Naive_B	strict_primary	2702	11	2691	0	0	0	skip_motif_no_variation	False												False			False	False		
EVI1_MECOM	Naive_CD8_T	strict_primary	2080	13	2067	0	0	0	skip_motif_no_variation	False												False			False	False		
EVI1_MECOM	Naive_Tregs	strict_primary	77304	149	77155	0	0	0	skip_motif_no_variation	False												False			False	False		
EWSR1_FLI1	Follicular_T_Helper	strict_primary	2061	12	2049	0	0	0	skip_motif_no_variation	False												False			False	False		
EWSR1_FLI1	Memory_Tregs	strict_primary	3684	14	3670	0	0	0	skip_motif_no_variation	False												False			False	False		
EWSR1_FLI1	Naive_B	strict_primary	2702	11	2691	0	0	0	skip_motif_no_variation	False												False			False	False		
EWSR1_FLI1	Naive_CD8_T	strict_primary	2080	13	2067	0	0	0	skip_motif_no_variation	False												False			False	False		
Ebox_CACCTG	Follicular_T_Helper	strict_primary	2061	12	2049	0	0	0	skip_motif_no_variation	False												False			False	False		
Ebox_CACCTG	Memory_Tregs	strict_primary	3684	14	3670	0	0	0	skip_motif_no_variation	False												False			False	False		
Ebox_CACCTG	Naive_CD8_T	strict_primary	2080	13	2067	0	0	0	skip_motif_no_variation	False												False			False	False		
Ebox_CACGTG_1	Follicular_T_Helper	strict_primary	2061	12	2049	0	0	0	skip_motif_no_variation	False												False			False	False		
Ebox_CACGTG_1	Memory_Tregs	strict_primary	3684	14	3670	0	0	0	skip_motif_no_variation	False												False			False	False		
Ebox_CACGTG_1	Naive_B	strict_primary	2702	11	2691	0	0	0	skip_motif_no_variation	False												False			False	False		
Ebox_CACGTG_1	Naive_CD8_T	strict_primary	2080	13	2067	0	0	0	skip_motif_no_variation	False												False			False	False		
Ebox_CACGTG_2	Follicular_T_Helper	strict_primary	2061	12	2049	0	0	0	skip_motif_no_variation	False												False			False	False		
Ebox_CACGTG_2	Memory_Tregs	strict_primary	3684	14	3670	0	0	0	skip_motif_no_variation	False												False			False	False		
Ebox_CACGTG_2	Naive_B	strict_primary	2702	11	2691	0	0	0	skip_motif_no_variation	False												False			False	False		
Ebox_CACGTG_2	Naive_CD8_T	strict_primary	2080	13	2067	0	0	0	skip_motif_no_variation	False												False			False	False		
Ebox_CAGATGG	Follicular_T_Helper	strict_primary	2061	12	2049	0	0	0	skip_motif_no_variation	False												False			False	False		
Ebox_CAGATGG	Memory_Tregs	strict_primary	3684	14	3670	0	0	0	skip_motif_no_variation	False												False			False	False		
Ebox_CAGATGG	Naive_CD8_T	strict_primary	2080	13	2067	0	0	0	skip_motif_no_variation	False												False			False	False		
Ebox_CAGCTG	Follicular_T_Helper	strict_primary	2061	12	2049	0	0	0	skip_motif_no_variation	False												False			False	False		
Ebox_CAGCTG	Naive_B	strict_primary	2702	11	2691	0	0	0	skip_motif_no_variation	False												False			False	False		
Ebox_CATATG	Follicular_T_Helper	strict_primary	2061	12	2049	0	0	0	skip_motif_no_variation	False												False			False	False		
Ebox_CATATG	Memory_Tregs	strict_primary	3684	14	3670	0	0	0	skip_motif_no_variation	False												False			False	False		
Ebox_CATATG	Monocytes	strict_primary	96771	1256	95515	0	0	0	skip_motif_no_variation	False												False			False	False		
Ebox_CATATG	Naive_B	strict_primary	2702	11	2691	0	0	0	skip_motif_no_variation	False												False			False	False		
Ebox_CATATG	Naive_CD8_T	strict_primary	2080	13	2067	0	0	0	skip_motif_no_variation	False												False			False	False		
Ebox_CATATG	Naive_Tregs	strict_primary	77304	149	77155	0	0	0	skip_motif_no_variation	False												False			False	False		
FEZF1	Follicular_T_Helper	strict_primary	2061	12	2049	0	0	0	skip_motif_no_variation	False												False			False	False		
FEZF1	Naive_B	strict_primary	2702	11	2691	0	0	0	skip_motif_no_variation	False												False			False	False		
FEZF1	Naive_CD8_T	strict_primary	2080	13	2067	0	0	0	skip_motif_no_variation	False												False			False	False		
FOX_1	Follicular_T_Helper	strict_primary	2061	12	2049	0	0	0	skip_motif_no_variation	False												False			False	False		
FOX_1	Memory_Tregs	strict_primary	3684	14	3670	0	0	0	skip_motif_no_variation	False												False			False	False		
FOX_1	Monocytes	strict_primary	96771	1256	95515	0	0	0	skip_motif_no_variation	False												False			False	False		
FOX_1	Naive_B	strict_primary	2702	11	2691	0	0	0	skip_motif_no_variation	False												False			False	False		
FOX_1	Naive_CD8_T	strict_primary	2080	13	2067	0	0	0	skip_motif_no_variation	False												False			False	False		
FOX_2	Follicular_T_Helper	strict_primary	2061	12	2049	0	0	0	skip_motif_no_variation	False												False			False	False		
FOX_2	Memory_Tregs	strict_primary	3684	14	3670	0	0	0	skip_motif_no_variation	False												False			False	False		
FOX_2	Monocytes	strict_primary	96771	1256	95515	0	0	0	skip_motif_no_variation	False												False			False	False		
FOX_2	Naive_B	strict_primary	2702	11	2691	0	0	0	skip_motif_no_variation	False												False			False	False		
FOX_2	Naive_CD8_T	strict_primary	2080	13	2067	0	0	0	skip_motif_no_variation	False												False			False	False		
FOX_2	Naive_Tregs	strict_primary	77304	149	77155	0	0	0	skip_motif_no_variation	False												False			False	False		
FOX_3	Follicular_T_Helper	strict_primary	2061	12	2049	0	0	0	skip_motif_no_variation	False												False			False	False		
FOX_3	Memory_Tregs	strict_primary	3684	14	3670	0	0	0	skip_motif_no_variation	False												False			False	False		
FOX_3	Naive_B	strict_primary	2702	11	2691	0	0	0	skip_motif_no_variation	False												False			False	False		
FOX_3	Naive_CD8_T	strict_primary	2080	13	2067	0	0	0	skip_motif_no_variation	False												False			False	False		
FOX_3	Naive_Tregs	strict_primary	77304	149	77155	0	0	0	skip_motif_no_variation	False												False			False	False		
FOX_4	Follicular_T_Helper	strict_primary	2061	12	2049	0	0	0	skip_motif_no_variation	False												False			False	False		
FOX_4	Memory_Tregs	strict_primary	3684	14	3670	0	0	0	skip_motif_no_variation	False												False			False	False		
FOX_4	Naive_B	strict_primary	2702	11	2691	0	0	0	skip_motif_no_variation	False												False			False	False		
FOX_4	Naive_CD8_T	strict_primary	2080	13	2067	0	0	0	skip_motif_no_variation	False												False			False	False		
FOX_5	Follicular_T_Helper	strict_primary	2061	12	2049	0	0	0	skip_motif_no_variation	False												False			False	False		
FOX_6	Follicular_T_Helper	strict_primary	2061	12	2049	0	0	0	skip_motif_no_variation	False												False			False	False		
FOX_6	Memory_Tregs	strict_primary	3684	14	3670	0	0	0	skip_motif_no_variation	False												False			False	False		
FOX_6	Naive_B	strict_primary	2702	11	2691	0	0	0	skip_motif_no_variation	False												False			False	False		
FOX_6	Naive_CD8_T	strict_primary	2080	13	2067	0	0	0	skip_motif_no_variation	False												False			False	False		
FOX_6	Naive_Tregs	strict_primary	77304	149	77155	0	0	0	skip_motif_no_variation	False												False			False	False		
FOX_7	Follicular_T_Helper	strict_primary	2061	12	2049	0	0	0	skip_motif_no_variation	False												False			False	False		
FOX_7	Memory_Tregs	strict_primary	3684	14	3670	0	0	0	skip_motif_no_variation	False												False			False	False		
FOX_7	Naive_B	strict_primary	2702	11	2691	0	0	0	skip_motif_no_variation	False												False			False	False		
FOX_7	Naive_CD8_T	strict_primary	2080	13	2067	0	0	0	skip_motif_no_variation	False												False			False	False		
FOX_8	Follicular_T_Helper	strict_primary	2061	12	2049	0	0	0	skip_motif_no_variation	False												False			False	False		
FOX_8	Memory_Tregs	strict_primary	3684	14	3670	0	0	0	skip_motif_no_variation	False												False			False	False		
FOX_8	Naive_B	strict_primary	2702	11	2691	0	0	0	skip_motif_no_variation	False												False			False	False		
FOX_8	Naive_CD8_T	strict_primary	2080	13	2067	0	0	0	skip_motif_no_variation	False												False			False	False		
FOX_8	Naive_Tregs	strict_primary	77304	149	77155	0	0	0	skip_motif_no_variation	False												False			False	False		
FOX_9	Follicular_T_Helper	strict_primary	2061	12	2049	0	0	0	skip_motif_no_variation	False												False			False	False		
FOX_9	Memory_Tregs	strict_primary	3684	14	3670	0	0	0	skip_motif_no_variation	False												False			False	False		
FOX_9	Naive_B	strict_primary	2702	11	2691	0	0	0	skip_motif_no_variation	False												False			False	False		
FOX_9	Naive_CD8_T	strict_primary	2080	13	2067	0	0	0	skip_motif_no_variation	False												False			False	False		
FOX_9	Naive_Tregs	strict_primary	77304	149	77155	0	0	0	skip_motif_no_variation	False												False			False	False		
GATA	Follicular_T_Helper	strict_primary	2061	12	2049	0	0	0	skip_motif_no_variation	False												False			False	False		
GATA	Memory_Tregs	strict_primary	3684	14	3670	0	0	0	skip_motif_no_variation	False												False			False	False		
GATA	Naive_B	strict_primary	2702	11	2691	0	0	0	skip_motif_no_variation	False												False			False	False		
GATA	Naive_CD8_T	strict_primary	2080	13	2067	0	0	0	skip_motif_no_variation	False												False			False	False		
GCM	Follicular_T_Helper	strict_primary	2061	12	2049	0	0	0	skip_motif_no_variation	False												False			False	False		
GCM	Memory_Tregs	strict_primary	3684	14	3670	0	0	0	skip_motif_no_variation	False												False			False	False		
GCM	Naive_B	strict_primary	2702	11	2691	0	0	0	skip_motif_no_variation	False												False			False	False		
GCM	Naive_CD8_T	strict_primary	2080	13	2067	0	0	0	skip_motif_no_variation	False												False			False	False		
GFI	Follicular_T_Helper	strict_primary	2061	12	2049	0	0	0	skip_motif_no_variation	False												False			False	False		
GFI	Memory_Tregs	strict_primary	3684	14	3670	0	0	0	skip_motif_no_variation	False												False			False	False		
GFI	Naive_B	strict_primary	2702	11	2691	0	0	0	skip_motif_no_variation	False												False			False	False		
GFI	Naive_CD8_T	strict_primary	2080	13	2067	0	0	0	skip_motif_no_variation	False												False			False	False		
GLI	Follicular_T_Helper	strict_primary	2061	12	2049	0	0	0	skip_motif_no_variation	False												False			False	False		
GLI	Memory_Tregs	strict_primary	3684	14	3670	0	0	0	skip_motif_no_variation	False												False			False	False		
GLI	Naive_B	strict_primary	2702	11	2691	0	0	0	skip_motif_no_variation	False												False			False	False		
GLI	Naive_CD8_T	strict_primary	2080	13	2067	0	0	0	skip_motif_no_variation	False												False			False	False		
GLIS	Follicular_T_Helper	strict_primary	2061	12	2049	0	0	0	skip_motif_no_variation	False												False			False	False		
GLIS	Memory_Tregs	strict_primary	3684	14	3670	0	0	0	skip_motif_no_variation	False												False			False	False		
GLIS	Naive_B	strict_primary	2702	11	2691	0	0	0	skip_motif_no_variation	False												False			False	False		
GLIS	Naive_CD8_T	strict_primary	2080	13	2067	0	0	0	skip_motif_no_variation	False												False			False	False		
GMEB2_1	Follicular_T_Helper	strict_primary	2061	12	2049	0	0	0	skip_motif_no_variation	False												False			False	False		
GMEB2_1	Memory_Tregs	strict_primary	3684	14	3670	0	0	0	skip_motif_no_variation	False												False			False	False		
GMEB2_1	Monocytes	strict_primary	96771	1256	95515	0	0	0	skip_motif_no_variation	False												False			False	False		
GMEB2_1	Naive_B	strict_primary	2702	11	2691	0	0	0	skip_motif_no_variation	False												False			False	False		
GMEB2_1	Naive_CD8_T	strict_primary	2080	13	2067	0	0	0	skip_motif_no_variation	False												False			False	False		
GMEB2_1	Naive_Tregs	strict_primary	77304	149	77155	0	0	0	skip_motif_no_variation	False												False			False	False		
GMEB2_2	Follicular_T_Helper	strict_primary	2061	12	2049	0	0	0	skip_motif_no_variation	False												False			False	False		
GMEB2_2	Memory_Tregs	strict_primary	3684	14	3670	0	0	0	skip_motif_no_variation	False												False			False	False		
GMEB2_2	Naive_B	strict_primary	2702	11	2691	0	0	0	skip_motif_no_variation	False												False			False	False		
GMEB2_2	Naive_CD8_T	strict_primary	2080	13	2067	0	0	0	skip_motif_no_variation	False												False			False	False		
GMEB2_3	Follicular_T_Helper	strict_primary	2061	12	2049	0	0	0	skip_motif_no_variation	False												False			False	False		
GMEB2_3	Memory_Tregs	strict_primary	3684	14	3670	0	0	0	skip_motif_no_variation	False												False			False	False		
GMEB2_3	Naive_B	strict_primary	2702	11	2691	0	0	0	skip_motif_no_variation	False												False			False	False		
GMEB2_3	Naive_CD8_T	strict_primary	2080	13	2067	0	0	0	skip_motif_no_variation	False												False			False	False		
GRHL	Follicular_T_Helper	strict_primary	2061	12	2049	0	0	0	skip_motif_no_variation	False												False			False	False		
GRHL	Memory_Tregs	strict_primary	3684	14	3670	0	0	0	skip_motif_no_variation	False												False			False	False		
GRHL	Naive_B	strict_primary	2702	11	2691	0	0	0	skip_motif_no_variation	False												False			False	False		
GRHL	Naive_CD8_T	strict_primary	2080	13	2067	0	0	0	skip_motif_no_variation	False												False			False	False		
GRHL	Naive_Tregs	strict_primary	77304	149	77155	0	0	0	skip_motif_no_variation	False												False			False	False		
HAND1	Follicular_T_Helper	strict_primary	2061	12	2049	0	0	0	skip_motif_no_variation	False												False			False	False		
HAND1	Memory_Tregs	strict_primary	3684	14	3670	0	0	0	skip_motif_no_variation	False												False			False	False		
HAND1	Naive_B	strict_primary	2702	11	2691	0	0	0	skip_motif_no_variation	False												False			False	False		
HAND1	Naive_CD8_T	strict_primary	2080	13	2067	0	0	0	skip_motif_no_variation	False												False			False	False		
HD_1	Follicular_T_Helper	strict_primary	2061	12	2049	0	0	0	skip_motif_no_variation	False												False			False	False		
HD_1	Memory_Tregs	strict_primary	3684	14	3670	0	0	0	skip_motif_no_variation	False												False			False	False		
HD_1	Monocytes	strict_primary	96771	1256	95515	0	0	0	skip_motif_no_variation	False												False			False	False		
HD_1	Naive_B	strict_primary	2702	11	2691	0	0	0	skip_motif_no_variation	False												False			False	False		
HD_1	Naive_CD8_T	strict_primary	2080	13	2067	0	0	0	skip_motif_no_variation	False												False			False	False		
HD_1	Naive_Tregs	strict_primary	77304	149	77155	0	0	0	skip_motif_no_variation	False												False			False	False		
HD_10	Follicular_T_Helper	strict_primary	2061	12	2049	0	0	0	skip_motif_no_variation	False												False			False	False		
HD_10	Memory_Tregs	strict_primary	3684	14	3670	0	0	0	skip_motif_no_variation	False												False			False	False		
HD_10	Naive_B	strict_primary	2702	11	2691	0	0	0	skip_motif_no_variation	False												False			False	False		
HD_10	Naive_CD8_T	strict_primary	2080	13	2067	0	0	0	skip_motif_no_variation	False												False			False	False		
HD_10	Naive_Tregs	strict_primary	77304	149	77155	0	0	0	skip_motif_no_variation	False												False			False	False		
HD_11	Follicular_T_Helper	strict_primary	2061	12	2049	0	0	0	skip_motif_no_variation	False												False			False	False		
HD_11	Memory_Tregs	strict_primary	3684	14	3670	0	0	0	skip_motif_no_variation	False												False			False	False		
HD_11	Monocytes	strict_primary	96771	1256	95515	0	0	0	skip_motif_no_variation	False												False			False	False		
HD_11	Naive_CD8_T	strict_primary	2080	13	2067	0	0	0	skip_motif_no_variation	False												False			False	False		
HD_12	Follicular_T_Helper	strict_primary	2061	12	2049	0	0	0	skip_motif_no_variation	False												False			False	False		
HD_12	Memory_Tregs	strict_primary	3684	14	3670	0	0	0	skip_motif_no_variation	False												False			False	False		
HD_12	Naive_B	strict_primary	2702	11	2691	0	0	0	skip_motif_no_variation	False												False			False	False		
HD_12	Naive_CD8_T	strict_primary	2080	13	2067	0	0	0	skip_motif_no_variation	False												False			False	False		
HD_13	Follicular_T_Helper	strict_primary	2061	12	2049	0	0	0	skip_motif_no_variation	False												False			False	False		
HD_13	Memory_Tregs	strict_primary	3684	14	3670	0	0	0	skip_motif_no_variation	False												False			False	False		
HD_13	Monocytes	strict_primary	96771	1256	95515	0	0	0	skip_motif_no_variation	False												False			False	False		
HD_13	Naive_B	strict_primary	2702	11	2691	0	0	0	skip_motif_no_variation	False												False			False	False		
HD_13	Naive_CD8_T	strict_primary	2080	13	2067	0	0	0	skip_motif_no_variation	False												False			False	False		
HD_13	Naive_Tregs	strict_primary	77304	149	77155	0	0	0	skip_motif_no_variation	False												False			False	False		
HD_14	Follicular_T_Helper	strict_primary	2061	12	2049	0	0	0	skip_motif_no_variation	False												False			False	False		
HD_14	Memory_Tregs	strict_primary	3684	14	3670	0	0	0	skip_motif_no_variation	False												False			False	False		
HD_14	Monocytes	strict_primary	96771	1256	95515	0	0	0	skip_motif_no_variation	False												False			False	False		
HD_14	Naive_B	strict_primary	2702	11	2691	0	0	0	skip_motif_no_variation	False												False			False	False		
HD_14	Naive_CD8_T	strict_primary	2080	13	2067	0	0	0	skip_motif_no_variation	False												False			False	False		
HD_14	Naive_Tregs	strict_primary	77304	149	77155	0	0	0	skip_motif_no_variation	False												False			False	False		
HD_15	Follicular_T_Helper	strict_primary	2061	12	2049	0	0	0	skip_motif_no_variation	False												False			False	False		
HD_15	Memory_Tregs	strict_primary	3684	14	3670	0	0	0	skip_motif_no_variation	False												False			False	False		
HD_15	Naive_B	strict_primary	2702	11	2691	0	0	0	skip_motif_no_variation	False												False			False	False		
HD_15	Naive_CD8_T	strict_primary	2080	13	2067	0	0	0	skip_motif_no_variation	False												False			False	False		
HD_15	Naive_Tregs	strict_primary	77304	149	77155	0	0	0	skip_motif_no_variation	False												False			False	False		
HD_16	Follicular_T_Helper	strict_primary	2061	12	2049	0	0	0	skip_motif_no_variation	False												False			False	False		
HD_16	Memory_Tregs	strict_primary	3684	14	3670	0	0	0	skip_motif_no_variation	False												False			False	False		
HD_16	Naive_B	strict_primary	2702	11	2691	0	0	0	skip_motif_no_variation	False												False			False	False		
HD_16	Naive_CD8_T	strict_primary	2080	13	2067	0	0	0	skip_motif_no_variation	False												False			False	False		
HD_17	Follicular_T_Helper	strict_primary	2061	12	2049	0	0	0	skip_motif_no_variation	False												False			False	False		
HD_17	Memory_Tregs	strict_primary	3684	14	3670	0	0	0	skip_motif_no_variation	False												False			False	False		
HD_17	Naive_B	strict_primary	2702	11	2691	0	0	0	skip_motif_no_variation	False												False			False	False		
HD_17	Naive_CD8_T	strict_primary	2080	13	2067	0	0	0	skip_motif_no_variation	False												False			False	False		
HD_17	Naive_Tregs	strict_primary	77304	149	77155	0	0	0	skip_motif_no_variation	False												False			False	False		
HD_18	Follicular_T_Helper	strict_primary	2061	12	2049	0	0	0	skip_motif_no_variation	False												False			False	False		
HD_18	Memory_Tregs	strict_primary	3684	14	3670	0	0	0	skip_motif_no_variation	False												False			False	False		
HD_18	Naive_B	strict_primary	2702	11	2691	0	0	0	skip_motif_no_variation	False												False			False	False		
HD_18	Naive_CD8_T	strict_primary	2080	13	2067	0	0	0	skip_motif_no_variation	False												False			False	False		
HD_19	Follicular_T_Helper	strict_primary	2061	12	2049	0	0	0	skip_motif_no_variation	False												False			False	False		
HD_19	Memory_Tregs	strict_primary	3684	14	3670	0	0	0	skip_motif_no_variation	False												False			False	False		
HD_19	Monocytes	strict_primary	96771	1256	95515	0	0	0	skip_motif_no_variation	False												False			False	False		
HD_19	Naive_B	strict_primary	2702	11	2691	0	0	0	skip_motif_no_variation	False												False			False	False		
HD_19	Naive_CD8_T	strict_primary	2080	13	2067	0	0	0	skip_motif_no_variation	False												False			False	False		
HD_19	Naive_Tregs	strict_primary	77304	149	77155	0	0	0	skip_motif_no_variation	False												False			False	False		
HD_2	Follicular_T_Helper	strict_primary	2061	12	2049	0	0	0	skip_motif_no_variation	False												False			False	False		
HD_2	Memory_Tregs	strict_primary	3684	14	3670	0	0	0	skip_motif_no_variation	False												False			False	False		
HD_2	Naive_B	strict_primary	2702	11	2691	0	0	0	skip_motif_no_variation	False												False			False	False		
HD_2	Naive_CD8_T	strict_primary	2080	13	2067	0	0	0	skip_motif_no_variation	False												False			False	False		
HD_20	Follicular_T_Helper	strict_primary	2061	12	2049	0	0	0	skip_motif_no_variation	False												False			False	False		
HD_20	Memory_Tregs	strict_primary	3684	14	3670	0	0	0	skip_motif_no_variation	False												False			False	False		
HD_20	Naive_B	strict_primary	2702	11	2691	0	0	0	skip_motif_no_variation	False												False			False	False		
HD_20	Naive_CD8_T	strict_primary	2080	13	2067	0	0	0	skip_motif_no_variation	False												False			False	False		
HD_20	Naive_Tregs	strict_primary	77304	149	77155	0	0	0	skip_motif_no_variation	False												False			False	False		
HD_21	Follicular_T_Helper	strict_primary	2061	12	2049	0	0	0	skip_motif_no_variation	False												False			False	False		
HD_21	Memory_Tregs	strict_primary	3684	14	3670	0	0	0	skip_motif_no_variation	False												False			False	False		
HD_21	Monocytes	strict_primary	96771	1256	95515	0	0	0	skip_motif_no_variation	False												False			False	False		
HD_21	Naive_B	strict_primary	2702	11	2691	0	0	0	skip_motif_no_variation	False												False			False	False		
HD_21	Naive_CD8_T	strict_primary	2080	13	2067	0	0	0	skip_motif_no_variation	False												False			False	False		
HD_21	Naive_Tregs	strict_primary	77304	149	77155	0	0	0	skip_motif_no_variation	False												False			False	False		
HD_22	Memory_Tregs	strict_primary	3684	14	3670	0	0	0	skip_motif_no_variation	False												False			False	False		
HD_22	Naive_CD8_T	strict_primary	2080	13	2067	0	0	0	skip_motif_no_variation	False												False			False	False		
HD_23	Follicular_T_Helper	strict_primary	2061	12	2049	0	0	0	skip_motif_no_variation	False												False			False	False		
HD_23	Memory_Tregs	strict_primary	3684	14	3670	0	0	0	skip_motif_no_variation	False												False			False	False		
HD_23	Naive_B	strict_primary	2702	11	2691	0	0	0	skip_motif_no_variation	False												False			False	False		
HD_23	Naive_CD8_T	strict_primary	2080	13	2067	0	0	0	skip_motif_no_variation	False												False			False	False		
HD_23	Naive_Tregs	strict_primary	77304	149	77155	0	0	0	skip_motif_no_variation	False												False			False	False		
HD_24	Follicular_T_Helper	strict_primary	2061	12	2049	0	0	0	skip_motif_no_variation	False												False			False	False		
HD_24	Memory_Tregs	strict_primary	3684	14	3670	0	0	0	skip_motif_no_variation	False												False			False	False		
HD_24	Monocytes	strict_primary	96771	1256	95515	0	0	0	skip_motif_no_variation	False												False			False	False		
HD_24	Naive_B	strict_primary	2702	11	2691	0	0	0	skip_motif_no_variation	False												False			False	False		
HD_24	Naive_CD8_T	strict_primary	2080	13	2067	0	0	0	skip_motif_no_variation	False												False			False	False		
HD_24	Naive_Tregs	strict_primary	77304	149	77155	0	0	0	skip_motif_no_variation	False												False			False	False		
HD_25	Follicular_T_Helper	strict_primary	2061	12	2049	0	0	0	skip_motif_no_variation	False												False			False	False		
HD_25	Memory_Tregs	strict_primary	3684	14	3670	0	0	0	skip_motif_no_variation	False												False			False	False		
HD_25	Monocytes	strict_primary	96771	1256	95515	0	0	0	skip_motif_no_variation	False												False			False	False		
HD_25	Naive_B	strict_primary	2702	11	2691	0	0	0	skip_motif_no_variation	False												False			False	False		
HD_25	Naive_CD8_T	strict_primary	2080	13	2067	0	0	0	skip_motif_no_variation	False												False			False	False		
HD_25	Naive_Tregs	strict_primary	77304	149	77155	0	0	0	skip_motif_no_variation	False												False			False	False		
HD_3	Follicular_T_Helper	strict_primary	2061	12	2049	0	0	0	skip_motif_no_variation	False												False			False	False		
HD_3	Memory_Tregs	strict_primary	3684	14	3670	0	0	0	skip_motif_no_variation	False												False			False	False		
HD_3	Monocytes	strict_primary	96771	1256	95515	0	0	0	skip_motif_no_variation	False												False			False	False		
HD_3	Naive_B	strict_primary	2702	11	2691	0	0	0	skip_motif_no_variation	False												False			False	False		
HD_3	Naive_CD8_T	strict_primary	2080	13	2067	0	0	0	skip_motif_no_variation	False												False			False	False		
HD_3	Naive_Tregs	strict_primary	77304	149	77155	0	0	0	skip_motif_no_variation	False												False			False	False		
HD_4	Follicular_T_Helper	strict_primary	2061	12	2049	0	0	0	skip_motif_no_variation	False												False			False	False		
HD_4	Naive_B	strict_primary	2702	11	2691	0	0	0	skip_motif_no_variation	False												False			False	False		
HD_4	Naive_CD8_T	strict_primary	2080	13	2067	0	0	0	skip_motif_no_variation	False												False			False	False		
HD_5	Follicular_T_Helper	strict_primary	2061	12	2049	0	0	0	skip_motif_no_variation	False												False			False	False		
HD_5	Memory_Tregs	strict_primary	3684	14	3670	0	0	0	skip_motif_no_variation	False												False			False	False		
HD_5	Naive_B	strict_primary	2702	11	2691	0	0	0	skip_motif_no_variation	False												False			False	False		
HD_5	Naive_CD8_T	strict_primary	2080	13	2067	0	0	0	skip_motif_no_variation	False												False			False	False		
HD_6	Follicular_T_Helper	strict_primary	2061	12	2049	0	0	0	skip_motif_no_variation	False												False			False	False		
HD_6	Memory_Tregs	strict_primary	3684	14	3670	0	0	0	skip_motif_no_variation	False												False			False	False		
HD_6	Naive_B	strict_primary	2702	11	2691	0	0	0	skip_motif_no_variation	False												False			False	False		
HD_6	Naive_CD8_T	strict_primary	2080	13	2067	0	0	0	skip_motif_no_variation	False												False			False	False		
HD_7	Follicular_T_Helper	strict_primary	2061	12	2049	0	0	0	skip_motif_no_variation	False												False			False	False		
HD_7	Memory_Tregs	strict_primary	3684	14	3670	0	0	0	skip_motif_no_variation	False												False			False	False		
HD_7	Naive_B	strict_primary	2702	11	2691	0	0	0	skip_motif_no_variation	False												False			False	False		
HD_7	Naive_CD8_T	strict_primary	2080	13	2067	0	0	0	skip_motif_no_variation	False												False			False	False		
HD_7	Naive_Tregs	strict_primary	77304	149	77155	0	0	0	skip_motif_no_variation	False												False			False	False		
HD_8	Follicular_T_Helper	strict_primary	2061	12	2049	0	0	0	skip_motif_no_variation	False												False			False	False		
HD_8	Memory_Tregs	strict_primary	3684	14	3670	0	0	0	skip_motif_no_variation	False												False			False	False		
HD_8	Naive_B	strict_primary	2702	11	2691	0	0	0	skip_motif_no_variation	False												False			False	False		
HD_8	Naive_CD8_T	strict_primary	2080	13	2067	0	0	0	skip_motif_no_variation	False												False			False	False		
HD_8	Naive_Tregs	strict_primary	77304	149	77155	0	0	0	skip_motif_no_variation	False												False			False	False		
HD_9	Follicular_T_Helper	strict_primary	2061	12	2049	0	0	0	skip_motif_no_variation	False												False			False	False		
HD_9	Memory_Tregs	strict_primary	3684	14	3670	0	0	0	skip_motif_no_variation	False												False			False	False		
HD_9	Monocytes	strict_primary	96771	1256	95515	0	0	0	skip_motif_no_variation	False												False			False	False		
HD_9	Naive_B	strict_primary	2702	11	2691	0	0	0	skip_motif_no_variation	False												False			False	False		
HD_9	Naive_CD8_T	strict_primary	2080	13	2067	0	0	0	skip_motif_no_variation	False												False			False	False		
HD_9	Naive_Tregs	strict_primary	77304	149	77155	0	0	0	skip_motif_no_variation	False												False			False	False		
HEN1	Follicular_T_Helper	strict_primary	2061	12	2049	0	0	0	skip_motif_no_variation	False												False			False	False		
HEN1	Memory_Tregs	strict_primary	3684	14	3670	0	0	0	skip_motif_no_variation	False												False			False	False		
HEN1	Naive_B	strict_primary	2702	11	2691	0	0	0	skip_motif_no_variation	False												False			False	False		
HEN1	Naive_CD8_T	strict_primary	2080	13	2067	0	0	0	skip_motif_no_variation	False												False			False	False		
HIC_1	Memory_Tregs	strict_primary	3684	14	3670	0	0	0	skip_motif_no_variation	False												False			False	False		
HIC_1	Naive_B	strict_primary	2702	11	2691	0	0	0	skip_motif_no_variation	False												False			False	False		
HIC_1	Naive_CD8_T	strict_primary	2080	13	2067	0	0	0	skip_motif_no_variation	False												False			False	False		
HIC_2	Follicular_T_Helper	strict_primary	2061	12	2049	0	0	0	skip_motif_no_variation	False												False			False	False		
HIC_2	Memory_Tregs	strict_primary	3684	14	3670	0	0	0	skip_motif_no_variation	False												False			False	False		
HIC_2	Naive_B	strict_primary	2702	11	2691	0	0	0	skip_motif_no_variation	False												False			False	False		
HIC_2	Naive_CD8_T	strict_primary	2080	13	2067	0	0	0	skip_motif_no_variation	False												False			False	False		
HIC_2	Naive_Tregs	strict_primary	77304	149	77155	0	0	0	skip_motif_no_variation	False												False			False	False		
HIF	Follicular_T_Helper	strict_primary	2061	12	2049	0	0	0	skip_motif_no_variation	False												False			False	False		
HIF	Memory_Tregs	strict_primary	3684	14	3670	0	0	0	skip_motif_no_variation	False												False			False	False		
HIF	Naive_B	strict_primary	2702	11	2691	0	0	0	skip_motif_no_variation	False												False			False	False		
HIF	Naive_CD8_T	strict_primary	2080	13	2067	0	0	0	skip_motif_no_variation	False												False			False	False		
HINFP1_1	Follicular_T_Helper	strict_primary	2061	12	2049	0	0	0	skip_motif_no_variation	False												False			False	False		
HINFP1_1	Memory_Tregs	strict_primary	3684	14	3670	0	0	0	skip_motif_no_variation	False												False			False	False		
HINFP1_1	Naive_B	strict_primary	2702	11	2691	0	0	0	skip_motif_no_variation	False												False			False	False		
HINFP1_1	Naive_CD8_T	strict_primary	2080	13	2067	0	0	0	skip_motif_no_variation	False												False			False	False		
HINFP1_1	Naive_Tregs	strict_primary	77304	149	77155	0	0	0	skip_motif_no_variation	False												False			False	False		
HINFP1_2	Follicular_T_Helper	strict_primary	2061	12	2049	0	0	0	skip_motif_no_variation	False												False			False	False		
HINFP1_2	Naive_B	strict_primary	2702	11	2691	0	0	0	skip_motif_no_variation	False												False			False	False		
HINFP1_2	Naive_CD8_T	strict_primary	2080	13	2067	0	0	0	skip_motif_no_variation	False												False			False	False		
HINFP1_3	Follicular_T_Helper	strict_primary	2061	12	2049	0	0	0	skip_motif_no_variation	False												False			False	False		
HINFP1_3	Memory_Tregs	strict_primary	3684	14	3670	0	0	0	skip_motif_no_variation	False												False			False	False		
HINFP1_3	Naive_B	strict_primary	2702	11	2691	0	0	0	skip_motif_no_variation	False												False			False	False		
HINFP1_3	Naive_CD8_T	strict_primary	2080	13	2067	0	0	0	skip_motif_no_variation	False												False			False	False		
HLTF	Follicular_T_Helper	strict_primary	2061	12	2049	0	0	0	skip_motif_no_variation	False												False			False	False		
HLTF	Memory_Tregs	strict_primary	3684	14	3670	0	0	0	skip_motif_no_variation	False												False			False	False		
HLTF	Monocytes	strict_primary	96771	1256	95515	0	0	0	skip_motif_no_variation	False												False			False	False		
HLTF	Naive_B	strict_primary	2702	11	2691	0	0	0	skip_motif_no_variation	False												False			False	False		
HLTF	Naive_CD8_T	strict_primary	2080	13	2067	0	0	0	skip_motif_no_variation	False												False			False	False		
HLTF	Naive_Tregs	strict_primary	77304	149	77155	0	0	0	skip_motif_no_variation	False												False			False	False		
HOMEZ	Follicular_T_Helper	strict_primary	2061	12	2049	0	0	0	skip_motif_no_variation	False												False			False	False		
HOMEZ	Memory_Tregs	strict_primary	3684	14	3670	0	0	0	skip_motif_no_variation	False												False			False	False		
HOMEZ	Naive_B	strict_primary	2702	11	2691	0	0	0	skip_motif_no_variation	False												False			False	False		
HOMEZ	Naive_CD8_T	strict_primary	2080	13	2067	0	0	0	skip_motif_no_variation	False												False			False	False		
HSF	Follicular_T_Helper	strict_primary	2061	12	2049	0	0	0	skip_motif_no_variation	False												False			False	False		
HSF	Memory_Tregs	strict_primary	3684	14	3670	0	0	0	skip_motif_no_variation	False												False			False	False		
HSF	Naive_B	strict_primary	2702	11	2691	0	0	0	skip_motif_no_variation	False												False			False	False		
HSF	Naive_CD8_T	strict_primary	2080	13	2067	0	0	0	skip_motif_no_variation	False												False			False	False		
HSFY2	Follicular_T_Helper	strict_primary	2061	12	2049	0	0	0	skip_motif_no_variation	False												False			False	False		
HSFY2	Memory_Tregs	strict_primary	3684	14	3670	0	0	0	skip_motif_no_variation	False												False			False	False		
HSFY2	Naive_B	strict_primary	2702	11	2691	0	0	0	skip_motif_no_variation	False												False			False	False		
HSFY2	Naive_CD8_T	strict_primary	2080	13	2067	0	0	0	skip_motif_no_variation	False												False			False	False		
HSFY2	Naive_Tregs	strict_primary	77304	149	77155	0	0	0	skip_motif_no_variation	False												False			False	False		
INSM1	Follicular_T_Helper	strict_primary	2061	12	2049	0	0	0	skip_motif_no_variation	False												False			False	False		
INSM1	Memory_Tregs	strict_primary	3684	14	3670	0	0	0	skip_motif_no_variation	False												False			False	False		
INSM1	Naive_B	strict_primary	2702	11	2691	0	0	0	skip_motif_no_variation	False												False			False	False		
INSM1	Naive_CD8_T	strict_primary	2080	13	2067	0	0	0	skip_motif_no_variation	False												False			False	False		
IRF_1	Follicular_T_Helper	strict_primary	2061	12	2049	0	0	0	skip_motif_no_variation	False												False			False	False		
IRF_1	Memory_Tregs	strict_primary	3684	14	3670	0	0	0	skip_motif_no_variation	False												False			False	False		
IRF_1	Naive_B	strict_primary	2702	11	2691	0	0	0	skip_motif_no_variation	False												False			False	False		
IRF_1	Naive_CD8_T	strict_primary	2080	13	2067	0	0	0	skip_motif_no_variation	False												False			False	False		
IRF_2	Follicular_T_Helper	strict_primary	2061	12	2049	0	0	0	skip_motif_no_variation	False												False			False	False		
IRF_2	Naive_CD8_T	strict_primary	2080	13	2067	0	0	0	skip_motif_no_variation	False												False			False	False		
IRF_3	Follicular_T_Helper	strict_primary	2061	12	2049	0	0	0	skip_motif_no_variation	False												False			False	False		
IRF_3	Memory_Tregs	strict_primary	3684	14	3670	0	0	0	skip_motif_no_variation	False												False			False	False		
IRF_3	Monocytes	strict_primary	96771	1256	95515	0	0	0	skip_motif_no_variation	False												False			False	False		
IRF_3	Naive_B	strict_primary	2702	11	2691	0	0	0	skip_motif_no_variation	False												False			False	False		
IRF_3	Naive_CD8_T	strict_primary	2080	13	2067	0	0	0	skip_motif_no_variation	False												False			False	False		
IRF_3	Naive_Tregs	strict_primary	77304	149	77155	0	0	0	skip_motif_no_variation	False												False			False	False		
IRF_4	Follicular_T_Helper	strict_primary	2061	12	2049	0	0	0	skip_motif_no_variation	False												False			False	False		
IRF_4	Memory_Tregs	strict_primary	3684	14	3670	0	0	0	skip_motif_no_variation	False												False			False	False		
IRF_4	Monocytes	strict_primary	96771	1256	95515	0	0	0	skip_motif_no_variation	False												False			False	False		
IRF_4	Naive_B	strict_primary	2702	11	2691	0	0	0	skip_motif_no_variation	False												False			False	False		
IRF_4	Naive_CD8_T	strict_primary	2080	13	2067	0	0	0	skip_motif_no_variation	False												False			False	False		
IRF_4	Naive_Tregs	strict_primary	77304	149	77155	0	0	0	skip_motif_no_variation	False												False			False	False		
KAISO	Follicular_T_Helper	strict_primary	2061	12	2049	0	0	0	skip_motif_no_variation	False												False			False	False		
KAISO	Memory_Tregs	strict_primary	3684	14	3670	0	0	0	skip_motif_no_variation	False												False			False	False		
KAISO	Naive_B	strict_primary	2702	11	2691	0	0	0	skip_motif_no_variation	False												False			False	False		
KAISO	Naive_CD8_T	strict_primary	2080	13	2067	0	0	0	skip_motif_no_variation	False												False			False	False		
KAISO	Naive_Tregs	strict_primary	77304	149	77155	0	0	0	skip_motif_no_variation	False												False			False	False		
KLF_SP_1	Follicular_T_Helper	strict_primary	2061	12	2049	0	0	0	skip_motif_no_variation	False												False			False	False		
KLF_SP_1	Naive_CD8_T	strict_primary	2080	13	2067	0	0	0	skip_motif_no_variation	False												False			False	False		
KLF_SP_3	Follicular_T_Helper	strict_primary	2061	12	2049	0	0	0	skip_motif_no_variation	False												False			False	False		
KLF_SP_3	Memory_Tregs	strict_primary	3684	14	3670	0	0	0	skip_motif_no_variation	False												False			False	False		
KLF_SP_3	Naive_B	strict_primary	2702	11	2691	0	0	0	skip_motif_no_variation	False												False			False	False		
KLF_SP_3	Naive_CD8_T	strict_primary	2080	13	2067	0	0	0	skip_motif_no_variation	False												False			False	False		
LEF1	Follicular_T_Helper	strict_primary	2061	12	2049	0	0	0	skip_motif_no_variation	False												False			False	False		
LEF1	Naive_CD8_T	strict_primary	2080	13	2067	0	0	0	skip_motif_no_variation	False												False			False	False		
LIN54	Follicular_T_Helper	strict_primary	2061	12	2049	0	0	0	skip_motif_no_variation	False												False			False	False		
LIN54	Memory_Tregs	strict_primary	3684	14	3670	0	0	0	skip_motif_no_variation	False												False			False	False		
LIN54	Monocytes	strict_primary	96771	1256	95515	0	0	0	skip_motif_no_variation	False												False			False	False		
LIN54	Naive_B	strict_primary	2702	11	2691	0	0	0	skip_motif_no_variation	False												False			False	False		
LIN54	Naive_CD8_T	strict_primary	2080	13	2067	0	0	0	skip_motif_no_variation	False												False			False	False		
LIN54	Naive_Tregs	strict_primary	77304	149	77155	0	0	0	skip_motif_no_variation	False												False			False	False		
MAF	Follicular_T_Helper	strict_primary	2061	12	2049	0	0	0	skip_motif_no_variation	False												False			False	False		
MAF	Memory_Tregs	strict_primary	3684	14	3670	0	0	0	skip_motif_no_variation	False												False			False	False		
MAF	Naive_CD8_T	strict_primary	2080	13	2067	0	0	0	skip_motif_no_variation	False												False			False	False		
MBD2	Follicular_T_Helper	strict_primary	2061	12	2049	0	0	0	skip_motif_no_variation	False												False			False	False		
MBD2	Memory_Tregs	strict_primary	3684	14	3670	0	0	0	skip_motif_no_variation	False												False			False	False		
MBD2	Monocytes	strict_primary	96771	1256	95515	0	0	0	skip_motif_no_variation	False												False			False	False		
MBD2	Naive_B	strict_primary	2702	11	2691	0	0	0	skip_motif_no_variation	False												False			False	False		
MBD2	Naive_CD8_T	strict_primary	2080	13	2067	0	0	0	skip_motif_no_variation	False												False			False	False		
MECP2	Follicular_T_Helper	strict_primary	2061	12	2049	0	0	0	skip_motif_no_variation	False												False			False	False		
MECP2	Memory_Tregs	strict_primary	3684	14	3670	0	0	0	skip_motif_no_variation	False												False			False	False		
MECP2	Naive_B	strict_primary	2702	11	2691	0	0	0	skip_motif_no_variation	False												False			False	False		
MECP2	Naive_CD8_T	strict_primary	2080	13	2067	0	0	0	skip_motif_no_variation	False												False			False	False		
MEF2	Follicular_T_Helper	strict_primary	2061	12	2049	0	0	0	skip_motif_no_variation	False												False			False	False		
MEF2	Memory_Tregs	strict_primary	3684	14	3670	0	0	0	skip_motif_no_variation	False												False			False	False		
MEF2	Naive_B	strict_primary	2702	11	2691	0	0	0	skip_motif_no_variation	False												False			False	False		
MEF2	Naive_CD8_T	strict_primary	2080	13	2067	0	0	0	skip_motif_no_variation	False												False			False	False		
MFZ1	Follicular_T_Helper	strict_primary	2061	12	2049	0	0	0	skip_motif_no_variation	False												False			False	False		
MFZ1	Memory_Tregs	strict_primary	3684	14	3670	0	0	0	skip_motif_no_variation	False												False			False	False		
MFZ1	Naive_B	strict_primary	2702	11	2691	0	0	0	skip_motif_no_variation	False												False			False	False		
MFZ1	Naive_CD8_T	strict_primary	2080	13	2067	0	0	0	skip_motif_no_variation	False												False			False	False		
MIES	Follicular_T_Helper	strict_primary	2061	12	2049	0	0	0	skip_motif_no_variation	False												False			False	False		
MIES	Memory_Tregs	strict_primary	3684	14	3670	0	0	0	skip_motif_no_variation	False												False			False	False		
MIES	Naive_CD8_T	strict_primary	2080	13	2067	0	0	0	skip_motif_no_variation	False												False			False	False		
MTF1	Follicular_T_Helper	strict_primary	2061	12	2049	0	0	0	skip_motif_no_variation	False												False			False	False		
MTF1	Memory_Tregs	strict_primary	3684	14	3670	0	0	0	skip_motif_no_variation	False												False			False	False		
MTF1	Naive_B	strict_primary	2702	11	2691	0	0	0	skip_motif_no_variation	False												False			False	False		
MTF1	Naive_CD8_T	strict_primary	2080	13	2067	0	0	0	skip_motif_no_variation	False												False			False	False		
MTF1	Naive_Tregs	strict_primary	77304	149	77155	0	0	0	skip_motif_no_variation	False												False			False	False		
MYB_1	Follicular_T_Helper	strict_primary	2061	12	2049	0	0	0	skip_motif_no_variation	False												False			False	False		
MYB_1	Memory_Tregs	strict_primary	3684	14	3670	0	0	0	skip_motif_no_variation	False												False			False	False		
MYB_1	Monocytes	strict_primary	96771	1256	95515	0	0	0	skip_motif_no_variation	False												False			False	False		
MYB_1	Naive_B	strict_primary	2702	11	2691	0	0	0	skip_motif_no_variation	False												False			False	False		
MYB_1	Naive_CD8_T	strict_primary	2080	13	2067	0	0	0	skip_motif_no_variation	False												False			False	False		
MYB_1	Naive_Tregs	strict_primary	77304	149	77155	0	0	0	skip_motif_no_variation	False												False			False	False		
MYB_2	Follicular_T_Helper	strict_primary	2061	12	2049	0	0	0	skip_motif_no_variation	False												False			False	False		
MYB_2	Memory_Tregs	strict_primary	3684	14	3670	0	0	0	skip_motif_no_variation	False												False			False	False		
MYB_2	Monocytes	strict_primary	96771	1256	95515	0	0	0	skip_motif_no_variation	False												False			False	False		
MYB_2	Naive_B	strict_primary	2702	11	2691	0	0	0	skip_motif_no_variation	False												False			False	False		
MYB_2	Naive_CD8_T	strict_primary	2080	13	2067	0	0	0	skip_motif_no_variation	False												False			False	False		
MYB_2	Naive_Tregs	strict_primary	77304	149	77155	0	0	0	skip_motif_no_variation	False												False			False	False		
MYB_3	Follicular_T_Helper	strict_primary	2061	12	2049	0	0	0	skip_motif_no_variation	False												False			False	False		
MYB_3	Memory_Tregs	strict_primary	3684	14	3670	0	0	0	skip_motif_no_variation	False												False			False	False		
MYB_3	Monocytes	strict_primary	96771	1256	95515	0	0	0	skip_motif_no_variation	False												False			False	False		
MYB_3	Naive_B	strict_primary	2702	11	2691	0	0	0	skip_motif_no_variation	False												False			False	False		
MYB_3	Naive_CD8_T	strict_primary	2080	13	2067	0	0	0	skip_motif_no_variation	False												False			False	False		
MYB_3	Naive_Tregs	strict_primary	77304	149	77155	0	0	0	skip_motif_no_variation	False												False			False	False		
MYB_4	Follicular_T_Helper	strict_primary	2061	12	2049	0	0	0	skip_motif_no_variation	False												False			False	False		
MYB_4	Memory_Tregs	strict_primary	3684	14	3670	0	0	0	skip_motif_no_variation	False												False			False	False		
MYB_4	Monocytes	strict_primary	96771	1256	95515	0	0	0	skip_motif_no_variation	False												False			False	False		
MYB_4	Naive_B	strict_primary	2702	11	2691	0	0	0	skip_motif_no_variation	False												False			False	False		
MYB_4	Naive_CD8_T	strict_primary	2080	13	2067	0	0	0	skip_motif_no_variation	False												False			False	False		
MYB_4	Naive_Tregs	strict_primary	77304	149	77155	0	0	0	skip_motif_no_variation	False												False			False	False		
MYB_5	Follicular_T_Helper	strict_primary	2061	12	2049	0	0	0	skip_motif_no_variation	False												False			False	False		
MYB_5	Memory_Tregs	strict_primary	3684	14	3670	0	0	0	skip_motif_no_variation	False												False			False	False		
MYB_5	Naive_B	strict_primary	2702	11	2691	0	0	0	skip_motif_no_variation	False												False			False	False		
MYB_5	Naive_CD8_T	strict_primary	2080	13	2067	0	0	0	skip_motif_no_variation	False												False			False	False		
MZF1	Follicular_T_Helper	strict_primary	2061	12	2049	0	0	0	skip_motif_no_variation	False												False			False	False		
MZF1	Memory_Tregs	strict_primary	3684	14	3670	0	0	0	skip_motif_no_variation	False												False			False	False		
MZF1	Naive_CD8_T	strict_primary	2080	13	2067	0	0	0	skip_motif_no_variation	False												False			False	False		
NFAC_2	Follicular_T_Helper	strict_primary	2061	12	2049	0	0	0	skip_motif_no_variation	False												False			False	False		
NFAC_2	Memory_Tregs	strict_primary	3684	14	3670	0	0	0	skip_motif_no_variation	False												False			False	False		
NFAC_2	Naive_CD8_T	strict_primary	2080	13	2067	0	0	0	skip_motif_no_variation	False												False			False	False		
NFAT_1	Naive_B	strict_primary	2702	11	2691	0	0	0	skip_motif_no_variation	False												False			False	False		
NFAT_1	Naive_CD8_T	strict_primary	2080	13	2067	0	0	0	skip_motif_no_variation	False												False			False	False		
NFAT_2	Follicular_T_Helper	strict_primary	2061	12	2049	0	0	0	skip_motif_no_variation	False												False			False	False		
NFAT_2	Memory_Tregs	strict_primary	3684	14	3670	0	0	0	skip_motif_no_variation	False												False			False	False		
NFAT_2	Naive_B	strict_primary	2702	11	2691	0	0	0	skip_motif_no_variation	False												False			False	False		
NFAT_2	Naive_CD8_T	strict_primary	2080	13	2067	0	0	0	skip_motif_no_variation	False												False			False	False		
NFAT_3	Follicular_T_Helper	strict_primary	2061	12	2049	0	0	0	skip_motif_no_variation	False												False			False	False		
NFAT_3	Memory_Tregs	strict_primary	3684	14	3670	0	0	0	skip_motif_no_variation	False												False			False	False		
NFAT_3	Monocytes	strict_primary	96771	1256	95515	0	0	0	skip_motif_no_variation	False												False			False	False		
NFAT_3	Naive_B	strict_primary	2702	11	2691	0	0	0	skip_motif_no_variation	False												False			False	False		
NFAT_3	Naive_CD8_T	strict_primary	2080	13	2067	0	0	0	skip_motif_no_variation	False												False			False	False		
NFAT_3	Naive_Tregs	strict_primary	77304	149	77155	0	0	0	skip_motif_no_variation	False												False			False	False		
NFAT_4	Follicular_T_Helper	strict_primary	2061	12	2049	0	0	0	skip_motif_no_variation	False												False			False	False		
NFAT_4	Memory_Tregs	strict_primary	3684	14	3670	0	0	0	skip_motif_no_variation	False												False			False	False		
NFAT_4	Monocytes	strict_primary	96771	1256	95515	0	0	0	skip_motif_no_variation	False												False			False	False		
NFAT_4	Naive_B	strict_primary	2702	11	2691	0	0	0	skip_motif_no_variation	False												False			False	False		
NFAT_4	Naive_CD8_T	strict_primary	2080	13	2067	0	0	0	skip_motif_no_variation	False												False			False	False		
NFAT_4	Naive_Tregs	strict_primary	77304	149	77155	0	0	0	skip_motif_no_variation	False												False			False	False		
NFI_1	Memory_Tregs	strict_primary	3684	14	3670	0	0	0	skip_motif_no_variation	False												False			False	False		
NFI_1	Naive_B	strict_primary	2702	11	2691	0	0	0	skip_motif_no_variation	False												False			False	False		
NFI_1	Naive_CD8_T	strict_primary	2080	13	2067	0	0	0	skip_motif_no_variation	False												False			False	False		
NFI_2	Follicular_T_Helper	strict_primary	2061	12	2049	0	0	0	skip_motif_no_variation	False												False			False	False		
NFI_2	Memory_Tregs	strict_primary	3684	14	3670	0	0	0	skip_motif_no_variation	False												False			False	False		
NFI_2	Naive_B	strict_primary	2702	11	2691	0	0	0	skip_motif_no_variation	False												False			False	False		
NFI_2	Naive_CD8_T	strict_primary	2080	13	2067	0	0	0	skip_motif_no_variation	False												False			False	False		
NFI_2	Naive_Tregs	strict_primary	77304	149	77155	0	0	0	skip_motif_no_variation	False												False			False	False		
NFI_3	Naive_B	strict_primary	2702	11	2691	0	0	0	skip_motif_no_variation	False												False			False	False		
NFI_3	Naive_CD8_T	strict_primary	2080	13	2067	0	0	0	skip_motif_no_variation	False												False			False	False		
NFKB_1	Follicular_T_Helper	strict_primary	2061	12	2049	0	0	0	skip_motif_no_variation	False												False			False	False		
NFKB_1	Memory_Tregs	strict_primary	3684	14	3670	0	0	0	skip_motif_no_variation	False												False			False	False		
NFKB_1	Naive_B	strict_primary	2702	11	2691	0	0	0	skip_motif_no_variation	False												False			False	False		
NFKB_1	Naive_CD8_T	strict_primary	2080	13	2067	0	0	0	skip_motif_no_variation	False												False			False	False		
NFKB_2	Follicular_T_Helper	strict_primary	2061	12	2049	0	0	0	skip_motif_no_variation	False												False			False	False		
NFKB_2	Memory_Tregs	strict_primary	3684	14	3670	0	0	0	skip_motif_no_variation	False												False			False	False		
NFKB_2	Naive_B	strict_primary	2702	11	2691	0	0	0	skip_motif_no_variation	False												False			False	False		
NFKB_2	Naive_CD8_T	strict_primary	2080	13	2067	0	0	0	skip_motif_no_variation	False												False			False	False		
NFKB_3	Follicular_T_Helper	strict_primary	2061	12	2049	0	0	0	skip_motif_no_variation	False												False			False	False		
NFKB_3	Memory_Tregs	strict_primary	3684	14	3670	0	0	0	skip_motif_no_variation	False												False			False	False		
NFKB_3	Naive_B	strict_primary	2702	11	2691	0	0	0	skip_motif_no_variation	False												False			False	False		
NFKB_3	Naive_CD8_T	strict_primary	2080	13	2067	0	0	0	skip_motif_no_variation	False												False			False	False		
NFY	Follicular_T_Helper	strict_primary	2061	12	2049	0	0	0	skip_motif_no_variation	False												False			False	False		
NFY	Memory_Tregs	strict_primary	3684	14	3670	0	0	0	skip_motif_no_variation	False												False			False	False		
NFY	Naive_B	strict_primary	2702	11	2691	0	0	0	skip_motif_no_variation	False												False			False	False		
NFY	Naive_CD8_T	strict_primary	2080	13	2067	0	0	0	skip_motif_no_variation	False												False			False	False		
NR2E3	Follicular_T_Helper	strict_primary	2061	12	2049	0	0	0	skip_motif_no_variation	False												False			False	False		
NR2E3	Memory_Tregs	strict_primary	3684	14	3670	0	0	0	skip_motif_no_variation	False												False			False	False		
NR2E3	Naive_B	strict_primary	2702	11	2691	0	0	0	skip_motif_no_variation	False												False			False	False		
NR2E3	Naive_CD8_T	strict_primary	2080	13	2067	0	0	0	skip_motif_no_variation	False												False			False	False		
NR2E3	Naive_Tregs	strict_primary	77304	149	77155	0	0	0	skip_motif_no_variation	False												False			False	False		
NRF1	Follicular_T_Helper	strict_primary	2061	12	2049	0	0	0	skip_motif_no_variation	False												False			False	False		
NRF1	Memory_Tregs	strict_primary	3684	14	3670	0	0	0	skip_motif_no_variation	False												False			False	False		
NRF1	Naive_B	strict_primary	2702	11	2691	0	0	0	skip_motif_no_variation	False												False			False	False		
NR_1	Follicular_T_Helper	strict_primary	2061	12	2049	0	0	0	skip_motif_no_variation	False												False			False	False		
NR_1	Memory_Tregs	strict_primary	3684	14	3670	0	0	0	skip_motif_no_variation	False												False			False	False		
NR_10	Follicular_T_Helper	strict_primary	2061	12	2049	0	0	0	skip_motif_no_variation	False												False			False	False		
NR_10	Memory_Tregs	strict_primary	3684	14	3670	0	0	0	skip_motif_no_variation	False												False			False	False		
NR_10	Naive_B	strict_primary	2702	11	2691	0	0	0	skip_motif_no_variation	False												False			False	False		
NR_10	Naive_CD8_T	strict_primary	2080	13	2067	0	0	0	skip_motif_no_variation	False												False			False	False		
NR_10	Naive_Tregs	strict_primary	77304	149	77155	0	0	0	skip_motif_no_variation	False												False			False	False		
NR_11	Follicular_T_Helper	strict_primary	2061	12	2049	0	0	0	skip_motif_no_variation	False												False			False	False		
NR_11	Memory_Tregs	strict_primary	3684	14	3670	0	0	0	skip_motif_no_variation	False												False			False	False		
NR_11	Naive_B	strict_primary	2702	11	2691	0	0	0	skip_motif_no_variation	False												False			False	False		
NR_11	Naive_CD8_T	strict_primary	2080	13	2067	0	0	0	skip_motif_no_variation	False												False			False	False		
NR_12	Follicular_T_Helper	strict_primary	2061	12	2049	0	0	0	skip_motif_no_variation	False												False			False	False		
NR_12	Memory_Tregs	strict_primary	3684	14	3670	0	0	0	skip_motif_no_variation	False												False			False	False		
NR_12	Naive_B	strict_primary	2702	11	2691	0	0	0	skip_motif_no_variation	False												False			False	False		
NR_12	Naive_CD8_T	strict_primary	2080	13	2067	0	0	0	skip_motif_no_variation	False												False			False	False		
NR_13	Follicular_T_Helper	strict_primary	2061	12	2049	0	0	0	skip_motif_no_variation	False												False			False	False		
NR_13	Memory_Tregs	strict_primary	3684	14	3670	0	0	0	skip_motif_no_variation	False												False			False	False		
NR_13	Naive_B	strict_primary	2702	11	2691	0	0	0	skip_motif_no_variation	False												False			False	False		
NR_13	Naive_CD8_T	strict_primary	2080	13	2067	0	0	0	skip_motif_no_variation	False												False			False	False		
NR_14	Follicular_T_Helper	strict_primary	2061	12	2049	0	0	0	skip_motif_no_variation	False												False			False	False		
NR_14	Memory_Tregs	strict_primary	3684	14	3670	0	0	0	skip_motif_no_variation	False												False			False	False		
NR_14	Monocytes	strict_primary	96771	1256	95515	0	0	0	skip_motif_no_variation	False												False			False	False		
NR_14	Naive_B	strict_primary	2702	11	2691	0	0	0	skip_motif_no_variation	False												False			False	False		
NR_14	Naive_CD8_T	strict_primary	2080	13	2067	0	0	0	skip_motif_no_variation	False												False			False	False		
NR_14	Naive_Tregs	strict_primary	77304	149	77155	0	0	0	skip_motif_no_variation	False												False			False	False		
NR_16	Naive_B	strict_primary	2702	11	2691	0	0	0	skip_motif_no_variation	False												False			False	False		
NR_17	Follicular_T_Helper	strict_primary	2061	12	2049	0	0	0	skip_motif_no_variation	False												False			False	False		
NR_17	Memory_Tregs	strict_primary	3684	14	3670	0	0	0	skip_motif_no_variation	False												False			False	False		
NR_17	Naive_B	strict_primary	2702	11	2691	0	0	0	skip_motif_no_variation	False												False			False	False		
NR_17	Naive_CD8_T	strict_primary	2080	13	2067	0	0	0	skip_motif_no_variation	False												False			False	False		
NR_18	Follicular_T_Helper	strict_primary	2061	12	2049	0	0	0	skip_motif_no_variation	False												False			False	False		
NR_18	Memory_Tregs	strict_primary	3684	14	3670	0	0	0	skip_motif_no_variation	False												False			False	False		
NR_18	Naive_B	strict_primary	2702	11	2691	0	0	0	skip_motif_no_variation	False												False			False	False		
NR_18	Naive_CD8_T	strict_primary	2080	13	2067	0	0	0	skip_motif_no_variation	False												False			False	False		
NR_19	Follicular_T_Helper	strict_primary	2061	12	2049	0	0	0	skip_motif_no_variation	False												False			False	False		
NR_19	Memory_Tregs	strict_primary	3684	14	3670	0	0	0	skip_motif_no_variation	False												False			False	False		
NR_19	Naive_B	strict_primary	2702	11	2691	0	0	0	skip_motif_no_variation	False												False			False	False		
NR_19	Naive_CD8_T	strict_primary	2080	13	2067	0	0	0	skip_motif_no_variation	False												False			False	False		
NR_2	Follicular_T_Helper	strict_primary	2061	12	2049	0	0	0	skip_motif_no_variation	False												False			False	False		
NR_2	Memory_Tregs	strict_primary	3684	14	3670	0	0	0	skip_motif_no_variation	False												False			False	False		
NR_2	Naive_B	strict_primary	2702	11	2691	0	0	0	skip_motif_no_variation	False												False			False	False		
NR_2	Naive_CD8_T	strict_primary	2080	13	2067	0	0	0	skip_motif_no_variation	False												False			False	False		
NR_2	Naive_Tregs	strict_primary	77304	149	77155	0	0	0	skip_motif_no_variation	False												False			False	False		
NR_20	Follicular_T_Helper	strict_primary	2061	12	2049	0	0	0	skip_motif_no_variation	False												False			False	False		
NR_20	Memory_Tregs	strict_primary	3684	14	3670	0	0	0	skip_motif_no_variation	False												False			False	False		
NR_20	Naive_B	strict_primary	2702	11	2691	0	0	0	skip_motif_no_variation	False												False			False	False		
NR_20	Naive_CD8_T	strict_primary	2080	13	2067	0	0	0	skip_motif_no_variation	False												False			False	False		
NR_3	Follicular_T_Helper	strict_primary	2061	12	2049	0	0	0	skip_motif_no_variation	False												False			False	False		
NR_4	Follicular_T_Helper	strict_primary	2061	12	2049	0	0	0	skip_motif_no_variation	False												False			False	False		
NR_4	Memory_Tregs	strict_primary	3684	14	3670	0	0	0	skip_motif_no_variation	False												False			False	False		
NR_4	Naive_B	strict_primary	2702	11	2691	0	0	0	skip_motif_no_variation	False												False			False	False		
NR_4	Naive_CD8_T	strict_primary	2080	13	2067	0	0	0	skip_motif_no_variation	False												False			False	False		
NR_4	Naive_Tregs	strict_primary	77304	149	77155	0	0	0	skip_motif_no_variation	False												False			False	False		
NR_5	Follicular_T_Helper	strict_primary	2061	12	2049	0	0	0	skip_motif_no_variation	False												False			False	False		
NR_5	Memory_Tregs	strict_primary	3684	14	3670	0	0	0	skip_motif_no_variation	False												False			False	False		
NR_5	Monocytes	strict_primary	96771	1256	95515	0	0	0	skip_motif_no_variation	False												False			False	False		
NR_5	Naive_B	strict_primary	2702	11	2691	0	0	0	skip_motif_no_variation	False												False			False	False		
NR_5	Naive_CD8_T	strict_primary	2080	13	2067	0	0	0	skip_motif_no_variation	False												False			False	False		
NR_5	Naive_Tregs	strict_primary	77304	149	77155	0	0	0	skip_motif_no_variation	False												False			False	False		
NR_6	Follicular_T_Helper	strict_primary	2061	12	2049	0	0	0	skip_motif_no_variation	False												False			False	False		
NR_6	Memory_Tregs	strict_primary	3684	14	3670	0	0	0	skip_motif_no_variation	False												False			False	False		
NR_6	Monocytes	strict_primary	96771	1256	95515	0	0	0	skip_motif_no_variation	False												False			False	False		
NR_6	Naive_B	strict_primary	2702	11	2691	0	0	0	skip_motif_no_variation	False												False			False	False		
NR_6	Naive_CD8_T	strict_primary	2080	13	2067	0	0	0	skip_motif_no_variation	False												False			False	False		
NR_7	Follicular_T_Helper	strict_primary	2061	12	2049	0	0	0	skip_motif_no_variation	False												False			False	False		
NR_7	Memory_Tregs	strict_primary	3684	14	3670	0	0	0	skip_motif_no_variation	False												False			False	False		
NR_7	Naive_CD8_T	strict_primary	2080	13	2067	0	0	0	skip_motif_no_variation	False												False			False	False		
NR_8	Follicular_T_Helper	strict_primary	2061	12	2049	0	0	0	skip_motif_no_variation	False												False			False	False		
NR_8	Memory_Tregs	strict_primary	3684	14	3670	0	0	0	skip_motif_no_variation	False												False			False	False		
NR_8	Naive_B	strict_primary	2702	11	2691	0	0	0	skip_motif_no_variation	False												False			False	False		
NR_8	Naive_CD8_T	strict_primary	2080	13	2067	0	0	0	skip_motif_no_variation	False												False			False	False		
NR_9	Follicular_T_Helper	strict_primary	2061	12	2049	0	0	0	skip_motif_no_variation	False												False			False	False		
NR_9	Memory_Tregs	strict_primary	3684	14	3670	0	0	0	skip_motif_no_variation	False												False			False	False		
NR_9	Naive_B	strict_primary	2702	11	2691	0	0	0	skip_motif_no_variation	False												False			False	False		
NR_9	Naive_CD8_T	strict_primary	2080	13	2067	0	0	0	skip_motif_no_variation	False												False			False	False		
NR_9	Naive_Tregs	strict_primary	77304	149	77155	0	0	0	skip_motif_no_variation	False												False			False	False		
OCT4+SOX2	Follicular_T_Helper	strict_primary	2061	12	2049	0	0	0	skip_motif_no_variation	False												False			False	False		
OCT4+SOX2	Memory_Tregs	strict_primary	3684	14	3670	0	0	0	skip_motif_no_variation	False												False			False	False		
OCT4+SOX2	Monocytes	strict_primary	96771	1256	95515	0	0	0	skip_motif_no_variation	False												False			False	False		
OCT4+SOX2	Naive_B	strict_primary	2702	11	2691	0	0	0	skip_motif_no_variation	False												False			False	False		
OCT4+SOX2	Naive_CD8_T	strict_primary	2080	13	2067	0	0	0	skip_motif_no_variation	False												False			False	False		
OSR2	Follicular_T_Helper	strict_primary	2061	12	2049	0	0	0	skip_motif_no_variation	False												False			False	False		
OSR2	Memory_Tregs	strict_primary	3684	14	3670	0	0	0	skip_motif_no_variation	False												False			False	False		
OSR2	Naive_B	strict_primary	2702	11	2691	0	0	0	skip_motif_no_variation	False												False			False	False		
OSR2	Naive_CD8_T	strict_primary	2080	13	2067	0	0	0	skip_motif_no_variation	False												False			False	False		
OVOL1	Follicular_T_Helper	strict_primary	2061	12	2049	0	0	0	skip_motif_no_variation	False												False			False	False		
OVOL1	Memory_Tregs	strict_primary	3684	14	3670	0	0	0	skip_motif_no_variation	False												False			False	False		
OVOL1	Naive_B	strict_primary	2702	11	2691	0	0	0	skip_motif_no_variation	False												False			False	False		
OVOL1	Naive_CD8_T	strict_primary	2080	13	2067	0	0	0	skip_motif_no_variation	False												False			False	False		
OVOL1	Naive_Tregs	strict_primary	77304	149	77155	0	0	0	skip_motif_no_variation	False												False			False	False		
P53-like_1	Follicular_T_Helper	strict_primary	2061	12	2049	0	0	0	skip_motif_no_variation	False												False			False	False		
P53-like_1	Memory_Tregs	strict_primary	3684	14	3670	0	0	0	skip_motif_no_variation	False												False			False	False		
P53-like_1	Naive_B	strict_primary	2702	11	2691	0	0	0	skip_motif_no_variation	False												False			False	False		
P53-like_1	Naive_CD8_T	strict_primary	2080	13	2067	0	0	0	skip_motif_no_variation	False												False			False	False		
P53-like_2	Follicular_T_Helper	strict_primary	2061	12	2049	0	0	0	skip_motif_no_variation	False												False			False	False		
P53-like_2	Memory_Tregs	strict_primary	3684	14	3670	0	0	0	skip_motif_no_variation	False												False			False	False		
P53-like_2	Naive_B	strict_primary	2702	11	2691	0	0	0	skip_motif_no_variation	False												False			False	False		
P53-like_2	Naive_CD8_T	strict_primary	2080	13	2067	0	0	0	skip_motif_no_variation	False												False			False	False		
P53-like_2	Naive_Tregs	strict_primary	77304	149	77155	0	0	0	skip_motif_no_variation	False												False			False	False		
P53-like_3	Follicular_T_Helper	strict_primary	2061	12	2049	0	0	0	skip_motif_no_variation	False												False			False	False		
P53-like_3	Memory_Tregs	strict_primary	3684	14	3670	0	0	0	skip_motif_no_variation	False												False			False	False		
P53-like_3	Monocytes	strict_primary	96771	1256	95515	0	0	0	skip_motif_no_variation	False												False			False	False		
P53-like_3	Naive_B	strict_primary	2702	11	2691	0	0	0	skip_motif_no_variation	False												False			False	False		
P53-like_3	Naive_CD8_T	strict_primary	2080	13	2067	0	0	0	skip_motif_no_variation	False												False			False	False		
PAX-halfsite	Follicular_T_Helper	strict_primary	2061	12	2049	0	0	0	skip_motif_no_variation	False												False			False	False		
PAX-halfsite	Memory_Tregs	strict_primary	3684	14	3670	0	0	0	skip_motif_no_variation	False												False			False	False		
PAX-halfsite	Monocytes	strict_primary	96771	1256	95515	0	0	0	skip_motif_no_variation	False												False			False	False		
PAX-halfsite	Naive_B	strict_primary	2702	11	2691	0	0	0	skip_motif_no_variation	False												False			False	False		
PAX-halfsite	Naive_CD8_T	strict_primary	2080	13	2067	0	0	0	skip_motif_no_variation	False												False			False	False		
PAX-halfsite	Naive_Tregs	strict_primary	77304	149	77155	0	0	0	skip_motif_no_variation	False												False			False	False		
PAX_1	Follicular_T_Helper	strict_primary	2061	12	2049	0	0	0	skip_motif_no_variation	False												False			False	False		
PAX_1	Memory_Tregs	strict_primary	3684	14	3670	0	0	0	skip_motif_no_variation	False												False			False	False		
PAX_1	Naive_B	strict_primary	2702	11	2691	0	0	0	skip_motif_no_variation	False												False			False	False		
PAX_1	Naive_CD8_T	strict_primary	2080	13	2067	0	0	0	skip_motif_no_variation	False												False			False	False		
PAX_1	Naive_Tregs	strict_primary	77304	149	77155	0	0	0	skip_motif_no_variation	False												False			False	False		
PAX_2	Naive_B	strict_primary	2702	11	2691	0	0	0	skip_motif_no_variation	False												False			False	False		
PLAG1	Follicular_T_Helper	strict_primary	2061	12	2049	0	0	0	skip_motif_no_variation	False												False			False	False		
PLAG1	Memory_Tregs	strict_primary	3684	14	3670	0	0	0	skip_motif_no_variation	False												False			False	False		
PLAG1	Naive_B	strict_primary	2702	11	2691	0	0	0	skip_motif_no_variation	False												False			False	False		
PLAG1	Naive_CD8_T	strict_primary	2080	13	2067	0	0	0	skip_motif_no_variation	False												False			False	False		
POU_1	Follicular_T_Helper	strict_primary	2061	12	2049	0	0	0	skip_motif_no_variation	False												False			False	False		
POU_1	Memory_Tregs	strict_primary	3684	14	3670	0	0	0	skip_motif_no_variation	False												False			False	False		
POU_1	Naive_B	strict_primary	2702	11	2691	0	0	0	skip_motif_no_variation	False												False			False	False		
POU_1	Naive_CD8_T	strict_primary	2080	13	2067	0	0	0	skip_motif_no_variation	False												False			False	False		
POU_1	Naive_Tregs	strict_primary	77304	149	77155	0	0	0	skip_motif_no_variation	False												False			False	False		
POU_2	Follicular_T_Helper	strict_primary	2061	12	2049	0	0	0	skip_motif_no_variation	False												False			False	False		
POU_2	Memory_Tregs	strict_primary	3684	14	3670	0	0	0	skip_motif_no_variation	False												False			False	False		
POU_2	Naive_B	strict_primary	2702	11	2691	0	0	0	skip_motif_no_variation	False												False			False	False		
POU_2	Naive_CD8_T	strict_primary	2080	13	2067	0	0	0	skip_motif_no_variation	False												False			False	False		
POU_3	Follicular_T_Helper	strict_primary	2061	12	2049	0	0	0	skip_motif_no_variation	False												False			False	False		
POU_3	Memory_Tregs	strict_primary	3684	14	3670	0	0	0	skip_motif_no_variation	False												False			False	False		
POU_3	Naive_B	strict_primary	2702	11	2691	0	0	0	skip_motif_no_variation	False												False			False	False		
POU_3	Naive_CD8_T	strict_primary	2080	13	2067	0	0	0	skip_motif_no_variation	False												False			False	False		
POU_3	Naive_Tregs	strict_primary	77304	149	77155	0	0	0	skip_motif_no_variation	False												False			False	False		
PRDM1	Follicular_T_Helper	strict_primary	2061	12	2049	0	0	0	skip_motif_no_variation	False												False			False	False		
PRDM1	Memory_Tregs	strict_primary	3684	14	3670	0	0	0	skip_motif_no_variation	False												False			False	False		
PRDM1	Naive_B	strict_primary	2702	11	2691	0	0	0	skip_motif_no_variation	False												False			False	False		
PRDM1	Naive_CD8_T	strict_primary	2080	13	2067	0	0	0	skip_motif_no_variation	False												False			False	False		
PRDM14	Follicular_T_Helper	strict_primary	2061	12	2049	0	0	0	skip_motif_no_variation	False												False			False	False		
PRDM14	Memory_Tregs	strict_primary	3684	14	3670	0	0	0	skip_motif_no_variation	False												False			False	False		
PRDM14	Naive_B	strict_primary	2702	11	2691	0	0	0	skip_motif_no_variation	False												False			False	False		
PRDM14	Naive_CD8_T	strict_primary	2080	13	2067	0	0	0	skip_motif_no_variation	False												False			False	False		
PRDM14	Naive_Tregs	strict_primary	77304	149	77155	0	0	0	skip_motif_no_variation	False												False			False	False		
PRDM16	Follicular_T_Helper	strict_primary	2061	12	2049	0	0	0	skip_motif_no_variation	False												False			False	False		
PRDM16	Memory_Tregs	strict_primary	3684	14	3670	0	0	0	skip_motif_no_variation	False												False			False	False		
PRDM16	Naive_B	strict_primary	2702	11	2691	0	0	0	skip_motif_no_variation	False												False			False	False		
PRDM16	Naive_CD8_T	strict_primary	2080	13	2067	0	0	0	skip_motif_no_variation	False												False			False	False		
PRDM4	Follicular_T_Helper	strict_primary	2061	12	2049	0	0	0	skip_motif_no_variation	False												False			False	False		
PRDM4	Memory_Tregs	strict_primary	3684	14	3670	0	0	0	skip_motif_no_variation	False												False			False	False		
PRDM4	Naive_B	strict_primary	2702	11	2691	0	0	0	skip_motif_no_variation	False												False			False	False		
PRDM4	Naive_CD8_T	strict_primary	2080	13	2067	0	0	0	skip_motif_no_variation	False												False			False	False		
PRDM5	Follicular_T_Helper	strict_primary	2061	12	2049	0	0	0	skip_motif_no_variation	False												False			False	False		
PRDM5	Memory_Tregs	strict_primary	3684	14	3670	0	0	0	skip_motif_no_variation	False												False			False	False		
PRDM5	Naive_B	strict_primary	2702	11	2691	0	0	0	skip_motif_no_variation	False												False			False	False		
PRDM5	Naive_CD8_T	strict_primary	2080	13	2067	0	0	0	skip_motif_no_variation	False												False			False	False		
PRDM9	Follicular_T_Helper	strict_primary	2061	12	2049	0	0	0	skip_motif_no_variation	False												False			False	False		
PRDM9	Memory_Tregs	strict_primary	3684	14	3670	0	0	0	skip_motif_no_variation	False												False			False	False		
PRDM9	Naive_B	strict_primary	2702	11	2691	0	0	0	skip_motif_no_variation	False												False			False	False		
PRDM9	Naive_CD8_T	strict_primary	2080	13	2067	0	0	0	skip_motif_no_variation	False												False			False	False		
PROX1	Follicular_T_Helper	strict_primary	2061	12	2049	0	0	0	skip_motif_no_variation	False												False			False	False		
PROX1	Memory_Tregs	strict_primary	3684	14	3670	0	0	0	skip_motif_no_variation	False												False			False	False		
PROX1	Monocytes	strict_primary	96771	1256	95515	0	0	0	skip_motif_no_variation	False												False			False	False		
PROX1	Naive_B	strict_primary	2702	11	2691	0	0	0	skip_motif_no_variation	False												False			False	False		
PROX1	Naive_CD8_T	strict_primary	2080	13	2067	0	0	0	skip_motif_no_variation	False												False			False	False		
PROX1	Naive_Tregs	strict_primary	77304	149	77155	0	0	0	skip_motif_no_variation	False												False			False	False		
RBPJ	Follicular_T_Helper	strict_primary	2061	12	2049	0	0	0	skip_motif_no_variation	False												False			False	False		
RBPJ	Memory_Tregs	strict_primary	3684	14	3670	0	0	0	skip_motif_no_variation	False												False			False	False		
RBPJ	Naive_B	strict_primary	2702	11	2691	0	0	0	skip_motif_no_variation	False												False			False	False		
RBPJ	Naive_CD8_T	strict_primary	2080	13	2067	0	0	0	skip_motif_no_variation	False												False			False	False		
REL-halfsite	Follicular_T_Helper	strict_primary	2061	12	2049	0	0	0	skip_motif_no_variation	False												False			False	False		
REL-halfsite	Memory_Tregs	strict_primary	3684	14	3670	0	0	0	skip_motif_no_variation	False												False			False	False		
REL-halfsite	Naive_B	strict_primary	2702	11	2691	0	0	0	skip_motif_no_variation	False												False			False	False		
REL-halfsite	Naive_CD8_T	strict_primary	2080	13	2067	0	0	0	skip_motif_no_variation	False												False			False	False		
REST_NRSF	Follicular_T_Helper	strict_primary	2061	12	2049	0	0	0	skip_motif_no_variation	False												False			False	False		
REST_NRSF	Memory_Tregs	strict_primary	3684	14	3670	0	0	0	skip_motif_no_variation	False												False			False	False		
REST_NRSF	Naive_B	strict_primary	2702	11	2691	0	0	0	skip_motif_no_variation	False												False			False	False		
REST_NRSF	Naive_CD8_T	strict_primary	2080	13	2067	0	0	0	skip_motif_no_variation	False												False			False	False		
RFX_1	Follicular_T_Helper	strict_primary	2061	12	2049	0	0	0	skip_motif_no_variation	False												False			False	False		
RFX_1	Memory_Tregs	strict_primary	3684	14	3670	0	0	0	skip_motif_no_variation	False												False			False	False		
RFX_1	Naive_B	strict_primary	2702	11	2691	0	0	0	skip_motif_no_variation	False												False			False	False		
RFX_1	Naive_CD8_T	strict_primary	2080	13	2067	0	0	0	skip_motif_no_variation	False												False			False	False		
RFX_2	Follicular_T_Helper	strict_primary	2061	12	2049	0	0	0	skip_motif_no_variation	False												False			False	False		
RFX_2	Memory_Tregs	strict_primary	3684	14	3670	0	0	0	skip_motif_no_variation	False												False			False	False		
RFX_2	Naive_B	strict_primary	2702	11	2691	0	0	0	skip_motif_no_variation	False												False			False	False		
RFX_2	Naive_CD8_T	strict_primary	2080	13	2067	0	0	0	skip_motif_no_variation	False												False			False	False		
RFX_2	Naive_Tregs	strict_primary	77304	149	77155	0	0	0	skip_motif_no_variation	False												False			False	False		
RFX_3	Follicular_T_Helper	strict_primary	2061	12	2049	0	0	0	skip_motif_no_variation	False												False			False	False		
RFX_3	Memory_Tregs	strict_primary	3684	14	3670	0	0	0	skip_motif_no_variation	False												False			False	False		
RFX_3	Naive_B	strict_primary	2702	11	2691	0	0	0	skip_motif_no_variation	False												False			False	False		
RFX_3	Naive_CD8_T	strict_primary	2080	13	2067	0	0	0	skip_motif_no_variation	False												False			False	False		
RUNX_1	Follicular_T_Helper	strict_primary	2061	12	2049	0	0	0	skip_motif_no_variation	False												False			False	False		
RUNX_1	Memory_Tregs	strict_primary	3684	14	3670	0	0	0	skip_motif_no_variation	False												False			False	False		
RUNX_1	Naive_B	strict_primary	2702	11	2691	0	0	0	skip_motif_no_variation	False												False			False	False		
RUNX_1	Naive_CD8_T	strict_primary	2080	13	2067	0	0	0	skip_motif_no_variation	False												False			False	False		
RUNX_2	Follicular_T_Helper	strict_primary	2061	12	2049	0	0	0	skip_motif_no_variation	False												False			False	False		
RUNX_2	Memory_Tregs	strict_primary	3684	14	3670	0	0	0	skip_motif_no_variation	False												False			False	False		
RUNX_2	Naive_B	strict_primary	2702	11	2691	0	0	0	skip_motif_no_variation	False												False			False	False		
RUNX_2	Naive_CD8_T	strict_primary	2080	13	2067	0	0	0	skip_motif_no_variation	False												False			False	False		
RUNX_2	Naive_Tregs	strict_primary	77304	149	77155	0	0	0	skip_motif_no_variation	False												False			False	False		
SCRT1	Follicular_T_Helper	strict_primary	2061	12	2049	0	0	0	skip_motif_no_variation	False												False			False	False		
SCRT1	Memory_Tregs	strict_primary	3684	14	3670	0	0	0	skip_motif_no_variation	False												False			False	False		
SCRT1	Monocytes	strict_primary	96771	1256	95515	0	0	0	skip_motif_no_variation	False												False			False	False		
SCRT1	Naive_B	strict_primary	2702	11	2691	0	0	0	skip_motif_no_variation	False												False			False	False		
SCRT1	Naive_CD8_T	strict_primary	2080	13	2067	0	0	0	skip_motif_no_variation	False												False			False	False		
SCRT1	Naive_Tregs	strict_primary	77304	149	77155	0	0	0	skip_motif_no_variation	False												False			False	False		
SIX_1	Follicular_T_Helper	strict_primary	2061	12	2049	0	0	0	skip_motif_no_variation	False												False			False	False		
SIX_1	Memory_Tregs	strict_primary	3684	14	3670	0	0	0	skip_motif_no_variation	False												False			False	False		
SIX_1	Naive_B	strict_primary	2702	11	2691	0	0	0	skip_motif_no_variation	False												False			False	False		
SIX_1	Naive_CD8_T	strict_primary	2080	13	2067	0	0	0	skip_motif_no_variation	False												False			False	False		
SIX_2	Follicular_T_Helper	strict_primary	2061	12	2049	0	0	0	skip_motif_no_variation	False												False			False	False		
SIX_2	Memory_Tregs	strict_primary	3684	14	3670	0	0	0	skip_motif_no_variation	False												False			False	False		
SIX_2	Monocytes	strict_primary	96771	1256	95515	0	0	0	skip_motif_no_variation	False												False			False	False		
SIX_2	Naive_B	strict_primary	2702	11	2691	0	0	0	skip_motif_no_variation	False												False			False	False		
SIX_2	Naive_CD8_T	strict_primary	2080	13	2067	0	0	0	skip_motif_no_variation	False												False			False	False		
SIX_2	Naive_Tregs	strict_primary	77304	149	77155	0	0	0	skip_motif_no_variation	False												False			False	False		
SMAD_1	Follicular_T_Helper	strict_primary	2061	12	2049	0	0	0	skip_motif_no_variation	False												False			False	False		
SMAD_1	Memory_Tregs	strict_primary	3684	14	3670	0	0	0	skip_motif_no_variation	False												False			False	False		
SMAD_1	Naive_B	strict_primary	2702	11	2691	0	0	0	skip_motif_no_variation	False												False			False	False		
SMAD_1	Naive_CD8_T	strict_primary	2080	13	2067	0	0	0	skip_motif_no_variation	False												False			False	False		
SMAD_2	Memory_Tregs	strict_primary	3684	14	3670	0	0	0	skip_motif_no_variation	False												False			False	False		
SMAD_2	Naive_B	strict_primary	2702	11	2691	0	0	0	skip_motif_no_variation	False												False			False	False		
SMAD_2	Naive_CD8_T	strict_primary	2080	13	2067	0	0	0	skip_motif_no_variation	False												False			False	False		
SMAD_3	Follicular_T_Helper	strict_primary	2061	12	2049	0	0	0	skip_motif_no_variation	False												False			False	False		
SMAD_3	Memory_Tregs	strict_primary	3684	14	3670	0	0	0	skip_motif_no_variation	False												False			False	False		
SMAD_3	Naive_B	strict_primary	2702	11	2691	0	0	0	skip_motif_no_variation	False												False			False	False		
SMAD_3	Naive_CD8_T	strict_primary	2080	13	2067	0	0	0	skip_motif_no_variation	False												False			False	False		
SMAD_3	Naive_Tregs	strict_primary	77304	149	77155	0	0	0	skip_motif_no_variation	False												False			False	False		
SMARCA1	Memory_Tregs	strict_primary	3684	14	3670	0	0	0	skip_motif_no_variation	False												False			False	False		
SMARCA1	Naive_B	strict_primary	2702	11	2691	0	0	0	skip_motif_no_variation	False												False			False	False		
SMARCA1	Naive_CD8_T	strict_primary	2080	13	2067	0	0	0	skip_motif_no_variation	False												False			False	False		
SMARCA5	Follicular_T_Helper	strict_primary	2061	12	2049	0	0	0	skip_motif_no_variation	False												False			False	False		
SMARCA5	Memory_Tregs	strict_primary	3684	14	3670	0	0	0	skip_motif_no_variation	False												False			False	False		
SMARCA5	Naive_B	strict_primary	2702	11	2691	0	0	0	skip_motif_no_variation	False												False			False	False		
SMARCA5	Naive_CD8_T	strict_primary	2080	13	2067	0	0	0	skip_motif_no_variation	False												False			False	False		
SNAI2	Follicular_T_Helper	strict_primary	2061	12	2049	0	0	0	skip_motif_no_variation	False												False			False	False		
SNAI2	Memory_Tregs	strict_primary	3684	14	3670	0	0	0	skip_motif_no_variation	False												False			False	False		
SNAI2	Naive_B	strict_primary	2702	11	2691	0	0	0	skip_motif_no_variation	False												False			False	False		
SNAI2	Naive_CD8_T	strict_primary	2080	13	2067	0	0	0	skip_motif_no_variation	False												False			False	False		
SNAI2	Naive_Tregs	strict_primary	77304	149	77155	0	0	0	skip_motif_no_variation	False												False			False	False		
SOX_2	Follicular_T_Helper	strict_primary	2061	12	2049	0	0	0	skip_motif_no_variation	False												False			False	False		
SOX_2	Naive_B	strict_primary	2702	11	2691	0	0	0	skip_motif_no_variation	False												False			False	False		
SOX_2	Naive_CD8_T	strict_primary	2080	13	2067	0	0	0	skip_motif_no_variation	False												False			False	False		
SOX_3	Follicular_T_Helper	strict_primary	2061	12	2049	0	0	0	skip_motif_no_variation	False												False			False	False		
SOX_3	Memory_Tregs	strict_primary	3684	14	3670	0	0	0	skip_motif_no_variation	False												False			False	False		
SOX_3	Monocytes	strict_primary	96771	1256	95515	0	0	0	skip_motif_no_variation	False												False			False	False		
SOX_3	Naive_B	strict_primary	2702	11	2691	0	0	0	skip_motif_no_variation	False												False			False	False		
SOX_3	Naive_CD8_T	strict_primary	2080	13	2067	0	0	0	skip_motif_no_variation	False												False			False	False		
SOX_4	Follicular_T_Helper	strict_primary	2061	12	2049	0	0	0	skip_motif_no_variation	False												False			False	False		
SOX_4	Memory_Tregs	strict_primary	3684	14	3670	0	0	0	skip_motif_no_variation	False												False			False	False		
SOX_4	Naive_B	strict_primary	2702	11	2691	0	0	0	skip_motif_no_variation	False												False			False	False		
SOX_4	Naive_CD8_T	strict_primary	2080	13	2067	0	0	0	skip_motif_no_variation	False												False			False	False		
SOX_5	Follicular_T_Helper	strict_primary	2061	12	2049	0	0	0	skip_motif_no_variation	False												False			False	False		
SOX_5	Memory_Tregs	strict_primary	3684	14	3670	0	0	0	skip_motif_no_variation	False												False			False	False		
SOX_5	Monocytes	strict_primary	96771	1256	95515	0	0	0	skip_motif_no_variation	False												False			False	False		
SOX_5	Naive_B	strict_primary	2702	11	2691	0	0	0	skip_motif_no_variation	False												False			False	False		
SOX_5	Naive_CD8_T	strict_primary	2080	13	2067	0	0	0	skip_motif_no_variation	False												False			False	False		
SOX_5	Naive_Tregs	strict_primary	77304	149	77155	0	0	0	skip_motif_no_variation	False												False			False	False		
SOX_6	Follicular_T_Helper	strict_primary	2061	12	2049	0	0	0	skip_motif_no_variation	False												False			False	False		
SOX_6	Memory_Tregs	strict_primary	3684	14	3670	0	0	0	skip_motif_no_variation	False												False			False	False		
SOX_6	Naive_B	strict_primary	2702	11	2691	0	0	0	skip_motif_no_variation	False												False			False	False		
SOX_6	Naive_CD8_T	strict_primary	2080	13	2067	0	0	0	skip_motif_no_variation	False												False			False	False		
SOX_6	Naive_Tregs	strict_primary	77304	149	77155	0	0	0	skip_motif_no_variation	False												False			False	False		
SOX_7	Follicular_T_Helper	strict_primary	2061	12	2049	0	0	0	skip_motif_no_variation	False												False			False	False		
SOX_7	Memory_Tregs	strict_primary	3684	14	3670	0	0	0	skip_motif_no_variation	False												False			False	False		
SOX_7	Naive_B	strict_primary	2702	11	2691	0	0	0	skip_motif_no_variation	False												False			False	False		
SOX_7	Naive_CD8_T	strict_primary	2080	13	2067	0	0	0	skip_motif_no_variation	False												False			False	False		
SOX_7	Naive_Tregs	strict_primary	77304	149	77155	0	0	0	skip_motif_no_variation	False												False			False	False		
SOX_8	Follicular_T_Helper	strict_primary	2061	12	2049	0	0	0	skip_motif_no_variation	False												False			False	False		
SOX_8	Memory_Tregs	strict_primary	3684	14	3670	0	0	0	skip_motif_no_variation	False												False			False	False		
SOX_8	Naive_B	strict_primary	2702	11	2691	0	0	0	skip_motif_no_variation	False												False			False	False		
SOX_8	Naive_CD8_T	strict_primary	2080	13	2067	0	0	0	skip_motif_no_variation	False												False			False	False		
SPDEF_1	Follicular_T_Helper	strict_primary	2061	12	2049	0	0	0	skip_motif_no_variation	False												False			False	False		
SPDEF_1	Memory_Tregs	strict_primary	3684	14	3670	0	0	0	skip_motif_no_variation	False												False			False	False		
SPDEF_1	Naive_B	strict_primary	2702	11	2691	0	0	0	skip_motif_no_variation	False												False			False	False		
SPDEF_1	Naive_CD8_T	strict_primary	2080	13	2067	0	0	0	skip_motif_no_variation	False												False			False	False		
SPDEF_2	Follicular_T_Helper	strict_primary	2061	12	2049	0	0	0	skip_motif_no_variation	False												False			False	False		
SPDEF_2	Memory_Tregs	strict_primary	3684	14	3670	0	0	0	skip_motif_no_variation	False												False			False	False		
SPDEF_2	Naive_B	strict_primary	2702	11	2691	0	0	0	skip_motif_no_variation	False												False			False	False		
SPDEF_2	Naive_CD8_T	strict_primary	2080	13	2067	0	0	0	skip_motif_no_variation	False												False			False	False		
SPI	Follicular_T_Helper	strict_primary	2061	12	2049	0	0	0	skip_motif_no_variation	False												False			False	False		
SPI	Memory_Tregs	strict_primary	3684	14	3670	0	0	0	skip_motif_no_variation	False												False			False	False		
SPI	Naive_B	strict_primary	2702	11	2691	0	0	0	skip_motif_no_variation	False												False			False	False		
SPI	Naive_CD8_T	strict_primary	2080	13	2067	0	0	0	skip_motif_no_variation	False												False			False	False		
SPZ1	Follicular_T_Helper	strict_primary	2061	12	2049	0	0	0	skip_motif_no_variation	False												False			False	False		
SPZ1	Memory_Tregs	strict_primary	3684	14	3670	0	0	0	skip_motif_no_variation	False												False			False	False		
SPZ1	Monocytes	strict_primary	96771	1256	95515	0	0	0	skip_motif_no_variation	False												False			False	False		
SPZ1	Naive_B	strict_primary	2702	11	2691	0	0	0	skip_motif_no_variation	False												False			False	False		
SPZ1	Naive_CD8_T	strict_primary	2080	13	2067	0	0	0	skip_motif_no_variation	False												False			False	False		
SREBF1	Follicular_T_Helper	strict_primary	2061	12	2049	0	0	0	skip_motif_no_variation	False												False			False	False		
SREBF1	Naive_CD8_T	strict_primary	2080	13	2067	0	0	0	skip_motif_no_variation	False												False			False	False		
SRF	Follicular_T_Helper	strict_primary	2061	12	2049	0	0	0	skip_motif_no_variation	False												False			False	False		
SRF	Memory_Tregs	strict_primary	3684	14	3670	0	0	0	skip_motif_no_variation	False												False			False	False		
SRF	Naive_B	strict_primary	2702	11	2691	0	0	0	skip_motif_no_variation	False												False			False	False		
SRF	Naive_CD8_T	strict_primary	2080	13	2067	0	0	0	skip_motif_no_variation	False												False			False	False		
STAT_1	Follicular_T_Helper	strict_primary	2061	12	2049	0	0	0	skip_motif_no_variation	False												False			False	False		
STAT_1	Memory_Tregs	strict_primary	3684	14	3670	0	0	0	skip_motif_no_variation	False												False			False	False		
STAT_1	Naive_B	strict_primary	2702	11	2691	0	0	0	skip_motif_no_variation	False												False			False	False		
STAT_1	Naive_CD8_T	strict_primary	2080	13	2067	0	0	0	skip_motif_no_variation	False												False			False	False		
STAT_1	Naive_Tregs	strict_primary	77304	149	77155	0	0	0	skip_motif_no_variation	False												False			False	False		
STAT_2	Follicular_T_Helper	strict_primary	2061	12	2049	0	0	0	skip_motif_no_variation	False												False			False	False		
STAT_2	Memory_Tregs	strict_primary	3684	14	3670	0	0	0	skip_motif_no_variation	False												False			False	False		
STAT_2	Naive_B	strict_primary	2702	11	2691	0	0	0	skip_motif_no_variation	False												False			False	False		
STAT_2	Naive_CD8_T	strict_primary	2080	13	2067	0	0	0	skip_motif_no_variation	False												False			False	False		
STAT_2	Naive_Tregs	strict_primary	77304	149	77155	0	0	0	skip_motif_no_variation	False												False			False	False		
TATA	Follicular_T_Helper	strict_primary	2061	12	2049	0	0	0	skip_motif_no_variation	False												False			False	False		
TATA	Memory_Tregs	strict_primary	3684	14	3670	0	0	0	skip_motif_no_variation	False												False			False	False		
TATA	Monocytes	strict_primary	96771	1256	95515	0	0	0	skip_motif_no_variation	False												False			False	False		
TATA	Naive_B	strict_primary	2702	11	2691	0	0	0	skip_motif_no_variation	False												False			False	False		
TATA	Naive_CD8_T	strict_primary	2080	13	2067	0	0	0	skip_motif_no_variation	False												False			False	False		
TATA	Naive_Tregs	strict_primary	77304	149	77155	0	0	0	skip_motif_no_variation	False												False			False	False		
TBX_1	Follicular_T_Helper	strict_primary	2061	12	2049	0	0	0	skip_motif_no_variation	False												False			False	False		
TBX_1	Memory_Tregs	strict_primary	3684	14	3670	0	0	0	skip_motif_no_variation	False												False			False	False		
TBX_1	Naive_B	strict_primary	2702	11	2691	0	0	0	skip_motif_no_variation	False												False			False	False		
TBX_1	Naive_CD8_T	strict_primary	2080	13	2067	0	0	0	skip_motif_no_variation	False												False			False	False		
TBX_2	Follicular_T_Helper	strict_primary	2061	12	2049	0	0	0	skip_motif_no_variation	False												False			False	False		
TBX_2	Memory_Tregs	strict_primary	3684	14	3670	0	0	0	skip_motif_no_variation	False												False			False	False		
TBX_2	Naive_B	strict_primary	2702	11	2691	0	0	0	skip_motif_no_variation	False												False			False	False		
TBX_2	Naive_CD8_T	strict_primary	2080	13	2067	0	0	0	skip_motif_no_variation	False												False			False	False		
TBX_3	Follicular_T_Helper	strict_primary	2061	12	2049	0	0	0	skip_motif_no_variation	False												False			False	False		
TBX_3	Memory_Tregs	strict_primary	3684	14	3670	0	0	0	skip_motif_no_variation	False												False			False	False		
TBX_3	Naive_B	strict_primary	2702	11	2691	0	0	0	skip_motif_no_variation	False												False			False	False		
TBX_3	Naive_CD8_T	strict_primary	2080	13	2067	0	0	0	skip_motif_no_variation	False												False			False	False		
TBX_4	Naive_CD8_T	strict_primary	2080	13	2067	0	0	0	skip_motif_no_variation	False												False			False	False		
TCF_LEF	Follicular_T_Helper	strict_primary	2061	12	2049	0	0	0	skip_motif_no_variation	False												False			False	False		
TCF_LEF	Memory_Tregs	strict_primary	3684	14	3670	0	0	0	skip_motif_no_variation	False												False			False	False		
TCF_LEF	Naive_B	strict_primary	2702	11	2691	0	0	0	skip_motif_no_variation	False												False			False	False		
TCF_LEF	Naive_CD8_T	strict_primary	2080	13	2067	0	0	0	skip_motif_no_variation	False												False			False	False		
TEAD	Follicular_T_Helper	strict_primary	2061	12	2049	0	0	0	skip_motif_no_variation	False												False			False	False		
TEAD	Memory_Tregs	strict_primary	3684	14	3670	0	0	0	skip_motif_no_variation	False												False			False	False		
TEAD	Naive_B	strict_primary	2702	11	2691	0	0	0	skip_motif_no_variation	False												False			False	False		
TEAD	Naive_CD8_T	strict_primary	2080	13	2067	0	0	0	skip_motif_no_variation	False												False			False	False		
TFAP2_1	Follicular_T_Helper	strict_primary	2061	12	2049	0	0	0	skip_motif_no_variation	False												False			False	False		
TFAP2_1	Memory_Tregs	strict_primary	3684	14	3670	0	0	0	skip_motif_no_variation	False												False			False	False		
TFAP2_1	Naive_B	strict_primary	2702	11	2691	0	0	0	skip_motif_no_variation	False												False			False	False		
TFAP2_1	Naive_CD8_T	strict_primary	2080	13	2067	0	0	0	skip_motif_no_variation	False												False			False	False		
TFAP2_2	Follicular_T_Helper	strict_primary	2061	12	2049	0	0	0	skip_motif_no_variation	False												False			False	False		
TFAP2_2	Memory_Tregs	strict_primary	3684	14	3670	0	0	0	skip_motif_no_variation	False												False			False	False		
TFAP2_2	Naive_B	strict_primary	2702	11	2691	0	0	0	skip_motif_no_variation	False												False			False	False		
TFAP2_2	Naive_CD8_T	strict_primary	2080	13	2067	0	0	0	skip_motif_no_variation	False												False			False	False		
TFCP2	Memory_Tregs	strict_primary	3684	14	3670	0	0	0	skip_motif_no_variation	False												False			False	False		
TFCP2	Naive_B	strict_primary	2702	11	2691	0	0	0	skip_motif_no_variation	False												False			False	False		
TFCP2	Naive_CD8_T	strict_primary	2080	13	2067	0	0	0	skip_motif_no_variation	False												False			False	False		
THAP1	Follicular_T_Helper	strict_primary	2061	12	2049	0	0	0	skip_motif_no_variation	False												False			False	False		
THAP1	Memory_Tregs	strict_primary	3684	14	3670	0	0	0	skip_motif_no_variation	False												False			False	False		
THAP1	Naive_B	strict_primary	2702	11	2691	0	0	0	skip_motif_no_variation	False												False			False	False		
THAP1	Naive_CD8_T	strict_primary	2080	13	2067	0	0	0	skip_motif_no_variation	False												False			False	False		
YY1	Follicular_T_Helper	strict_primary	2061	12	2049	0	0	0	skip_motif_no_variation	False												False			False	False		
YY1	Memory_Tregs	strict_primary	3684	14	3670	0	0	0	skip_motif_no_variation	False												False			False	False		
YY1	Naive_B	strict_primary	2702	11	2691	0	0	0	skip_motif_no_variation	False												False			False	False		
YY1	Naive_CD8_T	strict_primary	2080	13	2067	0	0	0	skip_motif_no_variation	False												False			False	False		
ZBED1	Follicular_T_Helper	strict_primary	2061	12	2049	0	0	0	skip_motif_no_variation	False												False			False	False		
ZBED1	Memory_Tregs	strict_primary	3684	14	3670	0	0	0	skip_motif_no_variation	False												False			False	False		
ZBED1	Monocytes	strict_primary	96771	1256	95515	0	0	0	skip_motif_no_variation	False												False			False	False		
ZBED1	Naive_B	strict_primary	2702	11	2691	0	0	0	skip_motif_no_variation	False												False			False	False		
ZBED1	Naive_CD8_T	strict_primary	2080	13	2067	0	0	0	skip_motif_no_variation	False												False			False	False		
ZBED1	Naive_Tregs	strict_primary	77304	149	77155	0	0	0	skip_motif_no_variation	False												False			False	False		
ZBTB14	Follicular_T_Helper	strict_primary	2061	12	2049	0	0	0	skip_motif_no_variation	False												False			False	False		
ZBTB14	Monocytes	strict_primary	96771	1256	95515	0	0	0	skip_motif_no_variation	False												False			False	False		
ZBTB14	Naive_B	strict_primary	2702	11	2691	0	0	0	skip_motif_no_variation	False												False			False	False		
ZBTB14	Naive_CD8_T	strict_primary	2080	13	2067	0	0	0	skip_motif_no_variation	False												False			False	False		
ZBTB14	Naive_Tregs	strict_primary	77304	149	77155	0	0	0	skip_motif_no_variation	False												False			False	False		
ZBTB48	Follicular_T_Helper	strict_primary	2061	12	2049	0	0	0	skip_motif_no_variation	False												False			False	False		
ZBTB48	Memory_Tregs	strict_primary	3684	14	3670	0	0	0	skip_motif_no_variation	False												False			False	False		
ZBTB48	Naive_B	strict_primary	2702	11	2691	0	0	0	skip_motif_no_variation	False												False			False	False		
ZBTB48	Naive_CD8_T	strict_primary	2080	13	2067	0	0	0	skip_motif_no_variation	False												False			False	False		
ZBTB49	Follicular_T_Helper	strict_primary	2061	12	2049	0	0	0	skip_motif_no_variation	False												False			False	False		
ZBTB49	Memory_Tregs	strict_primary	3684	14	3670	0	0	0	skip_motif_no_variation	False												False			False	False		
ZBTB49	Naive_B	strict_primary	2702	11	2691	0	0	0	skip_motif_no_variation	False												False			False	False		
ZBTB49	Naive_CD8_T	strict_primary	2080	13	2067	0	0	0	skip_motif_no_variation	False												False			False	False		
ZBTB49	Naive_Tregs	strict_primary	77304	149	77155	0	0	0	skip_motif_no_variation	False												False			False	False		
ZBTB6	Naive_B	strict_primary	2702	11	2691	0	0	0	skip_motif_no_variation	False												False			False	False		
ZBTB6	Naive_CD8_T	strict_primary	2080	13	2067	0	0	0	skip_motif_no_variation	False												False			False	False		
ZBTB7A	Follicular_T_Helper	strict_primary	2061	12	2049	0	0	0	skip_motif_no_variation	False												False			False	False		
ZBTB7A	Memory_Tregs	strict_primary	3684	14	3670	0	0	0	skip_motif_no_variation	False												False			False	False		
ZBTB7A	Naive_B	strict_primary	2702	11	2691	0	0	0	skip_motif_no_variation	False												False			False	False		
ZBTB7A	Naive_CD8_T	strict_primary	2080	13	2067	0	0	0	skip_motif_no_variation	False												False			False	False		
ZFN121	Naive_B	strict_primary	2702	11	2691	0	0	0	skip_motif_no_variation	False												False			False	False		
ZFN121	Naive_CD8_T	strict_primary	2080	13	2067	0	0	0	skip_motif_no_variation	False												False			False	False		
ZFX	Follicular_T_Helper	strict_primary	2061	12	2049	0	0	0	skip_motif_no_variation	False												False			False	False		
ZFX	Memory_Tregs	strict_primary	3684	14	3670	0	0	0	skip_motif_no_variation	False												False			False	False		
ZFX	Naive_B	strict_primary	2702	11	2691	0	0	0	skip_motif_no_variation	False												False			False	False		
ZFX	Naive_CD8_T	strict_primary	2080	13	2067	0	0	0	skip_motif_no_variation	False												False			False	False		
ZIC	Follicular_T_Helper	strict_primary	2061	12	2049	0	0	0	skip_motif_no_variation	False												False			False	False		
ZIC	Memory_Tregs	strict_primary	3684	14	3670	0	0	0	skip_motif_no_variation	False												False			False	False		
ZIC	Naive_CD8_T	strict_primary	2080	13	2067	0	0	0	skip_motif_no_variation	False												False			False	False		
ZIC_2	Follicular_T_Helper	strict_primary	2061	12	2049	0	0	0	skip_motif_no_variation	False												False			False	False		
ZIC_2	Memory_Tregs	strict_primary	3684	14	3670	0	0	0	skip_motif_no_variation	False												False			False	False		
ZIC_2	Naive_B	strict_primary	2702	11	2691	0	0	0	skip_motif_no_variation	False												False			False	False		
ZIC_2	Naive_CD8_T	strict_primary	2080	13	2067	0	0	0	skip_motif_no_variation	False												False			False	False		
ZIM3	Monocytes	strict_primary	96771	1256	95515	0	0	0	skip_motif_no_variation	False												False			False	False		
ZIM3	Naive_CD8_T	strict_primary	2080	13	2067	0	0	0	skip_motif_no_variation	False												False			False	False		
ZKSCAN1	Follicular_T_Helper	strict_primary	2061	12	2049	0	0	0	skip_motif_no_variation	False												False			False	False		
ZKSCAN1	Memory_Tregs	strict_primary	3684	14	3670	0	0	0	skip_motif_no_variation	False												False			False	False		
ZKSCAN1	Naive_B	strict_primary	2702	11	2691	0	0	0	skip_motif_no_variation	False												False			False	False		
ZKSCAN1	Naive_CD8_T	strict_primary	2080	13	2067	0	0	0	skip_motif_no_variation	False												False			False	False		
ZNF134	Naive_B	strict_primary	2702	11	2691	0	0	0	skip_motif_no_variation	False												False			False	False		
ZNF134	Naive_CD8_T	strict_primary	2080	13	2067	0	0	0	skip_motif_no_variation	False												False			False	False		
ZNF136	Follicular_T_Helper	strict_primary	2061	12	2049	0	0	0	skip_motif_no_variation	False												False			False	False		
ZNF136	Memory_Tregs	strict_primary	3684	14	3670	0	0	0	skip_motif_no_variation	False												False			False	False		
ZNF136	Naive_B	strict_primary	2702	11	2691	0	0	0	skip_motif_no_variation	False												False			False	False		
ZNF136	Naive_CD8_T	strict_primary	2080	13	2067	0	0	0	skip_motif_no_variation	False												False			False	False		
ZNF140	Follicular_T_Helper	strict_primary	2061	12	2049	0	0	0	skip_motif_no_variation	False												False			False	False		
ZNF140	Memory_Tregs	strict_primary	3684	14	3670	0	0	0	skip_motif_no_variation	False												False			False	False		
ZNF140	Naive_B	strict_primary	2702	11	2691	0	0	0	skip_motif_no_variation	False												False			False	False		
ZNF140	Naive_CD8_T	strict_primary	2080	13	2067	0	0	0	skip_motif_no_variation	False												False			False	False		
ZNF143_1	Follicular_T_Helper	strict_primary	2061	12	2049	0	0	0	skip_motif_no_variation	False												False			False	False		
ZNF143_1	Memory_Tregs	strict_primary	3684	14	3670	0	0	0	skip_motif_no_variation	False												False			False	False		
ZNF143_1	Monocytes	strict_primary	96771	1256	95515	0	0	0	skip_motif_no_variation	False												False			False	False		
ZNF143_1	Naive_B	strict_primary	2702	11	2691	0	0	0	skip_motif_no_variation	False												False			False	False		
ZNF143_1	Naive_CD8_T	strict_primary	2080	13	2067	0	0	0	skip_motif_no_variation	False												False			False	False		
ZNF143_1	Naive_Tregs	strict_primary	77304	149	77155	0	0	0	skip_motif_no_variation	False												False			False	False		
ZNF143_2	Naive_CD8_T	strict_primary	2080	13	2067	0	0	0	skip_motif_no_variation	False												False			False	False		
ZNF146	Follicular_T_Helper	strict_primary	2061	12	2049	0	0	0	skip_motif_no_variation	False												False			False	False		
ZNF146	Memory_Tregs	strict_primary	3684	14	3670	0	0	0	skip_motif_no_variation	False												False			False	False		
ZNF146	Naive_B	strict_primary	2702	11	2691	0	0	0	skip_motif_no_variation	False												False			False	False		
ZNF146	Naive_CD8_T	strict_primary	2080	13	2067	0	0	0	skip_motif_no_variation	False												False			False	False		
ZNF146	Naive_Tregs	strict_primary	77304	149	77155	0	0	0	skip_motif_no_variation	False												False			False	False		
ZNF232	Follicular_T_Helper	strict_primary	2061	12	2049	0	0	0	skip_motif_no_variation	False												False			False	False		
ZNF232	Memory_Tregs	strict_primary	3684	14	3670	0	0	0	skip_motif_no_variation	False												False			False	False		
ZNF232	Monocytes	strict_primary	96771	1256	95515	0	0	0	skip_motif_no_variation	False												False			False	False		
ZNF232	Naive_B	strict_primary	2702	11	2691	0	0	0	skip_motif_no_variation	False												False			False	False		
ZNF232	Naive_CD8_T	strict_primary	2080	13	2067	0	0	0	skip_motif_no_variation	False												False			False	False		
ZNF232	Naive_Tregs	strict_primary	77304	149	77155	0	0	0	skip_motif_no_variation	False												False			False	False		
ZNF24	Follicular_T_Helper	strict_primary	2061	12	2049	0	0	0	skip_motif_no_variation	False												False			False	False		
ZNF24	Memory_Tregs	strict_primary	3684	14	3670	0	0	0	skip_motif_no_variation	False												False			False	False		
ZNF24	Naive_B	strict_primary	2702	11	2691	0	0	0	skip_motif_no_variation	False												False			False	False		
ZNF24	Naive_CD8_T	strict_primary	2080	13	2067	0	0	0	skip_motif_no_variation	False												False			False	False		
ZNF250	Follicular_T_Helper	strict_primary	2061	12	2049	0	0	0	skip_motif_no_variation	False												False			False	False		
ZNF250	Memory_Tregs	strict_primary	3684	14	3670	0	0	0	skip_motif_no_variation	False												False			False	False		
ZNF250	Monocytes	strict_primary	96771	1256	95515	0	0	0	skip_motif_no_variation	False												False			False	False		
ZNF250	Naive_B	strict_primary	2702	11	2691	0	0	0	skip_motif_no_variation	False												False			False	False		
ZNF250	Naive_CD8_T	strict_primary	2080	13	2067	0	0	0	skip_motif_no_variation	False												False			False	False		
ZNF250	Naive_Tregs	strict_primary	77304	149	77155	0	0	0	skip_motif_no_variation	False												False			False	False		
ZNF257	Follicular_T_Helper	strict_primary	2061	12	2049	0	0	0	skip_motif_no_variation	False												False			False	False		
ZNF257	Memory_Tregs	strict_primary	3684	14	3670	0	0	0	skip_motif_no_variation	False												False			False	False		
ZNF257	Naive_B	strict_primary	2702	11	2691	0	0	0	skip_motif_no_variation	False												False			False	False		
ZNF257	Naive_CD8_T	strict_primary	2080	13	2067	0	0	0	skip_motif_no_variation	False												False			False	False		
ZNF274	Follicular_T_Helper	strict_primary	2061	12	2049	0	0	0	skip_motif_no_variation	False												False			False	False		
ZNF274	Naive_B	strict_primary	2702	11	2691	0	0	0	skip_motif_no_variation	False												False			False	False		
ZNF274	Naive_CD8_T	strict_primary	2080	13	2067	0	0	0	skip_motif_no_variation	False												False			False	False		
ZNF28	Follicular_T_Helper	strict_primary	2061	12	2049	0	0	0	skip_motif_no_variation	False												False			False	False		
ZNF28	Memory_Tregs	strict_primary	3684	14	3670	0	0	0	skip_motif_no_variation	False												False			False	False		
ZNF28	Naive_CD8_T	strict_primary	2080	13	2067	0	0	0	skip_motif_no_variation	False												False			False	False		
ZNF282	Follicular_T_Helper	strict_primary	2061	12	2049	0	0	0	skip_motif_no_variation	False												False			False	False		
ZNF282	Memory_Tregs	strict_primary	3684	14	3670	0	0	0	skip_motif_no_variation	False												False			False	False		
ZNF282	Naive_B	strict_primary	2702	11	2691	0	0	0	skip_motif_no_variation	False												False			False	False		
ZNF282	Naive_CD8_T	strict_primary	2080	13	2067	0	0	0	skip_motif_no_variation	False												False			False	False		
ZNF306	Follicular_T_Helper	strict_primary	2061	12	2049	0	0	0	skip_motif_no_variation	False												False			False	False		
ZNF306	Memory_Tregs	strict_primary	3684	14	3670	0	0	0	skip_motif_no_variation	False												False			False	False		
ZNF306	Monocytes	strict_primary	96771	1256	95515	0	0	0	skip_motif_no_variation	False												False			False	False		
ZNF306	Naive_B	strict_primary	2702	11	2691	0	0	0	skip_motif_no_variation	False												False			False	False		
ZNF306	Naive_CD8_T	strict_primary	2080	13	2067	0	0	0	skip_motif_no_variation	False												False			False	False		
ZNF306	Naive_Tregs	strict_primary	77304	149	77155	0	0	0	skip_motif_no_variation	False												False			False	False		
ZNF317	Follicular_T_Helper	strict_primary	2061	12	2049	0	0	0	skip_motif_no_variation	False												False			False	False		
ZNF317	Memory_Tregs	strict_primary	3684	14	3670	0	0	0	skip_motif_no_variation	False												False			False	False		
ZNF317	Naive_B	strict_primary	2702	11	2691	0	0	0	skip_motif_no_variation	False												False			False	False		
ZNF317	Naive_CD8_T	strict_primary	2080	13	2067	0	0	0	skip_motif_no_variation	False												False			False	False		
ZNF320	Memory_Tregs	strict_primary	3684	14	3670	0	0	0	skip_motif_no_variation	False												False			False	False		
ZNF320	Naive_B	strict_primary	2702	11	2691	0	0	0	skip_motif_no_variation	False												False			False	False		
ZNF320	Naive_CD8_T	strict_primary	2080	13	2067	0	0	0	skip_motif_no_variation	False												False			False	False		
ZNF324	Naive_CD8_T	strict_primary	2080	13	2067	0	0	0	skip_motif_no_variation	False												False			False	False		
ZNF329	Follicular_T_Helper	strict_primary	2061	12	2049	0	0	0	skip_motif_no_variation	False												False			False	False		
ZNF329	Memory_Tregs	strict_primary	3684	14	3670	0	0	0	skip_motif_no_variation	False												False			False	False		
ZNF329	Naive_B	strict_primary	2702	11	2691	0	0	0	skip_motif_no_variation	False												False			False	False		
ZNF329	Naive_CD8_T	strict_primary	2080	13	2067	0	0	0	skip_motif_no_variation	False												False			False	False		
ZNF331	Follicular_T_Helper	strict_primary	2061	12	2049	0	0	0	skip_motif_no_variation	False												False			False	False		
ZNF331	Memory_Tregs	strict_primary	3684	14	3670	0	0	0	skip_motif_no_variation	False												False			False	False		
ZNF331	Naive_B	strict_primary	2702	11	2691	0	0	0	skip_motif_no_variation	False												False			False	False		
ZNF331	Naive_CD8_T	strict_primary	2080	13	2067	0	0	0	skip_motif_no_variation	False												False			False	False		
ZNF332	Follicular_T_Helper	strict_primary	2061	12	2049	0	0	0	skip_motif_no_variation	False												False			False	False		
ZNF332	Memory_Tregs	strict_primary	3684	14	3670	0	0	0	skip_motif_no_variation	False												False			False	False		
ZNF335	Naive_B	strict_primary	2702	11	2691	0	0	0	skip_motif_no_variation	False												False			False	False		
ZNF354	Follicular_T_Helper	strict_primary	2061	12	2049	0	0	0	skip_motif_no_variation	False												False			False	False		
ZNF354	Memory_Tregs	strict_primary	3684	14	3670	0	0	0	skip_motif_no_variation	False												False			False	False		
ZNF354	Naive_B	strict_primary	2702	11	2691	0	0	0	skip_motif_no_variation	False												False			False	False		
ZNF382	Follicular_T_Helper	strict_primary	2061	12	2049	0	0	0	skip_motif_no_variation	False												False			False	False		
ZNF382	Memory_Tregs	strict_primary	3684	14	3670	0	0	0	skip_motif_no_variation	False												False			False	False		
ZNF382	Naive_B	strict_primary	2702	11	2691	0	0	0	skip_motif_no_variation	False												False			False	False		
ZNF382	Naive_CD8_T	strict_primary	2080	13	2067	0	0	0	skip_motif_no_variation	False												False			False	False		
ZNF384_1	Follicular_T_Helper	strict_primary	2061	12	2049	0	0	0	skip_motif_no_variation	False												False			False	False		
ZNF384_1	Memory_Tregs	strict_primary	3684	14	3670	0	0	0	skip_motif_no_variation	False												False			False	False		
ZNF384_1	Naive_B	strict_primary	2702	11	2691	0	0	0	skip_motif_no_variation	False												False			False	False		
ZNF384_1	Naive_CD8_T	strict_primary	2080	13	2067	0	0	0	skip_motif_no_variation	False												False			False	False		
ZNF384_1	Naive_Tregs	strict_primary	77304	149	77155	0	0	0	skip_motif_no_variation	False												False			False	False		
ZNF384_2	Follicular_T_Helper	strict_primary	2061	12	2049	0	0	0	skip_motif_no_variation	False												False			False	False		
ZNF384_2	Memory_Tregs	strict_primary	3684	14	3670	0	0	0	skip_motif_no_variation	False												False			False	False		
ZNF384_2	Naive_CD8_T	strict_primary	2080	13	2067	0	0	0	skip_motif_no_variation	False												False			False	False		
ZNF41	Follicular_T_Helper	strict_primary	2061	12	2049	0	0	0	skip_motif_no_variation	False												False			False	False		
ZNF41	Memory_Tregs	strict_primary	3684	14	3670	0	0	0	skip_motif_no_variation	False												False			False	False		
ZNF41	Naive_B	strict_primary	2702	11	2691	0	0	0	skip_motif_no_variation	False												False			False	False		
ZNF41	Naive_CD8_T	strict_primary	2080	13	2067	0	0	0	skip_motif_no_variation	False												False			False	False		
ZNF41	Naive_Tregs	strict_primary	77304	149	77155	0	0	0	skip_motif_no_variation	False												False			False	False		
ZNF410	Follicular_T_Helper	strict_primary	2061	12	2049	0	0	0	skip_motif_no_variation	False												False			False	False		
ZNF410	Memory_Tregs	strict_primary	3684	14	3670	0	0	0	skip_motif_no_variation	False												False			False	False		
ZNF410	Naive_B	strict_primary	2702	11	2691	0	0	0	skip_motif_no_variation	False												False			False	False		
ZNF410	Naive_CD8_T	strict_primary	2080	13	2067	0	0	0	skip_motif_no_variation	False												False			False	False		
ZNF410	Naive_Tregs	strict_primary	77304	149	77155	0	0	0	skip_motif_no_variation	False												False			False	False		
ZNF418	Follicular_T_Helper	strict_primary	2061	12	2049	0	0	0	skip_motif_no_variation	False												False			False	False		
ZNF418	Memory_Tregs	strict_primary	3684	14	3670	0	0	0	skip_motif_no_variation	False												False			False	False		
ZNF418	Naive_B	strict_primary	2702	11	2691	0	0	0	skip_motif_no_variation	False												False			False	False		
ZNF418	Naive_CD8_T	strict_primary	2080	13	2067	0	0	0	skip_motif_no_variation	False												False			False	False		
ZNF418	Naive_Tregs	strict_primary	77304	149	77155	0	0	0	skip_motif_no_variation	False												False			False	False		
ZNF423	Follicular_T_Helper	strict_primary	2061	12	2049	0	0	0	skip_motif_no_variation	False												False			False	False		
ZNF423	Memory_Tregs	strict_primary	3684	14	3670	0	0	0	skip_motif_no_variation	False												False			False	False		
ZNF423	Naive_B	strict_primary	2702	11	2691	0	0	0	skip_motif_no_variation	False												False			False	False		
ZNF423	Naive_CD8_T	strict_primary	2080	13	2067	0	0	0	skip_motif_no_variation	False												False			False	False		
ZNF431	Follicular_T_Helper	strict_primary	2061	12	2049	0	0	0	skip_motif_no_variation	False												False			False	False		
ZNF431	Memory_Tregs	strict_primary	3684	14	3670	0	0	0	skip_motif_no_variation	False												False			False	False		
ZNF431	Naive_B	strict_primary	2702	11	2691	0	0	0	skip_motif_no_variation	False												False			False	False		
ZNF431	Naive_CD8_T	strict_primary	2080	13	2067	0	0	0	skip_motif_no_variation	False												False			False	False		
ZNF435	Follicular_T_Helper	strict_primary	2061	12	2049	0	0	0	skip_motif_no_variation	False												False			False	False		
ZNF435	Memory_Tregs	strict_primary	3684	14	3670	0	0	0	skip_motif_no_variation	False												False			False	False		
ZNF435	Monocytes	strict_primary	96771	1256	95515	0	0	0	skip_motif_no_variation	False												False			False	False		
ZNF435	Naive_B	strict_primary	2702	11	2691	0	0	0	skip_motif_no_variation	False												False			False	False		
ZNF435	Naive_CD8_T	strict_primary	2080	13	2067	0	0	0	skip_motif_no_variation	False												False			False	False		
ZNF435	Naive_Tregs	strict_primary	77304	149	77155	0	0	0	skip_motif_no_variation	False												False			False	False		
ZNF436	Follicular_T_Helper	strict_primary	2061	12	2049	0	0	0	skip_motif_no_variation	False												False			False	False		
ZNF436	Memory_Tregs	strict_primary	3684	14	3670	0	0	0	skip_motif_no_variation	False												False			False	False		
ZNF436	Naive_B	strict_primary	2702	11	2691	0	0	0	skip_motif_no_variation	False												False			False	False		
ZNF436	Naive_CD8_T	strict_primary	2080	13	2067	0	0	0	skip_motif_no_variation	False												False			False	False		
ZNF449	Follicular_T_Helper	strict_primary	2061	12	2049	0	0	0	skip_motif_no_variation	False												False			False	False		
ZNF449	Memory_Tregs	strict_primary	3684	14	3670	0	0	0	skip_motif_no_variation	False												False			False	False		
ZNF449	Naive_B	strict_primary	2702	11	2691	0	0	0	skip_motif_no_variation	False												False			False	False		
ZNF449	Naive_CD8_T	strict_primary	2080	13	2067	0	0	0	skip_motif_no_variation	False												False			False	False		
ZNF490	Follicular_T_Helper	strict_primary	2061	12	2049	0	0	0	skip_motif_no_variation	False												False			False	False		
ZNF490	Memory_Tregs	strict_primary	3684	14	3670	0	0	0	skip_motif_no_variation	False												False			False	False		
ZNF490	Naive_B	strict_primary	2702	11	2691	0	0	0	skip_motif_no_variation	False												False			False	False		
ZNF524	Follicular_T_Helper	strict_primary	2061	12	2049	0	0	0	skip_motif_no_variation	False												False			False	False		
ZNF524	Memory_Tregs	strict_primary	3684	14	3670	0	0	0	skip_motif_no_variation	False												False			False	False		
ZNF524	Naive_B	strict_primary	2702	11	2691	0	0	0	skip_motif_no_variation	False												False			False	False		
ZNF524	Naive_CD8_T	strict_primary	2080	13	2067	0	0	0	skip_motif_no_variation	False												False			False	False		
ZNF528	Memory_Tregs	strict_primary	3684	14	3670	0	0	0	skip_motif_no_variation	False												False			False	False		
ZNF528	Naive_B	strict_primary	2702	11	2691	0	0	0	skip_motif_no_variation	False												False			False	False		
ZNF528	Naive_CD8_T	strict_primary	2080	13	2067	0	0	0	skip_motif_no_variation	False												False			False	False		
ZNF53	Follicular_T_Helper	strict_primary	2061	12	2049	0	0	0	skip_motif_no_variation	False												False			False	False		
ZNF53	Naive_B	strict_primary	2702	11	2691	0	0	0	skip_motif_no_variation	False												False			False	False		
ZNF53	Naive_CD8_T	strict_primary	2080	13	2067	0	0	0	skip_motif_no_variation	False												False			False	False		
ZNF547	Follicular_T_Helper	strict_primary	2061	12	2049	0	0	0	skip_motif_no_variation	False												False			False	False		
ZNF547	Memory_Tregs	strict_primary	3684	14	3670	0	0	0	skip_motif_no_variation	False												False			False	False		
ZNF547	Naive_B	strict_primary	2702	11	2691	0	0	0	skip_motif_no_variation	False												False			False	False		
ZNF547	Naive_CD8_T	strict_primary	2080	13	2067	0	0	0	skip_motif_no_variation	False												False			False	False		
ZNF549	Follicular_T_Helper	strict_primary	2061	12	2049	0	0	0	skip_motif_no_variation	False												False			False	False		
ZNF549	Memory_Tregs	strict_primary	3684	14	3670	0	0	0	skip_motif_no_variation	False												False			False	False		
ZNF549	Naive_B	strict_primary	2702	11	2691	0	0	0	skip_motif_no_variation	False												False			False	False		
ZNF549	Naive_CD8_T	strict_primary	2080	13	2067	0	0	0	skip_motif_no_variation	False												False			False	False		
ZNF549	Naive_Tregs	strict_primary	77304	149	77155	0	0	0	skip_motif_no_variation	False												False			False	False		
ZNF554	Follicular_T_Helper	strict_primary	2061	12	2049	0	0	0	skip_motif_no_variation	False												False			False	False		
ZNF554	Naive_B	strict_primary	2702	11	2691	0	0	0	skip_motif_no_variation	False												False			False	False		
ZNF563	Follicular_T_Helper	strict_primary	2061	12	2049	0	0	0	skip_motif_no_variation	False												False			False	False		
ZNF563	Memory_Tregs	strict_primary	3684	14	3670	0	0	0	skip_motif_no_variation	False												False			False	False		
ZNF563	Naive_B	strict_primary	2702	11	2691	0	0	0	skip_motif_no_variation	False												False			False	False		
ZNF563	Naive_CD8_T	strict_primary	2080	13	2067	0	0	0	skip_motif_no_variation	False												False			False	False		
ZNF57	Follicular_T_Helper	strict_primary	2061	12	2049	0	0	0	skip_motif_no_variation	False												False			False	False		
ZNF57	Memory_Tregs	strict_primary	3684	14	3670	0	0	0	skip_motif_no_variation	False												False			False	False		
ZNF57	Naive_B	strict_primary	2702	11	2691	0	0	0	skip_motif_no_variation	False												False			False	False		
ZNF57	Naive_CD8_T	strict_primary	2080	13	2067	0	0	0	skip_motif_no_variation	False												False			False	False		
ZNF586	Follicular_T_Helper	strict_primary	2061	12	2049	0	0	0	skip_motif_no_variation	False												False			False	False		
ZNF586	Naive_B	strict_primary	2702	11	2691	0	0	0	skip_motif_no_variation	False												False			False	False		
ZNF586	Naive_CD8_T	strict_primary	2080	13	2067	0	0	0	skip_motif_no_variation	False												False			False	False		
ZNF652	Follicular_T_Helper	strict_primary	2061	12	2049	0	0	0	skip_motif_no_variation	False												False			False	False		
ZNF652	Memory_Tregs	strict_primary	3684	14	3670	0	0	0	skip_motif_no_variation	False												False			False	False		
ZNF652	Monocytes	strict_primary	96771	1256	95515	0	0	0	skip_motif_no_variation	False												False			False	False		
ZNF652	Naive_B	strict_primary	2702	11	2691	0	0	0	skip_motif_no_variation	False												False			False	False		
ZNF652	Naive_CD8_T	strict_primary	2080	13	2067	0	0	0	skip_motif_no_variation	False												False			False	False		
ZNF652	Naive_Tregs	strict_primary	77304	149	77155	0	0	0	skip_motif_no_variation	False												False			False	False		
ZNF667	Follicular_T_Helper	strict_primary	2061	12	2049	0	0	0	skip_motif_no_variation	False												False			False	False		
ZNF667	Memory_Tregs	strict_primary	3684	14	3670	0	0	0	skip_motif_no_variation	False												False			False	False		
ZNF667	Naive_B	strict_primary	2702	11	2691	0	0	0	skip_motif_no_variation	False												False			False	False		
ZNF667	Naive_CD8_T	strict_primary	2080	13	2067	0	0	0	skip_motif_no_variation	False												False			False	False		
ZNF680	Follicular_T_Helper	strict_primary	2061	12	2049	0	0	0	skip_motif_no_variation	False												False			False	False		
ZNF680	Memory_Tregs	strict_primary	3684	14	3670	0	0	0	skip_motif_no_variation	False												False			False	False		
ZNF680	Naive_B	strict_primary	2702	11	2691	0	0	0	skip_motif_no_variation	False												False			False	False		
ZNF680	Naive_CD8_T	strict_primary	2080	13	2067	0	0	0	skip_motif_no_variation	False												False			False	False		
ZNF680	Naive_Tregs	strict_primary	77304	149	77155	0	0	0	skip_motif_no_variation	False												False			False	False		
ZNF708	Follicular_T_Helper	strict_primary	2061	12	2049	0	0	0	skip_motif_no_variation	False												False			False	False		
ZNF708	Memory_Tregs	strict_primary	3684	14	3670	0	0	0	skip_motif_no_variation	False												False			False	False		
ZNF708	Naive_B	strict_primary	2702	11	2691	0	0	0	skip_motif_no_variation	False												False			False	False		
ZNF708	Naive_CD8_T	strict_primary	2080	13	2067	0	0	0	skip_motif_no_variation	False												False			False	False		
ZNF708	Naive_Tregs	strict_primary	77304	149	77155	0	0	0	skip_motif_no_variation	False												False			False	False		
ZNF713	Follicular_T_Helper	strict_primary	2061	12	2049	0	0	0	skip_motif_no_variation	False												False			False	False		
ZNF713	Memory_Tregs	strict_primary	3684	14	3670	0	0	0	skip_motif_no_variation	False												False			False	False		
ZNF713	Naive_B	strict_primary	2702	11	2691	0	0	0	skip_motif_no_variation	False												False			False	False		
ZNF713	Naive_CD8_T	strict_primary	2080	13	2067	0	0	0	skip_motif_no_variation	False												False			False	False		
ZNF768	Follicular_T_Helper	strict_primary	2061	12	2049	0	0	0	skip_motif_no_variation	False												False			False	False		
ZNF768	Memory_Tregs	strict_primary	3684	14	3670	0	0	0	skip_motif_no_variation	False												False			False	False		
ZNF768	Naive_B	strict_primary	2702	11	2691	0	0	0	skip_motif_no_variation	False												False			False	False		
ZNF768	Naive_CD8_T	strict_primary	2080	13	2067	0	0	0	skip_motif_no_variation	False												False			False	False		
ZNF784	Follicular_T_Helper	strict_primary	2061	12	2049	0	0	0	skip_motif_no_variation	False												False			False	False		
ZNF784	Memory_Tregs	strict_primary	3684	14	3670	0	0	0	skip_motif_no_variation	False												False			False	False		
ZNF784	Monocytes	strict_primary	96771	1256	95515	0	0	0	skip_motif_no_variation	False												False			False	False		
ZNF784	Naive_B	strict_primary	2702	11	2691	0	0	0	skip_motif_no_variation	False												False			False	False		
ZNF784	Naive_CD8_T	strict_primary	2080	13	2067	0	0	0	skip_motif_no_variation	False												False			False	False		
ZNF784	Naive_Tregs	strict_primary	77304	149	77155	0	0	0	skip_motif_no_variation	False												False			False	False		
ZNF85_1	Follicular_T_Helper	strict_primary	2061	12	2049	0	0	0	skip_motif_no_variation	False												False			False	False		
ZNF85_1	Memory_Tregs	strict_primary	3684	14	3670	0	0	0	skip_motif_no_variation	False												False			False	False		
ZNF85_1	Monocytes	strict_primary	96771	1256	95515	0	0	0	skip_motif_no_variation	False												False			False	False		
ZNF85_1	Naive_B	strict_primary	2702	11	2691	0	0	0	skip_motif_no_variation	False												False			False	False		
ZNF85_1	Naive_CD8_T	strict_primary	2080	13	2067	0	0	0	skip_motif_no_variation	False												False			False	False		
ZNF85_1	Naive_Tregs	strict_primary	77304	149	77155	0	0	0	skip_motif_no_variation	False												False			False	False		
ZNF85_2	Follicular_T_Helper	strict_primary	2061	12	2049	0	0	0	skip_motif_no_variation	False												False			False	False		
ZNF85_2	Memory_Tregs	strict_primary	3684	14	3670	0	0	0	skip_motif_no_variation	False												False			False	False		
ZNF85_2	Naive_B	strict_primary	2702	11	2691	0	0	0	skip_motif_no_variation	False												False			False	False		
ZNF85_2	Naive_CD8_T	strict_primary	2080	13	2067	0	0	0	skip_motif_no_variation	False												False			False	False		
ZNF85_2	Naive_Tregs	strict_primary	77304	149	77155	0	0	0	skip_motif_no_variation	False												False			False	False		
ZSCAN3	Follicular_T_Helper	strict_primary	2061	12	2049	0	0	0	skip_motif_no_variation	False												False			False	False		
ZSCAN3	Memory_Tregs	strict_primary	3684	14	3670	0	0	0	skip_motif_no_variation	False												False			False	False		
ZSCAN3	Naive_CD8_T	strict_primary	2080	13	2067	0	0	0	skip_motif_no_variation	False												False			False	False		
ZSCAN4	Follicular_T_Helper	strict_primary	2061	12	2049	0	0	0	skip_motif_no_variation	False												False			False	False		
ZSCAN4	Memory_Tregs	strict_primary	3684	14	3670	0	0	0	skip_motif_no_variation	False												False			False	False		
ZSCAN4	Naive_B	strict_primary	2702	11	2691	0	0	0	skip_motif_no_variation	False												False			False	False		
ZSCAN4	Naive_CD8_T	strict_primary	2080	13	2067	0	0	0	skip_motif_no_variation	False												False			False	False		
ZSCAN4	Naive_Tregs	strict_primary	77304	149	77155	0	0	0	skip_motif_no_variation	False												False			False	False		
